review_body,stars,product_category
Mini usb cable de carga defectuoso por lo cual se estropearon los usb de las baterias,3,toy
El cable es muy largo y es comodo pero me duró poco tiempo porque el conector microusb se me acabó doblando,2,wireless
Ideal para mis necesidades.,4,home
"Es desigual el color, y mancha. El hilo de rompe con demasiada facilidad y yo creo que viene de menos.",2,home
Los comentarios se hacen cuando uno recibe la mercancía. antes de recibirla es imposible si llega el lunes serán 5 días de retraso,1,watch
"Después de estar esperando a que me envíen el producto 1 mes, me indican que no tienen stock y me devuelven el dinero. Y digo yo....si no tienen para que narices lo ponen a la venta? Impresentables estos chinos que por ahorrarnos unos € luego pasa lo que pasa.",1,pet_products
"Al parecer es un tratamiento a largo plazo, dos meses descansar uno, o dos y dos. La ingesta de más producto no beneficia más, el organismo lo elimina mediante la orina. Si lleva todo lo que dice, beneficioso será. Yo personalmente he notado mejoría, pero lo cierto es que también he retomado la actividad física (bici y gimnasio) que tenía abandonada hace tiempo, y eso también ayuda a encontrarse mejor. Es mi primer bote y le daré oportunidad. Repetiré. Un saludo!!!",4,drugstore
se adapta a mis necesidades,5,camera
"Más pequeño de lo que pensaba, pero estoy muy contenta con el producto",4,toy
"El producto nunca me llegó, no lo he podido probar. Cuando hice el pedido había stock pero una vez pagado me dijeron que se había agotado",1,automotive
Sienta muy bien. Pero el tejido es bastante malo. Le salen bolitas en el primer lavado...,2,apparel
"Muy práctica y fácil de instalar, he comprado una segunda cámara y seguramente compraré alguna mas.",4,home_improvement
"Me gusta la fuerza que tiene,tanto para picar como para hacer taladros.No sirve para taladros delicados porque oscila un poco el cabezal,,pero si para paredes duras o cochera para poner estantes ,por ejemplo. Si que se calienta mucho si le metes caña,pero para un poco y caña de nuevo sin problema. Calidad precio estupendas.",5,home_improvement
Es lo que esperaba de una funda para el móvil,3,wireless
Funciona bastante bien pero es poco el producto en si.Me lo acabé en una pasada.Podrian haber puesto un recipiente mas grande para el precio que tiene.,3,automotive
"Son demasiado grandes, serían ideales para sillas de diseño con el respaldo muy alto y asiento estrecho. Todo lo demás lo cumple, anti manchas, color igual que la Foto..",3,home
"El cable es grueso y parece bien fijado a las pinzas, que son enormes. La longitud NO es la descrita en el producto, si no 3,60 m incluyendo pinzas. Los mangos de cauchos de las pinzas se han salido de su sitio 3 de los 4. Se vuelven a meter y se aprietan, pero es un fallo de acabado. No volvería a comprar.",3,automotive
"Es un champú, que para ser sin sulfatos, hace una espuma suave y no deja el pelo estropajoso. Huele muy bien, a fresco, cítricos, pero suave. Este champú si que tiene sal, así que no se si debe ir muy bien para después de tratamiento de keratina.",5,beauty
Simplemente No las compréis,1,home
"Buena calidad, acabado metálico y da el pego que a fin de cuentas es de lo que se trata. Buena compra",5,electronics
"Es muy bonito y fino. Y la verdad q, está muy bien la calidad y precio. Muy conténta con la compra.",5,jewelry
No puedo opinar sobre él porque todavía no ha llegado.......,1,home
"Mi sorpresa fué que el repartidor de seur, y yo viviendo en un edificio, me dice cuando me ve que no traía ayudante y por lo tanto no lo iba a subir. Me dijo que no le pagaban para subirlo, solo hasta la puerta del edificio. Esta cama pesa alrededor de 40 kilos y para subirla solo por la escalera me las vi negras. Llamé a Amazón y me dijeron que el transporte es hasta la puerta del piso. No sé, la cuestión que terminé tomando paracetamol para aliviar los dolores.",1,furniture
"La he comprado para una acústica que mide 103 cm de alta y 40 cm de ancha, sobra muy poco, 2 o 3 cm mas de guitarra y quedaría muy justa. El acolchado normal, para mí suficiente. Las asas para colgartela en la espalda podría estar acolchadas, se trata de un par de cintas simplemente.",4,musical_instruments
"El producto viene sin su embalaje original y envuelto en una simple bolsa de plástico, parece un artículo de imitación o usado.",1,toy
No se porque aun es tan dificil hacer protectores para los S8 y los Note. Esto es lo peor que he visto.,1,wireless
A mi hija le encantaba y empezó a aprender a girar la manivela pero después de 3 semanas dejó de sonar. Ha perdido todo el encanto. Ahora hay que abrir la puerta para que el muñeco aparezca. Se hizo un uso moderado del mismo.. . No entiendo como duro tan poco.,1,toy
"Es de peor calidad y menos resistente que la original, pero cumple su función.",4,sports
"Un poco pequeña, pero bastante bonita.",5,toy
"Buen producto con diseño bonito, manejable y sencillo. Aunque con bastantes deficiencias, con la luz solar no se ve aunque esté al máximo. Las notificaciones de wasap solo se leen los primeros 13 caracteres y el primer mensaje. No cumple con lo descrito en las características.",2,sports
"Es cierto que pierde adherencia en seguida y que es de un solo uso, pero por el precio que tiene no me puedo quejar. Cumple su función.",4,wireless
Todo perfecto pero una durabilidad muy pobre ya que menos de un año se ha roto la batería y no tengo respuesta del vendedor...,1,camera
"No me han gustado nada.no las he podido usar son muy pequeñas.Normalmente uso una talla 40/42 y no me entraban, la enfermera me las cortó en un lateral aún así quedaban muy prietas e incómodas. Las de esta misma marca pero de rejilla si son comodas",1,baby_product
Compre este producto y me llego a casa un parche para la ropa,1,pc
Está muy chula aunque se le rompió un enganche con la primera puesta .lo tuve que coser a la fuerza,3,luggage
"Utilizo placa de inducción (Siemens) y cuál no sería mi sorpresa con esta parrilla que sólo puedo usarla en la zona circular que mide exactamente igual a la base circular de la parrilla, 18 cm. Si quiero ponerla en otra zona más grande (solo 2 centímetros más, o sea, 20 cm), no funciona, cosa rarísima, pues absolutamente todos los utensilios que tengo para inducción puedo ponerlos en zonas más grandes sin ningún problema. Además tarda mucho en calentarse. ¿Alguien podría decirme el motivo? Por favor, Amazon... No puedo preguntarlo al fabricante en este caso...",3,home
Compra rechazada y anulada por la pésima gestión de entrega (inexistente) por parte de DHL. Muy decepcionado. Nada probable un nuevo intento.,1,electronics
"Sustituye los ambientadores en spray que tenía en casa. Cada día un aroma distinto. Funciona a la perfección. Lo enchufas, lo programas y te olvidas.",4,home
"No encaja en las patillas de mis gafas, así que una compra inútil. Solo apto para algunas gafas",1,personal_care_appliances
Yo le devolví porque era muy pequeño para mi,2,home
"El producto ha llegado en perfectas condiciones, pero es una lástima porque no cubre toda la pantalla del Samsung Galaxy J5 2017. Los lados de la pantalla quedan sin cristal. Pensaba que iba a ser un cristal que cubriría toda la pantalla.",2,wireless
Cumple con la descripción,5,home
"la carcasa es muy opaca, no un poco, y el plástico protector para el teclado es extremadamente opaco, tengo otro de otro fabricante y basta ver la diferencia. Muy mal con la descripción de si es traslúcido o no, una lastima.",2,pc
"Muy bonitos Zapatos muy bonitos, son como los que el fabricante indica. Tardaron dos semanas en su entrega. Pero recomendable. Son muy bonitos",4,baby_product
"Está muy bin que se coloquen de forma anatómica y mejora la comodidad y el sonido. COmo pate más negativa, la caa para guardar los audífonos es complicada y no fácil de quedar como en principio viene",4,electronics
"No es eléctrico y cuando pasa el tren suena sí, pero muy bajito. A mi hijo le encanta igualmente y a mí el hecho que no sea eléctrico es un punto a su favor.",4,toy
Todo ha ido muy bien. Llegó en tienpo y en buen estado. Recomendable. Empresa muy seria. No dudéis en comprar.,4,baby_product
Llego en la fecha prevista y es tal como aparece en la foto. A pesar de tener dos opcions diferentes ( una de diámetro más pequeño y otra más grande) en las manillas de las puerta de mi casa no entra. A pesar de calentarlo con agua caliente no se dilata lo suficiente...,2,home
Hola es Justo lo que dice cumple a la perfeccion muy buen aparato lo recomiendo a todos sin objecion ok,5,automotive
No me a gustado nada instrucciones y el sonido en otro idioma no me da sensación de esterilizar .,2,beauty
La textura es muy buena,5,home
Llego antes de lo previsto Muy suave Tamaño correcto Me llegó como un paquete de correos ordinario,5,toy
"Yo la he usado para que los niños no puedan acercarse demasiado a la chimenea. Está muy bien pero ocupa mucho espacio, por lo que si el salón no es muy grande yo me lo pensaría.",4,baby_product
"Me gustan bastante, aunque la calidad es un poco baja para lo que se espera de una baraja así. También he echado de menos que viniera con el libro de instrucciones (pues solamente vienen las cartas pero sin el libro). Por lo demás están muy bien y son preciosas!",5,book
Falta la funda para protegerla de la lluvia. Espero recibirla cuanto antes,2,camera
"Contento, son más bonitos que en la foto. Buenos acabados con todo detalle. Los recomiendo. Los cajones, botones, compartimentos y cerradura están hechos con buen gusto.",5,furniture
"El formato es peor de lo que me imaginaba, van envueltas en un sobre papel que ya apareció roto en cuanto lo abrí. No lo volvería a comprar, me iría a la versión de caja de plástico sin ninguna duda.",3,other
Buenas opcion para divertirse en la playa o en la piscina. Llego en la fecha indicada y en buen estado.,4,sports
"Muy descontenta con el producto. De mala calidad, tras tres lavados las sabanas tienen unas rayas negras de los hilos.",2,home
"Funciona perfectamente, era un regalo y ha gustado muchísimo a los niños! Como puntos negativos, es que no se puede regular el volumen de la música y puede ser algo molesto. Además dejó de funcionar a las pocas semanas sin saber por qué.",2,toy
"Son muy bonitos, aunque no son los que había pedido. Ya que yo quería negro y blanco, y me han traído rojo y blanco.",3,baby_product
Fue para regalo y le encantó,5,luggage
"Súper fácil de armar y muy liviana, un 10 en eso, pero para mi no fue suficientemente confortable, como siempre, todo cuestión de gustos.",3,sports
me parece muy bonito es bueno suena bien fácil de utilizar solo una pega el nivel mínimo sueno mucho solo eso,3,electronics
"No merece la pena y encima el envío fatal, dos de los tres silbatos, que son de cerámica, llegaron rotos ya que no se preocuparon en proteger lo más mínimo el paquete, y lógicamente no soportaron el envío, e insisto, llegaron rotos. El vendedor oídos sordos.....en fin. Bastante defraudado con esta compra.",1,toy
"Botas muy rígidas nada cómodas, pero que calientan mucho y protegen también muy bien. Para mi gusto la comodidad es primordial y por eso no me han gustado",1,shoes
"No están mal, pero para ese precio, encontré en un bazar chino unas mucho más reforzadas y con mucho más correa para regular la longitud.",3,pet_products
Muy decepcionado con el servicio de entrega ya que se negaron a dejarlo en el domicilio (por no entrar en el ascensor) y lo dejaron en el portal,3,furniture
"Lo compré porque la idea de una ventosa capaz de adherirse a superficies rugosas me pareció un invento genial. El soporte cumple con su prometido, aunque hay que pegarlo bien antes de levantar la palanca que hace que la ventosa se pegue bien, y no forzar mucho los primeros segundos. Lo que me ha decepcionado un poco es que a los pocos días vi que en las típicas tiendas de regalos se han puesto de moda este tipo de soportes, y se pueden encontrar más modelos por unos 6€, mientras este costaba más de 8€ cuando lo compré.",4,pc
"Aún no he abierto la caja porque es para un regalo pero supongo que siendo un artículo de Playmobil vendrá todo correcto. Aún así quiero transmitir mi disconformidad y malestar por el mal empaquetado, como ya otra gente ha referido la pegatina viene puesta directamente sobre la caja haciendo imposible quitarla sin dañar la caja, y además el mensajero me entrego la caja rota como pueden ver en la foto. No hago devolución ya que me corre prisa pero si no lo devolvería sin duda, me parece poco serio que con el precio que tiene no tengan la molestia de introducirlo en una caja.",2,toy
No funciona el mando,1,drugstore
Es más potente de lo que me esperaba,4,home_improvement
El producto no se corresponde con la foto. No es original de xiaomi mi. Ya veremos como funciina a lo largo de un tiempo. Pero repito el producto recibido no corresponde con la foto.,2,wireless
"Queda perfecta lo malo que la mia me vino descolorida como gastada,al ser nuevo el móvil me tuve que quedar con ella.",3,wireless
"Un año y ha dejado de funcionar, me gustaría saber si tienen garantía.",1,wireless
"El pedido llegó en una caja abierta. La caja en la que está empaquetada la abrazadera está dañada por un lado. El anillo en el tornillo de sujeción está arrugado, lo que hace que sea imposible fijar la abrazadera de forma segura sobre la mesa.",2,home_improvement
"Es una buena funda, aunque se le quedan las huellas con facilidad.",5,wireless
"Lo que más me gusta de estos turbantes, son sus estampados tan atrevidos con un toque vintage que puedo combinar con cualquier prenda . La goma es elástica, la cual se amolda a tu cabeza. Al principio aprieta un poco , pero luego la goma cede . Son tal cual las imágenes. En la parte superior, puedo modificar el grosor de la diadema. pues va unida en dos terminaciones, en forma de 8. Recoge muy bien el pelo.",5,beauty
Una opinión de persona con reconocimiento,5,book
"Resuelve el problema de llevar las gafas y las llaves del coche cuando vas a nadar al mar, es muy llamativa y se ve a mucha distancia, además da la seguridad de que si te agotas te puedes coger a la boya. Si tuviese una rejilla para por ejemplo llevar una botella de agua accesible tendría las 5 estrellas.",4,sports
"Para su precio no se puede pedir mucho más. Bueno si, que al menos la batería durase un poco más.",3,wireless
"Suelo usar talla L y es la que pedí. Me ha venido perfecto, ni me aprieta ni me queda grande. Es súper cómodo y se ajusta muy bien, te hace un pecho muy bonito y a parte es muy funcional ya que son para deporte (aunque también se pueden usar para el día a día) y no se te mueven los pechos o te molestan, así que lo recomiendo muchísimo ya que lo tiene todo, comodidad, bonito, barato y de buena calidad!!",5,apparel
Buena calidad precio,5,lawn_and_garden
"La boya interior no cerraba, gracias a Amazon que se hizo cargo de la reclamación porque con el proveedor no llegue hablar y el producto no era malo,",1,home
"Acabo de ""recibir"" el producto, ""recibir"" por decir algo. Un repartidor de Amazon se intento poner en contacto conmigo, y al estar en el trabajo y no poder localizarme, sin intentar dejarlo a algún vecino como en otras ocasiones, LO HAN DEJADO EN LA PUERTA DE LA CASA, EN EL SUELO!!!! cualquiera que hubiese pasado se lo podía haber llevado!!! Una entrega de -5 estrellas que no puedo evaluar puesto que AMAZON no me deja poner estrellas negativas. Sobre el producto poco puedo decir, aunque entiendo que no tiene el vendedor ninguna culpa y que toda la culpa es del repartidor de AMAZON que ha creído conveniente dejarlo en la puerta durante 4 horas hasta que he llegado a casa. Tampoco sé si le falta algo al paquete, ya que este no estaba abierto pero se podía sacar la manguera por el lateral, de hecho así la he sacado. La valoración del producto no la puedo hacer aun puesto que no lo he usado, y con la opinión vengo a expresar mi malestar con AMAZON y con el incompetente del repartidor.",3,lawn_and_garden
"El collar cumple con la descripción del producto y funciona perfectamente, se adapta muy bien al cuello de mi perrita, es una yorkshire de 2,5 kg y de tamaño le va bien, pero no le hace mucho efecto, sigue ladrando.",3,pet_products
"Son chulisimos como dice mi hijo, y qudan genial",5,apparel
Yo me he comprado esta camara para vigilar a la niña(recien nacida) al salir a hacer cosas la puedo vigilar y quedarme tranquilo y como se puede mover la camara mediante la app no pierdo ningun angulo si la coloco mal. ;D,5,home_improvement
"No llego embalado, solo la caja tal y como se ve en la foto. Mandar una placa base tan delicada en esas condiciones, encima del precio que tiene el producto en si, un crimen la verdad!!!!!!!!!!!! Tampoco la caja por dentro viene con proteccion de algún tipo de acolchado.Funciona bien, por ahora no me ha dado problemas.",3,pc
"No es de una calidad excepcional pero sí que es funcional para usarlo ocasionalmente, cumple su función.",4,pet_products
"Super originales, no aparenta, están muy bien",4,baby_product
Por la cantidad de reguladores que había. Gran gama cromática. La calidad buena y los resultados también.,4,office_product
Es de mejor calidad de lo que esperaba. Puesto en la pared todavía se ve mejor. La única pega es que al pulsar echa poca cantidad de jabón pero con pulsar un par de veces es suficiente en la mayoría de las ocasiones,5,home
"Super suave, te arrastra toda la suciedad y como es tan suave no te hace nada de daño.",5,toy
"Me llegó antes de la fecha, de momento me va bien , estoy contento x la compra ,calidad /precio buena",5,pc
Buena correa para reloj xiami mi band 2. Ajusta perfectamente y la calidad es buena.,5,watch
"Sencillamente no funciona. Tengo un Labrador y he lavado sus mantas. Creerme, tenían muchos pelos. No ha quedado dentro de este utensilio ni uno!!! Una verdadera mentira. Muy decepcionada!!",1,home
"Compré este disco por la gran capacidad de almacenamiento y resulta que no funcionaba (Era reacondicionado). Probé con 2 carcasas externas y el disco hacía pitidos cortos cada 3 segundos, ni siquiera empezaban los platos a girar. Devuelto a los 20 minutos de haberlo recibido (tiempo record para mi). Si le doy 2 estrellas y no una, es porque me devolvieron la totalidad del dinero y no me cobraron gastos de devolución.",2,pc
"Perfecto ideal para llevar en el bolso. O meter tarjeta. Los colores muy bonitos, lo recomiendo, llego antes de tiempo",4,luggage
Se me ha mojado un poco en un día de lluvia y se me está levantado las esquinas.,3,other
"Buena compra y facil de usar.La acabo de estrenar con unos nuggets con patatas y las patata finas salen crujientes como con aceite pero al no llevar grasa resulta menos pesada la comida.Al no llevar aceite te puede parecer el sabor distinto al principio. Hay q precalentar 3 minut la freidora y luego poner la comida. Menos mal que pedi la mas pequeña porque es bastante grande.no la esperaba tan grande.Ya llevo mes y medio con ella y estoy encantada es rápida,cómoda no manchas la cocina.Los pimientos asados se hacen rápido y buenísimos y los bizcochos salen estupendos.He comprado el pack de accesorios y es muy práctico .Me alegro de haberla comprado ahora haces comida sana en menos tiempo y manchas menos y no tienes olores en la cocina.Hay que ir probando los tiempos para adaptarlo al gusto de cada uno.",4,kitchen
"El protector se ajusta bien y la parte superior del altavoz lo cubre muy bien pero me fastidia bastante 4 burbujas que no se quitan, cada una en una esquina. Lo puse con mucho cuidado y esas cuatro burbujas me ha sido imposible quitarlas. La pantalla también me ha perdido algo de sensibilidad aunque la protección se nota que es buena.",2,wireless
Moldura de gafas muy frágil y los cristales dan dolor de cabeza,1,drugstore
"Es bonito, lo malo es que con el paso del tiempo se van deshilando un poco",3,automotive
Rapidez en el envio. Quedan perfectas en el aspirador. Recomendable el proveedor. Lo volveré a pedir cuando los necesite. Gracias,4,kitchen
Se ha roto y solo tiene un mes... ¿Que pasa?,1,sports
"producto tal.y como se anuncia,el envio estuvo en el plazo.Todo sin problemas y mas barato que en las tiendas....Perfecto todo",4,personal_care_appliances
"la navaja esta bien pero tiene un defecto y es que los tornillos de la empuñadura tienen tendencia a aflojarse,yo ya he perdido dos y encontrar otros iguales no es fácil, todavía los estoy buscando ya que no solo sujetan los embellecedores si no que también las herramientas adicionales están sujetos a ellos",3,sports
"No me ha gustado porque no lo tengo, pero se han retrasado y eso que tenían aproximadamente un año 10 días de margen",1,watch
YA TENIA UNOS TIRANTES IGUALES EN ROJO,4,apparel
envio muy rapido y sin problemas. la radial es muy manejable al ser fina y con un peso adecuado,5,home_improvement
Es un protector que deja la piel muy grasa,2,beauty
"PRODUCTO PARECE INTERESANTE A PRIMERA VISTA ENVIO MUY RAPIDO Y DESCRIPCION PRECISA DEL VENDEDOR, NINGUN PROBLEMA A PRIORI POR LO MENOS DE MOMENTO",5,electronics
Es una m***** no vale para nada cuando activas el bluetooth te bloquea hasta el teléfono,1,wireless
He usado este producto y me duró poco más de un mes puesto. Cuando lo quité me dí cuenta de que solo pegaba el borde del cristal templado. No lo recomiendo.,1,wireless
"el producto nos llego bien, lo unico que observamos que la pinza es muy endeble y puede ser que se rompa pronto. la parte que sujeta el movil sirve para moviles grandes como note 3 o mate 9 .",4,wireless
"Este dron me ha gustado porque es ideal para iniciarse en el control de drones. Es bastante resistente, le he dado varios golpes antes de cogerle el tranquillo y sigue funcionando perfectamente. Tiene protección tanto en las aspas como en la base por lo que si desciende demasiado rápido o le das con una pared no se estropea. Lo recomiendo si nunca has pilotado un dron. Además, las baterías duran algo más de lo que dicen, unos 7-8 minutos así además de que se recargan más rápido de lo que dicen. Cabe destacar que el mando funciona a pilas pero que te las incluyen, lo que es un detalle agradable.",5,toy
"El embalaje del producto era pésimo, siendo un producto que puede romperse con facilidad las pestañas que posee me parece que el embalaje es nulo, llegó perforado y el producto roto, sin encontrarse la pieza rota dentro del embalaje, por lo que da a entender que el producto perforó el embalaje y se fracturó. Me he puesto en contacto con el vendedor y no he obtenido respuesta, he vuelto a presentar una reclamación.",1,automotive
"No es nada buena, aparentemente cuan nos llegó nos pareció que estaba bastante bien, pero con nada de tiempo de uso está dando un resultado pésimo.",2,wireless
"Muy bonita,fue un regalo para mi pareja y le ha encantado",5,jewelry
"Estás bien, un poco pesado.",4,wireless
"No me han dado el resultado que pone, con lo que precio es caro",2,sports
"Perfecto, en casa está continuamente conectado porque es valido para los tres tipos de moviles que tenemos. Lo recomiendo.",4,pc
"Los sharpies me encantan, los utilizamos para todo y de todos los colores. Van muy bien si trabajas en superficies bien limpias, sin grasa o con una ligera textura, de lo contrario se borra muy rápido y hay que estar repasando, por ejemplo las fiambreras del cole.",4,office_product
"Son de buena calidad y el precio bastante razonable,los recomiendo sin duda, son para el modelo de varilla recta (no de gancho)",4,automotive
"Alumbran bien, un poco menos que las halogenas, y no tiemblan",4,home
"Tiene los acabados de la tela y las cuerdas malos.la casa y el cesto muy pequeña, no cabe el gato",1,furniture
Es muy chula aunque el color de las patas de la mesa Tower no coincide con el color de las sillas Tower. Y es perfecta para 6 sillas.,4,furniture
Comprado hace más de un año y sigue en perfecto estado.,4,furniture
"No me gusta como juego. Los críos lo pasan bien al principio, pero o son casi adultos o es prácticamente imposible que lo puedan preparar ellos. Total, que se convierte en algo para jugar de vez en cuando, porque requiere de un adulto que esté continuamente preparando el juego y ellos solos se aburren. Tiene cierta gracia lo del sensor, pero la calidad de los materiales no es buena",2,toy
con un mes ya ha pasado la grantia de amazon,1,home
"En mi caso, opel vectra c Gts 2005 no vale, no hace presión ni fuerza para sacar nada",1,wireless
No es lo que me esperaba ya que es de tipo goma flexible y buscaba algo más robusto y con más protección,2,wireless
Nunca lo he recibido me habéis devuelto el importe pero no sustituido por otro productor de la misma gana,1,home
Sencillo. No trae demasiadas explicaciones. Muy basico.,3,book
"Bascula muy precisa, la he utilizado para pesar pollitos y la verdad que muy bien. Me ha gustado. La recomiendo",5,home_improvement
Deje un comentario y me lo rechazaron. La crema venía abierta en el paquete de Amazon. Venía sin el típico plástico de seguridad. No lo volveré a comprar. Me siento estafada,1,beauty
Fue perfecta para el bebé. No paraba de moverse durmiendo y con el arrullo no se despertaba.,5,baby_product
"Me llego, y a los 4 dias ya dejo de funcionar, pero fueron muy atento y me rembolsaron el dinero muy rápido, un 10 por su seriedad.",3,pc
"Para el precio que tiene esta muy bien, eso si, si le pones mucho peso de un lado se puede caer.",4,furniture
Guapísimas un pelin pequeñas pero el coche cambia al 1000% 1000,5,home
"Cumple descripción y de momento no falla, en caso de que lo haga cambiaré el voto. Viene muy bien ese ratón extra.",5,pc
El muñeco es como me lo esperaba. Pero ha llegado con la caja arrugada y es para un regalo...,3,sports
Lo voy a devolver. No tiene ninguna marca estetica de uso pero el sensor de proximidad falla de vez en cuando sobre todo en las llamadas. La bateria viene a un 85% de capacidad lo cual es incomprensible ya que no vale tanto poner una nueva,2,wireless
"En la realidad parecen mas bastos que en el anuncio, al menos mi idea era de unos guantes elegantes para vestir y los que he recibido son un poco gruesos, sin gracia. Eso si abrigan mucho y son táctiles. Los voy a usar para hacer deporte. Las costuras están bien acabadas y el tejido se ve resistente. Permite la flexibilidad de la mano.",4,sports
Es un producto falso.,1,home
"Venia mal cosida la cremallera, y no se pudo utilizar, devuelta y pensándome si intentar comprar otra por si fue un defecto concreto",2,office_product
"Buen cristal,pero no cubre totalmente la pantalla del movil.",3,wireless
"Tiene unos gráficos preciosos, muy real, a mi hijo no es el juego que más le gusta pero merece la pena echar el ratillo.",4,video_games
"Me ha gustado mucho. Colores luminosos, fáciles de usar. Muy buena relación calidad-precio. Los recomiendo.",5,industrial_supplies
"Me ha gustado la funcionalidad, pero es demasiado endeble. Hay que tener mucho cuidado a la hora de meter la ropa dentro. Yo me he cargado uno sin estrenar.",3,luggage
"La idea del protector es buena, pero no pega suficientemente bien a la pantalla, el pegamento de los bordes es escaso, además se pierde sensibilidad y no funciona igual el desbloqueo con la huella y la navegación en general.",3,wireless
Ha llegado defectuosa no tiene apenas fuerza...me pongo en contacto con ellos y ni caso ... cada vez peor amazon...antes no era asi en fin,1,home_improvement
"La opción de compra de libros es muy cómoda, en 3 minutos desde cualquier lugar me permite realizar la compra y recibirlo al día siguiente. Simplemente espectacular!.",5,book
"Trípode bastante robusto y de buena calidad, el único inconveniente es la rótula que va bastante pillada",5,camera
Necesitaba unas patas para los somieres y estás son perfectas muy recomendables y un precio excepcional,1,furniture
Para el verano .. no recomendable.. no es nada fresco más bien da calor ...lo único bueno es que está bien acolchado ..,3,baby_product
Un clásico de toda la vida. . huele muy bien encargo de cristal se conservan mejor el olor volvería a repetir,4,beauty
"Cable de bastante calidad. Viene muy buen presentado, en una caja que deja ver que estamos antes un cable Premium. El funcionamiento es perfecto en un televisor 4K UHD con un reproductor UHD.",5,wireless
Elas mallas están muy bien. Se sienten cómodas y aunque se ajustan no aprietan. El único pero que les encuentro es la falta de un bolsillo interior,4,sports
"el articulo es espectacular el reparto todo lo contrario no me lo entregaron en mano lo echaron en el buzon y me lo quitaron y me lo tuvieron que mandar otra vez sin coste para mi gracias a dios , pero me lo volvieron a dejar en el buzon la segunda vez tube mas suerte y pude recojerlo",5,other
Buena relación calidad precio. Hace tiempo que la tengo y estoy contenta con ella,4,kitchen
Se ha descosido por los lados,2,baby_product
Pensaba que era más antideslizante. Poniendo pegado al mueble no se mueve. No es tipo alfombra el agua que cae no lo absorbe quiero decir. Hubiese preferido otro material. Aún y todo queda bien y se limpia fácil.,3,furniture
Es un tejido que no esperaba y no lleva correa bandolera.,2,pc
"No cortar por la línea q marca si no la has cagado pero bien, hay q cortar lo más al final posible para después poder cojer y abrirlas...",3,baby_product
Para ropa de bebé las perchas son muy grandes pero son agradables al tacto y las prendas no se deslizan,3,home
"Lo mejor es enigma, el juego es muy simple y aburrido para un niño de 5 años",2,toy
No cubre el 100% de la pantalla no me a gustado,2,wireless
"Compre esta funda para regalar, le gusto mucho el color y queda como un guante en su ipad air 1. Asi que ha sido una buena compra. Gracias por la rapidez de entrega llego al dia siguiente de pedirla.",4,pc
No me ha llegado todavía el artículo. Imposible valorar el producto porque no lo tengo. Opinión muy mala de momento.,1,home
Funciona muy bien con los aguacates que estén en su punto si están muy blandos o muy duros no tanto aunque si es así los tiro también es un poco difícil de limpiar al menos que lo hagas enseguida se queda aguacate entre las rejas por las partes más pequeñas y no cabe bien el estropajo pero si lo haces enseguida se limpia mejor,4,home
Producto como el anterior comprado excelente,5,home_improvement
Todo perfecto y según descripción,4,furniture
"Ideal para spray de defensa de 12 cm de altura. Tarda en llegar pero merece la pena, resiste muy bien llevarlo en el cinturón, lo aconsejo para funcionarios.",5,sports
No parecen de mala calidad pero pensé que eran algo mas grandes,4,home
"Esta bateria solo ha durado dos meses , enciendo el telefono al 100% de bateria y a los diez minutos se apaga por bateria baja.",1,wireless
"La funda es blanda, poco rigida. Especialmente cuando la coges por el asa, dificultando un poco dificil una buena sujeción. La he devuelto y me han reembolsado el dinero sin problemas.",3,wireless
"No me funciona con el Samsung watch active. Solo carga si lo conecto apagado. Si está encendido, marca que está cargando pero nunca sube el porcentaje de batería y se calienta sin cargar.",1,wireless
"De las 5 pizarras que he comprado, 3 vienen con el plástico que las cubre abierto y sin rotulador... en cuanto a la pizarra, esta bien, tal como se describe en el anuncio.",3,office_product
"Bien solamente de Nueva. En poco tiempo ha bajado la capacidad de la batería muchísimo, a un cuarto aproximadamente de la capacidad inicial.",1,pc
rompio muy facilmente poniendola,1,wireless
"Buena perforadora, aunque a mi no me sirvió para el uso que yo quería darle, cortar papel celofán. Corta el papel normal perfectamente.",4,home
No mucha calidad . Nada mas que decir ¡,3,personal_care_appliances
"Muy mal,la recibí envuelta en plástico dentro de un sobre. En vez de en su caja como pone el anuncio.",1,camera
"Ya he tenido antes otros cortadores, de los típicos, con rueda más pequeña pero no me habían acabado de convencer, al pasarlos no terminan de cortar bien y se desplaza el queso hacia los lados. Así que probé con este con la esperanza de que fuera mejor y ha sido así. La rueda es grande y corta bien sin presionar mucho y me ha gustado la facilidad para lavarlo, se desmonta de manera muy sencilla, las instrucciones están en la propia cajita en la que viene y se lava sin problemas, hasta ahora muy contento.",5,home
"Ideal para colocar botes, lo he puesto en el lavadero.",5,furniture
Muy bien me canta es para mi hijas,4,toy
"No funcionaba, pero la devolución del producto ha sido rápida y sin ninguna pega. Así que miraré otro producto similar",2,wireless
"Conecté un arcón frigorífico pero sólo mide el tiempo cuando hay consumo, (compresor en marcha), así que es imposible calcular el consumo medio ya que habrá momentos en los que el compresor esté parado. Lo he solucionado midiendo el tiempo real con un reloj. Lo positivo es que el tiempo registrado en el aparato da una idea de las horas que realmente trabaja el arcón. No le doy las 5 estrellas por lo escueto del folleto de instrucciones, y por no incorporar una tecla de puesta a cero para iniciar una nueva medida, (hay que usar el botón de RESET y configurar de nuevo el precio del kWh).",4,home_improvement
"Aunque el diseño es atractivo y parece resistente al uso, me temo que tiene varios aspectos que no terminan de convencerme, y mucho menos para un teclado gaming: - Las teclas hay veces que se atascan y está todo el rato escribiendo el mismo carácter, o hay veces que si escribes muy deprisa, deja de escribir y no salen las últimas letras. - Tampoco es cómodo escribir con las teclas tan altas, duras y puntiagudas. - El teclado en sí pesa demasiado poco y se desliza. - Los caracteres iluminados sólo son efectivos si los miras justo desde arriba, mientras que desde una distancia normal sólo se ve la tercera parte del carácter (no muy útil)",2,pc
Estoy muy satisfecho con el bolso. Es resistente y muy útil.,5,camera
lo uso para una caravana con una bateria de 110 y va muy bien,4,automotive
"Muy facil de instalar y configurar todo en cinco minutos, el nivel de sensibilidad para la vibracion en 2 porque en 3 salta sola muy amenudo.",5,home_improvement
"Se lo regalé a mi hija para su tercer cumpleaños (ERROR). Ahora con 4 añitos es cuando empieza a jugar. Se entretiene mucho porque tiene muchas combinaciones posibles. Como dato negativo, pienso que hay demasiadas piezas muy pequeñas. En general contento!!!",4,toy
Llegó antes de la fecha prevista y de tamaño son perfectos para lo que yo quería! El vendedor muy amable al ponerse en contacto conmigo,4,kitchen
"Tengo fundas más rígidas para los objetivos, pero también quería una opción un poco más suave para evitar que les entre polvo, y aprovechar también para usarlos en el cinturón, para poder guardar otras cosas, como baterías, tarjetas etc... La verdad que para el precio que tienen es muy buena compra. tiene buenos acabados.",4,camera
Lo que esperaba. Buenos materiales y bien afilados,4,home
"Limpia bastante bien, aunque no he conseguido una limpieza profunda hasta la segunda aplicación. El problema es que tiene un olor muy profundo y dicho olor dura bastante. Hay que ventilar bien sino es bastante desagradable.",3,drugstore
"muy prácticas para labores de bricolaje, limpieza y jardinería. Son ligeras, prácticas y se adaptan muy bien a la cara.",4,home_improvement
"El inhalador está bien, pero el enganche a la luz no me vino el europeo, tengo que comprar un adaptador",2,personal_care_appliances
Se sale el agua si no deja la botella completamente de pie. Parece que no termina de cerrar bien la rosca del tapón y pone todo chorreando,1,home
"Demasiado grandes y calidad algo que desear, me los esperaba de otra forma, no repetiré comprando este producto nunca jamas",1,sports
Esta un poco descosido de algun lado.,2,lawn_and_garden
"Me gusta mucho, comodo y lo usan facilmente los niños a su gusto. Pica hielo tambien",5,kitchen
Todavía no la he usado pero hice una prueba y aparentemente el corte quedaba genial cuando realice los trabajos que tengo que hacer ya ampliare mi opinión.,4,home_improvement
"Un poco difícil,de entenderlo,.",2,book
Se ajusta perfectamente al cabecero sin moverse y la parte donde va la tablet es ajustable y hace la presión suficiente para que no se caiga ni escurra con los baches.,5,automotive
"si tenéis el oído "" duro"", es un inconveniente, ya que no tiene mucha potencia. Por contra, aisla bastante del exterior, así que si no tenéis problemas serios, es mas que suficiente. Por lo demás, sincroniza fácilmente.... y quizás no tenga unos bajos muy poderosos.... para música no es lo mejor...pero es que para música el bluetooth...no vale en general. Buena compra",4,electronics
Falta de lacado y grieta en la pintura!!! Mal acabado!!!!!,1,furniture
"En general están bien. No son muy robustos, pero son prácticos para guardar cosas que no pesen demasiado. Yo lo he colgado en la pared, aunque el producto no está pensado para eso, pero a mi me ha cumplido con la función que estaba buscando",4,kitchen
"La broca guía para las coronas estrechas vino torcida me parece un producto de una calidad media, esperaba un producto mejor",2,home_improvement
"Estoy encantada! Por ahora solo la he probado con bebidas frías y mantiene la temperatura. Me parece que está súper bien porque además te viene con un cepillo para limpiarla, un funda, una base para que no se ralle, para colgar y unas pegatinas chulisimas!",4,sports
"Me gusta porque si tienes que tirar algo al basura, no tienes que tocar el cubo para nada de momento estoy satisfecha y tiene una buena capacidad.",4,home
"Este productor no es maleable, está muy duro y no he conseguido el efecto deseado. No me ha convencido. Lo siento. Gracias.",2,automotive
"No me gusta,no sé a bien",1,beauty
Cumple la función para lo que lo adquirí,2,electronics
Resulta cutre para el precio que tiene. Cuesta mucho ajustarlo al niño para que no parezca un saco vacío. Mal +.,2,toy
Se queda pequeño enseguida,3,pc
Aceptable pero sin tirar cohetes.,4,other
"No lleva velcro, calidad muy baja.",2,lawn_and_garden
El producto nunca ha llegado!!!,1,drugstore
El color de la foto no se parece al del producto,2,home
Fue un regalo y muy satisfecho Me llegó en 2 días,5,other
"Compré el armario porque las medidas encajan perfectamente en el espacio del que disponía. No es muy grande pero cabe lo necesario, y queda bonito. Llegó con varios golpes en la pintura (ver fotos) y por eso no le doy 5 estrellas.",4,furniture
Muy buena calidad de sonido. Batería duradera. Buena calidad precio,4,electronics
"Es como aceite, sin más.Dura lo justo y un poco menos. No huele y el sabor es bastante neutro, pero deja unas manchas tremendas. La verdad es q no está mal, pero prefiero la textura gel",2,drugstore
"Me decidí por este producto fundamentalmente por el precio y porque la calidad me parecia suficiente. Me ha durado 2 meses. Mientras lo he utilizado, el funcionamiento ha sido correcto.",2,pc
Funciona de 10 y mantiene la temperatura hasta 2 horas más o menos sin bajar sin gotear ni perder,5,home
"Funciona correctamente, ayuda mucho el tensor para el prensado del tabaco, por encontrar alguna pega hace un poco de ruido",4,home
"Encantada, mucha potencia , la usamos de noche y fue perfecto, a la altura de otras mucho más caras.",5,home
"Ajusta muy bien aunque en la zona del sensor de huellas debería tener más espacio, ya que no se puede poner el dedo de forma natural y se pierde tiempo activando el telefono, de resto parece resistente y protege bien el movil",5,apparel
"No es el mejor de los geles de axe que he probado. Muy mal el sistema de empaquetado, uno de los botes venia abierto y se había derramado parte.",3,beauty
"COnjunto que cumple su función para exterior, al no ser de madera(aunque está muy lograda la apariencia)se puede mojar sin problema.",4,lawn_and_garden
"Es la segunda vez que lo compro porque la primera vez fue espectacular, cremoso, con cuerpo y un gran sabor, de los mejores que he probado. En esta segunda vez es todo lo contrario, café muy claro y sale muy flojo, muy malo.",1,grocery
El reloj me ha llegado con el cristal arañado. Parece usado y lo he devuelto. Ver detalles en la foto,5,electronics
"mala experiencia, venia con las esquinas rotas de algun golpe por lo que solicité devolucion del dinero",1,furniture
"En dos meses ya no tenía móvil. Le puse un protector de pantalla que nunca se rompió, no puedo decir lo mismo de la pantalla. Además su funcionamiento no era del todo fluido.",2,wireless
"Buen material, resistente, tiene varias ranuras para tarjetas y un par de sitos para ls fotos, la cadena parece resistente",4,luggage
Dan su servicio. Calidad precio correcta.,4,kitchen
No puedo opinar mucho aun me a llegado hace un par de días recién y no la e utilizado aun lo q si se tardo muchísimo en llegar pensé q ya había perdido el pedido,3,home
"Un retraso de 2 meses,con el paquete totalmente destrozado por fuera,el casco de poquisima calidad,no se corresponde con lo descrito",1,sports
"Unos auriculares muy comodos que suenan bien , le falta tener radio y para meter tarjeta .",4,electronics
"Aviso a navegantes: vigilad que la base de la plancha sea totalmente plana, máxime si tenéis cocina de inducción, de lo contrario, la superficie de contacto es menor y tardará más en calentarse. Por otro lado, las asas se calientan bastante con el paso del tiempo, así que es aconsejable comprar las asas de silicona que hay para este modelo, aunque lo suyo sería que vinieran incluídas con la plancha (en dos pedidos/devoluciones no me han venido, por tanto, asumo que no vienen de serie o que no las quieren incluir por algún oscuro motivo que no alcanzo a comprender). En otro orden de cosas, la plancha se nota sólida y robusta, y como toda esta serie de Tefal (aroma), resulta muy fácil y cómoda de limpiar. Tengo varias sartenes de este mismo modelo y son una maravilla, pero parece que con la plancha he tenido mala suerte.",3,home
Estoy muy decepcionado. La camara no parece estar funcionando. Me da este mensaje : Gimbal motor load too large. Please check if the gimbal clamp has been removed En el chat de DJI support no me dan solucion y acabo de ver que muchos clientes se quejan de lo mismo sin tener solucion de parte de DJI. Estoy de vacaciones y lo mas probable sera ke tenga ke devolver el producto a la vuelta de mis vacaciones,2,camera
"Es ligeramente más pequeño de lo debido. Y es que existen dos variantes del mismo teléfono, el Redmi Note 3 y el 3 Pro que no son exactamente del mismo tamaño, varían unos milímetros de alto. Aunque en la descripción real también que es para el Pro, no lo es, queda corto y no llega a los bordes. Imagino que funcionará igual pero estéticamente es bastante peor. Deberían especificarlo mejor.",2,wireless
Bueno la tela es muy fina tiene poco relleno y al final no me encajo muy bien,3,baby_product
"Me gusta mucho la hora que se proyecta sobre el techo, es un detalle que parece poca cosa pero es una maravilla para ver la hora de noche. Para mi gusto el display es demasiado brillante, aunque se puede regular en el mínimo me sigue pareciendo demasiado pero no es un gran problema tampoco. Llevo tiempo usándolo y no me ha dado ningún problema.",5,electronics
"Merece la pena, les encanta porque mezcla sus dibujos con el maquillaje.",4,toy
"Faltan todas las conexiones de salida, solo son de entrada. Para mí totalmente desaconsejable. No lo volvería a comprar. Le doy una estrella por darle algo.",1,electronics
"Es algo pequeño, pero a mi niña le ha gustado",4,toy
Comodo si te vas a ir de vacaciones y no quieres llevar bolso. Inclusive se camufla bien debajo de una camiseta. El material es suave se ajusta bien a la cintura. Muy aconsejable,4,sports
Fáciles de poner y resistentes,4,automotive
La funda no es inteligente. Mi ipad no se apaga cuando pongo pa funda.,2,pc
"Muy suave, tal y como la esperaba",4,beauty
"Este producto, no es el que adquirí yo,triple strength",3,drugstore
"Tiene buena pinta ,se ve que es bueno",5,home_improvement
El pedido ha cumplido con todas las expectativas y con el tiempo de llegada. Todo perfecto recomendado para la proxima vez,5,sports
Zapatos muy cómodos y elegante s,4,shoes
Me parece demasiado blandito.,3,furniture
"Excelente por el dinero que pagas. La bicicleta es muy buena para la conducción ligera, pero no la recomendaría para ningún sendero de montaña, ya que no tiene suspensión. Fácil de ensamblar, pero si tiene problemas, simplemente eche un vistazo a YouTube y encontrará toda la ayuda que necesita.",4,sports
"Precio extremadamente caro, pero no hay alternativas",1,book
De los productos cosméticos qué realmente responden a las expectativas,1,beauty
Después de casi un año instalada está prácticamente como el primer día. Ha ganado un poco de juego pero parece que aguantará todo el uso que queramos dar. Queda muy bien combinada con el diván Hemnes de Ikea.,5,baby_product
"Se mancha toda la ropa de caca, no absorben bien. Lo único que me gusta es que son suaves y que no abultan. Pero también se queda mojado con el pis.",2,baby_product
que es en aglomerado.,2,home
No llevo ni 2semanas con ella y ya está pelada por todos los lados. Baja calidad,1,wireless
Ocupa poco y no hace mucho ruido en comparación a otros deshumidificación. Lo tuve 2 días encendido y recogió un cuarto del depósito asi que funciona bien. Lo malo que al tercer día no se encendía. Medio la tensión en el transformador y parece que éste se ha roto. A ver qué solución me dan y si vuelve a fallar eso u otra cosa.,2,home
"NO xe pegan bien, con lo que duran muy poco. La calidad no es buena.",2,wireless
Quita todo los olores y deja limpio deposito Tenía olores de desagüe y han desaparecido Muy buena compra Lo recomiendo,5,automotive
Son muy bonitos. Me los compré para una boda. Lo peor de todo es que al no llevar forro me empezaron a desteñir las uñas y parecía que las llevaba sucias .,2,shoes
"No me ha convencido nada, me ha resultado incómoda . Sin Embargo cogi de otra marca y me ha ido genial.",2,drugstore
"Muy recomendable para los PAS. Es un libro fácil de leer, yo acabo de terminarlo y voy a darle otra vuelta, creo que puedo sacar mucha información positiva para mi y para explicarle a mi entorno",5,book
Son bonitos y quedan muy bien,3,lawn_and_garden
Bien .un poco fuerte,4,personal_care_appliances
"Sirve,pero son muy pequeñas",2,home
No me a gustado muy fina,2,wireless
"Super tarjeta, tengo varias de 8 y 16 con esta no te llevas la sorpresa. la marca de las mejores",5,pc
"Después de un mes de uso diario, la carcasa empieza a mostrar un desgaste considerable en las zonas con más roce.",4,wireless
Buena calidad precio,4,furniture
"Le doy un 3 porque se repiten dos de ellas , con lo cual solo hay 4 diferentes",3,toy
"Buena calidad, merece la pena.",5,office_product
Es una mala imitacion del original de apple,1,electronics
"Teclado de pésima calidad, pulsaciones dobles, teclas que no funcionan, software complicado comparado con los de la competencia. Vengo de otros teclados Corsair, como el K95 Platinum, que tenía un sin fin de problemas... solo hay que poner en Google, ""corsair k70 issues"" y veréis... No lo recomiendo para nada.",1,pc
Velcro pequeño y muy ancho,2,sports
El bolígrafo escribe mal.,3,kitchen
"Le falta mucha calidad al producto, me esperaba otra cosa para el precio que tiene, que aunque no sea muy caro no deja de ser fieltro.",2,pc
Hace su función pero la calidad no es muy buena tras varios meses de utilización perdía algo de agua por arriba,3,home_improvement
"La he comprado para los purés de los niños. Bate de maravilla y se limpia fenomenal. Al principio estaba muy duro y costaba desmontarla una vez habías terminado de usarla, por con los usos ha ido mejorando. Muy buena compra",5,kitchen
"Supongo que el articulo es funcional y practico, pero las medidas no se ajustan a lo que anuncian por lo que no me vino bien y tuve que devolverlo.",2,sports
Está muy bien para llevar en un bolso ya que ocupan poco. Perfectos para usarlos en oficina. La calidad me pareció correcta.,4,sports
De precio un poco caro. Posteriormente he visto en una juguetería piezas similares bastantes más baratas sin estar en oferta. Hay que comparar más. Amazon ya no es lo más barato como hace unos años.,4,toy
Es tal y como pone en la descripción y el precio más bajo que he encontrado.,5,drugstore
"Diseño muy bonito, es muy suave pero le veo una pequeña pega. Al estar relleno de semillas el peluche pesa demasiado. Además, en este peluche no se puede extraer el saco de semillas para poder lavar el peluche.",3,home
Es más pequeño y enclenque de lo que parece en La foto,3,furniture
"La mochila es ligera y tiene múltiples bolsillos para guardar objetos de varios tamaños. No es muy fuerte, se descose con facilidad tanto las gomas elásticas que sujetan el caco como las cintas que sujetan los bolsillos laterales.",2,sports
"He comprado a través de Amazon varios Biberones de este tipo para uso profesional. La marca Lacor es una de las mejores en artículos de pastelería, las mangas desechables son de lo mejorcito que hay. Sin embargo este producto no está a la altura de la marca ni de lejos. Tras varios días de uso intensivo la boquilla comienza a tener fugas en el punto de unión con la botella y es necesario cambiarlo por otro. Pero como digo, para usar en casa es un producto ideal y muy recomendable.",3,home
"He seguido las instrucciones como indica el fabricante: 60Ml leche, 60 ml de aceite de oliva, 2 huevos y esta harina. He precalentado el horno a 180, y las he puesto 25 min. Han sacado las magdalenas un buen volumen, pero el olor y sabor es horroroso. Huele mi casa muy fuerte, como a algo tóxico. De sabor igual o peor. uff",1,drugstore
"en principio fácil de colocar , el problema viene al poco tiempo , y es que no aguantan pegadas casi nada de tiempo , se caen , en mi caso lo utilice para coger un cable fino en el techo y al poco tiempo se han ido cayendo casi todas y lo que es aun peor , las hay que se cayeron y dejaron pegado el adhesivo blanco en el techo cosa que no seria mucho problema si no fuera el techo negro",2,electronics
"Los automáticos muy bien, la herramienta para ponerlos muy mal porque no cierra del todo, por lo que hay una partes del automático que se queda sin cerrar. En mi caso no tuve problema porque lo puse con otra herramienta que tenía para colocarlos. En resumen: de este producto solo salen rentables los automáticos.",3,home
"Malísimo. Es muy pequeño y no tapa la pantalla por completo. Además, no pega bien, ni siquiera en la parte plana del cristal.",1,wireless
Se retrasa mucho o alomejor ni te viene,1,beauty
Lo dicho. Buena compra. Drena bien el sudor y no se empapa.,4,sports
Ha llegado antes de lo previsto. En perfecto estado. Según lo esperado,5,camera
Perfecta en el material y en el diseño adaptándose completamente a mi A50,5,wireless
Se abre de la punta como si fuera un cabello,3,home_improvement
"La silla está muy bien, es super manejable y la bolsa inferior es muy grande con fácil acceso. La única pega es que el manillar se dobla cuando quieres subir una acera.",3,baby_product
Cuanto mas la estiras mas inestables es. Es para montarla y extenderla lo menos posible xq no tiene topes,3,home
"Aún no conozco la durabilidad. Encaja perfectamente, pero viene sin ningún tipo de toallita limpiadora y sin embalaje, solo el sobre de envío",3,wireless
"Estoy satisfecha con el gel lubricante, destacar que el jugo de aloe vera es de cultivo ecológico. Al ser acuoso es muy fácil de limpiar por lo que sólo con agua se van los restos de gel. Además el suave y dulce aroma a Aloe Vera hace el ambiente más íntimo. Ideal también para masajes corporales.",5,drugstore
"Práctico, para no rayar la pantalla",4,watch
"Diseño muy bonito, se adapta perfectamente a la mano y es impermeable. De talla venía perfecta así que no puedo decir nada malo de esta compra.",5,apparel
Calidad mala del producto,1,wireless
"Llevo varios meses con esta lámpara y me gusta bastante, tiene infinidad de colores y el volumen bastante alto a la hora de escuchar música (sin distorsionar tanto como yo esperaba). Es una buena compra para decorar o tener una luz tenue en tú habitación, pero no esperes leer con ella porque no da tanta luz",5,wireless
"Un desastre. Primero, el tamaño no es correcto para un A2 lite. Si cuadras bien el agujero de la cámara frontal sobra un poco de protector por la parte superior y no queda bien, aunque era pasable. Pero A LA SEMANA se empezó a despegar por un lado. Eso es lo que ha durado. Un vergüenza que se venda esto.",1,wireless
Vamos que ya tiene 6 y medio y aún lo tiene en la estantería sin leer. Lo compré porque tenía buen precio y él devora los libros pero éste no sé por qué no le ha entrado por los ojos...,2,book
"El grifo ha funcionando perfectamente durante 6 meses, a partir de aquí no giraba la parte móvil, lo he podido solucionar aflojando el tornillo trasero y sacando la parte superior del caño y aplicando vaselina. La pieza que aprieta el grifo es una llave tan grande que no puedes meterla entre el vaso y la pared.",3,home_improvement
Sale una ralla en los laterales del folio.,2,office_product
Se sale el café al servirlo . No se puede meter en lavavajillas. Nada recomendable,1,home
Perfecto para el megane classic si eres manitas te ahorras un pico de factura de taller.,4,automotive
A mi bebe de 10 meses le ha encantado. Las ilustraciones son muy simpaticas y es fácil de manejar para los niños,5,book
"Me gustaron mucho en casa, después de conseguir el sellado correcto eligiendo bien las almohadillas la calidad del sonido me pareció excelente. Muy cómodos, pesan poquísimo. Los controles bien. Ahora, al salir a la calle, con la mínima interferencia, el sonido se corta constantemente. He probado con todos los ajustes posibles sin éxito. Creo que es un problema común, que he visto mencionado en otros sitios. Me dio pena, pero los tuve que devolver.",3,electronics
Correcto con la descripción. Contenta con la compra,5,baby_product
"Cumple con su función, es de gran capacidad y protege bien su contenido. Compra recomendable.",4,pc
"Es barato. Es la mejor opinión que puedo aportar. No realiza un trabajo de gran calidad y depende de lo que se le exija. No dan duros a 4 pesetas, y menos a 1.",2,home_improvement
Me salieron pelotillas en algunos en muy poco tiempo,3,home
Lo use para una peluca. No se si porque no sabía o por el propio producto se me quedaba horrible. Se veía por todos sitios,2,beauty
Un funko como cualquier otro,3,toy
Buen diseño e ideal para el espacio,5,home
"Me ha gustado porqe es discreta y cómoda. No me han gustado las notificaciones...no tienes opción para cambiar el icono, todas las notificaciones tienen el mismo icono, sabes qe es un WhatsApp, wechat, sms o email porqe lo pone en letra...con una app no oficial puedes cambiar algún icono, telegram, wechat...pero el icono de whatsapp no lo encuentro y tienes qe tener las 2 aplicaciones instaladas. La bateria no dura tanto, pero es de las pulseras de actividad que más dura.",4,sports
"estan bien pero nada del otro mundo, cumplen.",3,home
"Envase práctico, por tapón con varios usos. Lo malo que te deja la cara como si tubiera una capa de plástico.",2,beauty
"El cristal me llegó bien embalado y con todos sus complementos. Sin embargo, aunque parece de buena calidad, no es en absoluto anti-huellas y además parece un espejo de lo que refleja. Entre las huellas y lo que refleja, me cuesta leer lo que pone en la pantalla.",2,wireless
"Al niño le encantó. Pero es un poco pequeña, y las ruedas de las imágenes no giran suavemente, se salen con facilidad. El juego seria para un niño de 3, 4 años, pero su manejo lo hace para 5.",3,toy
Al día siguiente ya se empezó a romper. No lo recomiendo.,2,pc
"El producto es de buena calidad pero le quita respuesta y sensibilidad a la pantalla y los botones capacitivos. Fácil de poner y encaja bastante bien sin dejar apenas cristal sin proteger. Pro: buen material y acabado. Contras: empeora la respuesta y sensibilidad de la pantalla Después de unos meses de uso hubo que quitarlo porque la poca respuesta al tacto de la pantalla empeoraba la experiencia de uso, no respondía a la primera bastantes veces",2,wireless
Me llego con la pestaña que sujeta la kinect rota :_S,1,pc
Buen producto aunque no es todo tal y como pone de comentario de producto es un poco graso,2,drugstore
Es cómoda y se me ajusta muy bien.,3,sports
"¡NO COMPRÉIS! Me había fijado en los buenos comentarios y buenas referencias a la hora de comprar ""muy cómodo, blablabla"". Pero NO. Me siento estafado, al subir al avión la viscoelástica se vuelve durísima, como una roca. No te puedes ni apoyar. Totalmente inútil. Una lástima que haya tirado la caja, porque quería devolverlo (ya que tan sólo lo utilizo para viajar en avión).",1,home
"Dicen que tiene bordes curvados y cubre todo la pantalla, lo que te hace pensar que se adaptara perfectamente. Es cierto que cubre toda la pantalla pero se queda hueca en 5 mm por el contorno . Publicidad engañosa, por lo menos",2,wireless
No tienen buen sonido ni de salida ni de entrada,2,electronics
Esto no era lo que yo quería ya que es un rastrillo que tienes que arrastrar las migas hacia tu mano y para eso lo puedes hacer con un trapo y recoger las migas yo buscaba un cepillo recogemigas que es lo que compre y va.estupendo el cepillo pero este rastrillo la verdad es que no sirve para nada y lo tuve que devolver,1,kitchen
"El dije es muy bonito. La cadenita es muy simple, lo más probable es que cambien el dije a otra de mejor calidad.",4,jewelry
"Muy buen producto , para mi nieto.",4,shoes
"Se queda muy bonito y sexy puesto, te lo puedes ajustar al cuello por lo que no es problema si tienes el tiro alto como yo, trae un antifaz y el paquete es muy discreto, no se ve nada del interior.",5,apparel
Mi pedido ha llegado roto y aunque está en buen estado el interior creo que no se ha tratado correctamente.,2,pet_products
Se adapta muy bien al patinete . Resistente a la lluvia.,5,electronics
"Descontento con el acabado. PRO: La textura es suave y suficientemente acolchado como para proteger la funda de AirPods. CONTRA: Sin embargo, no encaja a la perfección, la zona de la tapadera es más grande de la cuenta y se suele salir. Además, no abre con la misma facilidad que sin la funda, se queda a la mitad y tiende a cerrarse. Resumiendo: protege la funda pero se pierde la comodidad y usabilidad.",2,wireless
Las dos primeras salidas comparé los registros con la app de strava del smartphone y eran iguales. A partir de las tercera salida ha dejado de dar una lectura correcta de la altitud. Lo bueno es al pasarlo a la app strava la altitud se corrige.,4,sports
Lo use para acceder a señales satélite digital,2,other
Este soporte cuando lo recibo me resulta confuso la aplicación ya que la parte azul del neopreno por el tipo de cosido se tiene que quedar rozando la piel y la parte negra del neopreno con todo el cosido y entramado queda a la vista. por experiencia en otros productos en neopreno siempre la parte azul quedaba a la vista y la parte negra en el interior. Quitando esta circunstancia y después de darle varias vueltas logre colocármelo.Espero que dure un tiempo pues es muy floja.,3,personal_care_appliances
"Antes en el conjunto de calidad/precio me hacía repetir la compra en varias ocasiones , pero después de casi duplicar el precio buscaré otra marca. La primera vez era un producto plus (tienes que gastar 19€ para poder comprarlo) luego subieron menos de 1€ y dejo de ser plus y el otro día lo dejé en el carrito y al día siguiente lo habían subido",3,drugstore
Esta bien pero no es facil de quitarlo para lavarlo.,4,baby_product
Un libro en perfectas condiciones. Como nuevo. Muchas gracias.,5,book
"Para el precio que tienen no está mal, pero la calidad deja mucho que desear y a demás no me entraron bien por que son muy gruesas y el disco no me entraba",3,sports
Es demasiado líquido y se seca pronto,2,drugstore
muy bonito y manejable,4,luggage
Llevo esperando un mes y medio a recibir un portabotellas para bicicleta y aun no me ha llegado. Me he puesto dos veces con el vendedor y no he recibido ninguna respuesta.,1,sports
"Ajusta perfectamente, un poco duro al principio. Es un producto que recomiendo, sabiendo que los ajustes de enfoque y valor de exposición son manuales.",4,camera
Entrega rápida y agil. Batería de primera calidad. . . . . . .. . . . .. . .,5,electronics
"Calendario muy práctico para familias numerosas, las seis columnas nos permiten a cada uno de los miembros de la casa incorporar nuestras actividades y compromisos de modo que de un vistazo estamos al corriente de lo que hace cada uno. El producto está bien presentado, el único pero es el gancho superior que debería ser más consistente.",4,wireless
No es estable tiene mucha variación con el ajuste.,3,wireless
"Barata y como un guante, se ajusta perfetamente al telefono, el envio fue rapido como el protector de la pantalla.",5,wireless
"No quita manchas, si no que siguen igual o más oscuras Yo creo que es crema auto bronceadora",1,beauty
"Totalmente estanco, buena calidad, buen diseño",5,home
las encuentras mas baratas en tiendas especializadas!,3,pet_products
"Tamaño perfecto. Me llegó algo doblado de una esquina pero me lo quedé. En general buena opinión; lo peor el rotulador rojo que no se borra demasiado bien con el propio borrador del rotulador, no obstante, queda perfecto tras utilizar una bayeta. Sin duda, volvería a comprarlo. Ahora toda la familia sabe si hay citas médicas, reuniones en el cole, excursiones...",5,office_product
No me ha llegado...después de 1 mes de espera no me ha llegado.,1,home
"La mochila es justo lo que pone en el descriptivo. Se adapta y es cómoda por ponerle alguna pega, al tener los anclajes de la correa en los laterales, la mochila se vence hacia delante, no queda equilibrada. Pero aún así es muy cómoda.",4,sports
Las pilas tardan mucho en cargarse y muy poco en descargarse,2,home
"La calidad no es mala, se escucha bastante bien, puedes variar la intensidad de brillo y los números son grandes pero todavía no se como poner el modo despertador: sigo los pasos de las instrucciones que venían y adjuntas no va el modo despertador. Si a alguien más Le pasa y sabe como solucionarlo decirlo porfa(mediante una opinión o como sea, gracias). Por lo demás va perfecto.",3,electronics
"No está mal y parece que los datos que aportan son bastante exactos, pero me ha fallado el Bluetooth y no podía descargar ningún dato. Es algo ancho para una muñeca pequeña.",3,sports
"Mas esquineras son un poco pequeñas y alguna ya se me ha despegado con facilidad, al igual que la tiras de seguridad, he colocado 4 y una no ha terminado de pegar correctamente, la proteccion del enchufe es correcta, de momento va birn, pero es un enchufe que no se usa, todo es un ni.",2,baby_product
"Bueno, pues me han durado menos de 4 meses. Puntualmente me daban problemas con el micrófono, hasta el punto de tener que desconectarlos y volver al modo ""manual"" para poder mantener una conversación con el teléfono (android). Lo último ha sido que de estar funcionando bien ambos auriculares, sin razón alguna, el auricular derecho ha dejado de funcionar. No encuentro ni posibilidad de garantía ni de devolución, con lo que no recomiendo en absoluto su compra. Saludos",1,electronics
esta bien. hacen su uso,3,office_product
"Encantada con la piscina, es grande, súper cómoda y la estamos disfrutando mucho. Muy recomendable",5,lawn_and_garden
A mi hija le ha encantado,5,toy
"Se ajusta bien al colchón pero al tener costuras se notan incluso con la sábana puesta, me hubiese gustado más que fuera completamente liso.",3,baby_product
"El base coat va muy bien, se extiende muy bien y el esmalte se agarra fenomenal pero el top coat creo que me lo han enviado defectuoso, está super espeso como pegamento, hace hasta hilitos y es muy difícil de aplicar correctamente. Además no cura bien, tres minutos bajo la lámpara y los laterales no curan ni a tiros. No vale la pena comprar el pack entero.",2,beauty
"Si buscas un dispositivo para el control horario en tu empresa y no te quieres gastar un dineral, este es tu dispositivo. Fácil de utilizar, hay tutoriales en Youtube que te ayudan a entender el funcionamiento. Es básico, pero para cumplir la normativa te sirve: control horario de entradas y salidas y poco más",4,pc
Muy buen libro me ha encantado la historia y para el numero de paginas que tiene el precio esta bastante bien,5,book
"Agujero de la cara muy pequeño, impide tener buena visión",1,automotive
"Me parece caro para la resolución que tiene este aparato,me parece una porquería,no coge ninguna señal y no sirve para nada.",1,pc
Buena calidad. Igual que la foto,5,pc
Pensaba que era el relleno y es la funda únicamente,1,home
"Funciona muy bien, lastima que al activar y desactivar el contestador solo te lo diga en Alemán, pero bueno te acostumbras a oirlo jajaja",5,wireless
Bastante mala calidad y mala adherencia a la pantalla en las zonas de los bordes. He tenido que reemplazarla ya.,2,wireless
"Muy contenta,facil de limpiar y queda muy original la cocina moderna.",5,home_improvement
Se rompió al segundo día.,1,wireless
No cubre toda la pantalla. Tramito la devolucion ya.,1,wireless
"servicio rapido, muy buen producto, llegan muy rapido.",5,sports
Tienen un buen diseño y no son muy grandes para la potencia que tienen. Los compre para un compañero de trabajo al que le gusta la caza y me comenta que le gusta más que los que tenia anteriormente.,5,automotive
"Cortan bien,son robustas y llegaron muy pronto.",5,home
"No es lo que esperaba, el envío perfecto y rápido, sin ninguna incidencia pero no volveré a comprar el producto",2,home
Todo correcto y en poco tiempo estamos muy satisfechos,5,home
pequeñas no me sirven,2,home_improvement
"Genial, aunque no se sabe hasta la recepción del paquete que traje te ha tocado.sorpresa Hasta el final. No pudimos elegir",3,toy
Un buen teclado por un precio económico que para la gente que no quiera gastarse más en uno es una buena opción ya que cumple su cometido perfectamente,4,pc
"Lo compré para poner un proyector encima, y al final he decidido colgar el proyector del techo, así que de momento no la voy a usar, pero no la voy a devolver porque montada queda muy bonita y elegante. Los materiales son buenos y resistentes. Muy contenta con ella.",5,electronics
Silla cómoda y fácil de montar.,5,home
"Las bolsas son de muy b buena calidad, no se rompen y resisten muy bien. Ideales para perros y gatos",5,pet_products
Está bien para el uso urgente.,3,electronics
perfectas las compré para el cole y gustaron mucho,4,toy
Quedan bien en cualquier parte de la pared,5,furniture
"Muy buena compra,me gustan muchísimo",5,jewelry
"Tuve que devolverlo porque la sensibilidad a la que responde es bastante baja, y el receptor del golpe es más pequeño que el plástico que lo recubre, por lo que tienes que ser demasiado preciso teniendo en cuenta que esto es prácticamente un juguete.",1,musical_instruments
"Si eres fan de asterix este cómic te encantará igualmente, gracioso, único e incomparable, así son los cómic de Asterix. Se podría esperar que con los años fueran perdiendo un poco de fuelle, pero a mi me gusta cada día más, de los últimos tres puede que este sea el mejor. Llego perfectamente envuelto y sin marcas. ¡Uno más para la colección!",5,book
"El paquete de amazon vino abierto, por los dos lados ademas. Cuando se paga un envío rapido el empaquetado es esencial, y en este caso no lo fue",2,drugstore
Ha llegado en perfectas condiciones y antes de tiempo.,5,baby_product
"Excepto algún pequeño desperfecto en la pintura, tanto en color como en tamaño y articulación está muy bien",4,video_games
He recibido ayer el calentador en la caja marca que es 110v 220v pero el aparato que he recibido es 220v y punto. Ha tardado aproximadamente 25 minutos en calentar pero el plástico se calienta mucho y creo que no es normal.,3,beauty
Para ayudar en la enseñanza del niño.,4,toy
"Decepcionado, lo compre para moler semillas y no vale. Caen prácticamente todas sin moler, imposible de ajustar.",3,kitchen
"Tal y como se ve. Hay que tener en cuenta que es el modelo grande y que aunque cabe en el camión de la patrulla no es el tamaño adecuado para este. Eso si, este modelo tiene algo más de movilidad y el muñeco es individual a la excavadora.",5,toy
Da fallos y se queda sin batería enseguida,2,toy
"perfecto, envío muy rápido cumple con las expectativas,buen material, correcto para el uso deseado. muy recomendable es ideal para piscinas",4,toy
"Muy buena recepción del GPS. Pantalla con los datos muy claros. Solamente como inconveniente, todavía no le he cogido el truco para que me grave las salidas en bici y pasar a Strava.",4,sports
"Colores bonitos, tacto agradable, es suficientemente grande para servir de bragas del cuello y si lo enrrollas mas sirve de diadema, muy contenta con la compra, muchas bandanas a un buen precio y la calidad es adecuada",3,apparel
"Se ajusta perfectamente al iPad y al lápiz, coinciden perfectamente las ranuras de carga y auriculares. etc. Tapa resistente, que no pesa y los imanes funcionan muy bien. Color muy bonito y un buen acabado. Buena relación calidad precio Muy buena compra.",4,pc
De larga duración no tiene nada!!!!,2,beauty
"El banco es ajustable a distintas alturas, aunque bastante engorroso para cambiarlo. Además puede resultar incómodo si llevas mucho tiempo sentado. No se puede pedir una maravilla por este precio, por eso para alguien que quiere hacer el apaño al menos le servirá.",3,musical_instruments
"GPS funciona a ratos, normalmente muestra que mi hijo esta a 500-600 metros de donde realmente esta. Definitivamente no cumple con lo prometido, y por el precio se espera bastante más.",1,wireless
"Fue para un regalo , y quedaron contentos , sin bueno sigue siendo un smarth watch normalito , pues ver las notificaciones pero no responder",3,wireless
"Es la segunda funda de Otter Box que tengo. La primera estaba compuesta por dos fundas negras, una blanda y otra dura que cubrian las entradas de audio y del cargador. El movil parecia un bloque pero estaba muy protegido. Al romperse los tapones de audio y cargador de la funda, decidí comprar la funda transparente de Otter Box. Apariencia: mas elegante que la primera ya que se vé el móvil. Resistencia: tiene pinta de muy resistente aunque me gustaria tener los tapones para tapar el audio y el cargador. (El móvil se me ha caido una vez a la bañera y gracias a los tapones no le pasó nada.) Inconveniente: con la funda dura transparente, subir o bajar el volumen es muy difícil. Me quedo en la lucha del diseño que me gusta más que el anterior y la mejor protección del primero.",3,wireless
"Compre esta bateria para el iPhone 5s pensando que por el precio seria una buena bateria y despues de lo costoso y arriesgado que es cambiarla, veo que no se trata de una buena bateria y que dura un poco mas de la que tenia gastada, pero no tiene nada que ver con una bateria nueva de iPhone. El precio es demasiado elevado para el tipo de bateria que es.NO lo recomiendo",1,electronics
EL artículo es muy mono por fuera pero las fundas se despegan nada más meter las tarjetas... cuatro se rompieron la primera vez qaue intenté sacar las tarjetas y el resto va por el mismo camino... No lo recomiendo en absoluto...,1,luggage
No esperaba que el material fuera tan poco consistente. Esperaba un producto más robusto. Por eso me he decidido a devolverlo y a comprar otro que me ha parecido más conveniente.,1,home
No ha resuelto nada. Gasté todo el bote en un avispero que tenía en la terraza y no hizo nada.,1,home_improvement
"Inicialmente tenía dudas de qué la foto, cómo ocurre en muchas ocasiones, no fuese lo luego viniese en el paquete. La verdad es que es igual que lo que puede apreciarse. El colorido es muy potente y puestos quedan genial. Lo compré para un regalo y dispuesta a repetir para mi misma. Genial relación calidad-precio.",5,jewelry
"Las bolsas están bien pero al lavarlas en la lavadora y secarlas en la secadora encogen. Tendré que plancharlas, al final doble trabajo",3,shoes
"Es lo que se ve, una buena taza para beber y para sacar una sonrisa a quien la ve y que tenga gatos.",5,home
"Buen producto, buena calidad",4,electronics
El perchero queda muy bonito y es muy original.,5,furniture
Esperaba algo mas con respecto de otros que he tenido...,2,home
Han llegado antes de la fecha prevista pero el embalaje no me parece correcto. Los aplicadores son de la marca de la foto pero venían en una caja mal encintada de otra marca supuestamente fabricados en USA... Valoraremos cambiar la votación si el producto responde a lo ofertado,2,beauty
"Muy bonito , es tal y como esperaba. Recomendable",5,home
"Aguanta, pero se inclina algo en la barra de deslizamiento con el peso de 5 jeans de chica y el deslizamiento es más duro. Pero las hay mucho peores.",4,home_improvement
Para el precio que tiene me esperaba muchísimo más de este champú. El olor bien pero muy sutil. Al precio que tiene creo que la calidad debería de ser más alta.,3,beauty
"Esta bien, vino un mosqueton mal y otro faltaba pero por lo demás calidad bien, la cremallera de la bolsa estaba regular pero nada que preocupe. Hace buen trabajo y lo volví a comprar.",3,automotive
"Los colores, rojo y negro, deberían verse un poco mejor. En general un buen producto.",4,sports
Producto devuelto por ser defectuoso.,1,wireless
"Buena compra sobre todo si tienes lesiones de muñeca , lo compre por que empezaba a tener dolores en la muñeca y han ido bajando desde que lo uso ,relación calidad precio muy buena",5,pc
Mala experiencia ! Los botones laterales no funcionan.,1,watch
"tienen un par de meses y uno de los dos lados ha empezado a hacer un ruido raro, un leve zumbido cuando suenan tonos medios.",3,pc
El producto es tal como se describe. Lo compre para mi hijo y la verdad es que ahi va funcionando a la perfeccion. De momento 0 problemas. Los materiales plasticos son de buena calidad. Creo que la compra fue ACERTADA.,5,drugstore
"El paquete nunca llegó y no me devuelven el dinero, ni si quiera contesta a los mensajes...un estafador!!! Consejo: no le compren nada!!!",1,office_product
"El puzzle es fantástico, muy entretenido, pero muy decepcionante que después de numerosas horas de trabajo descubras que te faltan dos piezas y se queda incompleto. Creo que educa debería currarse un poco mas el control de calidad de su producto, y hacerse responsable de las estos casos. He puesto la casa patas arriba y no han aparecido. Un puzzle incompleto no sirve para nada.",1,toy
Esperaba que fuera mas alto. Mi bebe tá está en lá última medida,4,baby_product
"Está bien, aunque es pequeña. Me parece decorativa y entretenida. Hay que tener cuidado, ya que la bola es de cristal",4,home
El producto me resulta caro teniendo cuenta lo que es,1,toy
"Nada no repito , no mejoré ningún dolor , y me producían dolor de estómago acidez",2,drugstore
"Puse el chocolate como se indicaba en las instrucciones, pero al cabo de 3 segundos se salía por unos orificios que tenía. Es mejor comprar otro más bueno por tan solo 10 euros más.",1,toy
"Este es el segundo que compro, ahora para la suegra.....en general va bastante bien. El único pero es que cuesta un poco plegarlo.",3,luggage
"La batería iba estupendamente, todo estaba bien presentado, y tenía la capacidad que anunciaba. Pero desde hace dos días el móvil se queda en 100% de batería y se apaga, apareciendo el signo de que no tiene batería y necesita cargarse. Cuando lo conecto al cargador me aparece la manzanita y me pone otra vez que tiene 100% de batería. Hoy ya ni me enciende el móvil. La conclusión es que nadie da duros a 3 pesetas, y que mejor comprar la original ya que mejor malo conocido que bueno por conocer. Ahora a estar sin móvil hasta que me llegue la batería original y 22 euros tirados a la basura.",1,electronics
Es fácil de leer y entretenido,5,book
No se abre y se escuchan las llaves dentro,1,automotive
"Han llegado unos cuántos LED iluminando en blanco, sólo 4 a razón de 1 por cada tira. No es muy acertado en los colores si lo conectas a un controlador RGB que no sea propio. Menos de una semana ya se había despegado el adhesivo.",3,home
"ME ha gustado mucho, es casi igual que el original. Pesa muy poco",5,electronics
"La funda en sí es poca cosa, es muy fina pero por el precio y la función que le tengo que hacer me va bien.",3,home_improvement
Es como indica. Con doble cremallera en los dos compartimentos superiores y una en el inferior. Compartimento principal con separador y compartimento delantero con un par de bolsillos para cosas menudas.,4,sports
"Durante 9 meses perfecto, buen sonido. A partir de ahi, no suena",2,home_improvement
"Calidad precio más que recomendable para tu niño , lo compré para la niña por tener alguna de un poco de más calidad y esta es más que suficiente",4,musical_instruments
"El paquete llegó antes de lo que indicaba , a los 11 días. La tela del tankini de buena calidad y es exactamente igual que en la foto pero la talla algo justa de pecho y sobre todo de braguita. Yo cogí una XL, normalmente uso una 44 de pantalón y una 95C de pecho (por si os puede orientar), tendría que haber cogido una XXL. Muy buena relación calidad-precio.",4,apparel
"Funciona perfectamente pero es delicado, se me cayó una vez, y no de muy alto y ya va mal. Anteriormente tenía otro y era más resistente",2,sports
"Quizá sea yo el problema, pero en algunas ocasiones se me ha pegado la masa a la rejilla y ha sido difícil despegarla y limpiarla, aún así muy útil para que la pizza quede crujiente por debajo",3,home
Le noto falta de potencia.,3,kitchen
"Algo tan sencillo puede suponer tener que tirar un aparato. Por este precio, hemos salvado ya más de una herramienta y funciona exactamente igual que nueva.",5,home_improvement
"Es como esperaba, desempeña su función",5,home
"Lo he devuelto porqué la pantalla pierde sensibilidad en los bordes y se nota mucho al escribir. El vendedor no me puso ninguna pega y no tuve ningún problema para la devolución aunque estuviese usado, lo cual es de agradecer, por eso le doy 3 estrellas y no 1 que es lo que el producto merece según mi experiencia con el.",3,wireless
"No me ha llegado el producto, pero si el e-mail de valoración del producto. Así que descontenta, sintiendolo mucho. Es la primera vez.",1,wireless
"Alumbra menos de lo esperado!!! No alumbra lo que pone, maletín de plástico me ha llegado roto. Esperemos q no se rompa pronto.",2,home_improvement
A mi sobrina de 4 años le ha encantado. No paramos de jugar. Es muy divertido,5,toy
"Esperaba algo más flexible, que se pueda doblar bien, pero es un poco rígido y no acaba de convencerme del todo para el uso que quería darle.",2,home
Tiene buena pinta pero no es compatible con windows 7. Así que no puedo dar más datos del producto porque lo devolví.,3,wireless
"Fácil manejo, buena calidad de sonido. La primera vez que avisa de batería baja, es para apagarse al momento, por lo que recomiendo cargarlo antes de salir si vais a estar bastante tiempo entrenando.",5,electronics
No se puede beber bien,1,home
"Todo funciona como deberia, las baterias funcionan perfectamente, lo recomendaria",5,camera
Me encanta nivel máximo. Es hiper suave y no pierde pelitos. Sin duda recomendable y la volvería a comprar mil veces.,5,beauty
"Lo uso principalmente para retrato, ya que tiene un bokeh muy conseguido.",5,camera
Sólo he recibido el pantalón. Es demasiado grande. Muy fino y solicite la devolución y todavía no lo han recogido,1,sports
Para los amantes de los maltes ahumados es una muy buena opción sin pasarse de presupuesto.,5,other
"Aunque no me ha llegado todavia el movil, he comprado la funda primeramente con antelacion. Esta funda parece ser de calidad, ya vere que tal va.",5,wireless
Típico libro que en las primeras 20 páginas ya sabes como terminará.,2,book
"Estoy super decepcionada con mi vape pen, lo compre hace pocos meses y lo he usado en ocasiones contadas.... lo he cuidado muchisimo, y siempre cambiandole la resistencia a su debido tiempo. De un dia para otro el boton para accionar se empezó a quedar pillado, se accionaba solo y empezaba a humear, y justo a las pocas horas despues de eso dejó de funcionar... el boton no se enciende, no funciona, como si no tuviese bateria... he probado a cargarlo y nada.... ha muerto! 30 euros a la basura!!",2,drugstore
"El producto cumple con la descripción, una buena compra. Totalmente recomendado.",4,drugstore
"Me decidí por una cámara IP porque al final solo empleaba el vigilabebés en una habitación de todo el piso. Ahora podemos ver los dos al nene desde nuestro móvil. La calidad de los materiales es buena e la configuración inicial es muy fácil e intuitiva. La verdad es que me sorprendió, pensé que era todo más difícil, pero ya el qr para descargar la app y el otro qr para configurar la cámara me dejaron gratamente sorprendido. Puedes girar arriba y abajo, e izquierda y derecha la cámara, lo que le da mucha versatilidad. La calidad de imagen es buena con mucha luz y con poca luz, y el sonido también es bueno. Me gusta que pueda seleccionar solo un área de la imagen para que muestre alertas (solo marco la cuna), así que estoy muy contento con la compra.",5,camera
Relación calidad precio excelente. Aún no lo he usado pero tiene muy buena apariencia. Los materiales parecen de buena calidad y el sistema de cogida a pared que tiene está muy bien ideado. Creo que ha sido una buena compra.,4,wireless
Compramos estas cajas para la decoración de la entrada de nuestra boda y acertamos al 100%. El tiempo de entrega fue el esperado y la calidad del producto excelente. Lo recomiendo!,5,home
"Super comoda.Bonita y practica.Nunca quito el reloj por lo que me ducho,baño con ella y perfecto.Buena calidad precio",5,wireless
Me decepcione pensé q era otra cosa y enseguida lo hizo y para como lo he visto en otra tienda por 2 euros,1,toy
relación calidad precio ok,4,apparel
"El mueble esta bien por el precio que tiene. Pero tuve que pedir un reemplazo porque el espejo me vino roto. El reemplazo vino en pésimas condiciones lo que es el empaquetado y con una esquina del marco del espejo dañado. El mueble está bien y de calidad aceptable por este precio, pero deberían mejorar el embalaje y más aun incluyendo un espejo. Si lo tendría que volver a comprar me lo pensaría más que nada el tema que he comentado.",2,furniture
"EL PEDIDO LLEGA UN DÍA QUE NO COINCIDE CON EL ANUNCIADO POR EL REPARTIDOR A TRAVÉS DEL CORREO, POR LO QUE SE TIENE QUE HACER CARGO DEL MISMO UN VECINO. LLEGA CON EL EMBALAJE DEL VENDEDOR Y LE FALTA UNA PIEZA QUE ES LA BASE PAR SUJETAR EL ÁRBOL.NO ESTOY SEGURO DE QUE NO HAYA SIDO ABIERTO ANTES DE LA ENTREGA. LO HE DEVUELTO Y NO PIENSO PEDIR NADA MAS A ESTE VENDEDOR.",2,home
"La zapatilla es más pequeña de lo esperado, tengo otras del mismo fabricante (NIKE) y misma talla y estas son más pequeñas, incluso con los calcetines más finos resulta corta y aprieta por delante (de anchura van bien).",3,shoes
En la foto se ve bastante claro como esta! Como cliente de amazon estoy muy decepcionado.,1,office_product
para mi ha sido un engaño,4,luggage
"El producto bien, pero por el precio que tiene debería de mandarse con la tarjeta de memoria SD.... sin la tarjeta resulta bastante más caro que en una tienda tradicional.... Gracias",2,pc
"Cumple su funcion, tiene cuerpo, me gusta pero quizas el protector tendria que ser mas eficaz, penetra el agua facilmente y la mano que utilizas se moja facilmente, por lo demas lo veo muy practico. Con el mismo esfuerzo que con una bayeta normal, limpias el doble y secas el doble.",3,home_improvement
"Aunque la correa es preciosa de apariencia se despelleja y agrieta bastante en las aperturas, haciendo necesario algún repunte adicional.",3,musical_instruments
"Al poco tiempo de uso, la bateria debe de ser mala y no tiene autonomia, ai que estar cargando seguido, cada vez aguanta menos tiempo encendida.",2,home_improvement
"Estoy empezando a probarlas, llevo tres días, pero de momento no noto nada raro, y bueno espero que produzcan los efectos que dicen en su prospecto. Gracias",4,drugstore
"El arnes del perro es de mala calidad, se ha roto a los dos dias",1,pet_products
"La cerradura es bastante sencilla de montar, yo la tengo montada en la puerta de valla que da a la calle y hay veces que falla, y tengo que abrir con la llave, por otra parte la app para Iphone esta en alemán únicamente, con lo que es bastante complicado usarla si no conoces el idioma, en Android esta en versión inglesa y con ella es con la que hemos configurados los menus. No somos capaces de programar el cierre y apertura automatico que tiene, para que a cierta hora la puerta se eche la llave, por ejemplo a partir de las 23:00 horas y que se quite la llave a las 6:00 horas",3,home_improvement
Libro curioso en el que aparecen acontecimientos sucedidos en el año de nacimiento correspondiente,4,book
"El armario está bien, es útil y aunque la funda es de plástico, este tiene la suficiente calidad, pero lo malo es que tiene aberturas grandes abajo, por lo que entra polvo.",3,home
El sonido cuando se recibe una llamada es casi inaudible.,2,home_improvement
No funciona... lo he utilizado poquísimo y desde hace un par de meses ha dejado de funcionar... El vendedor no responde a los correos...,1,electronics
Accesorios bien hechos con buenos detalles.,5,toy
"Tiene un tamaño perfecto, se agarra muy bien. Pela la piel del tomate fácilmente.",5,home
"Lo esperado, calidad normal, portada de cartón.",4,book
Me ha parecido una compra excepcional. cumple con mis expectativas de compra. una opcion de compra recomendable.. recomendable la compra....un saludo,3,home_improvement
El producto era el esperado y todo ha sido muy correcto.,5,kitchen
Lo pedí y nunca me llego,1,drugstore
Calidad media bien para su precio,4,furniture
"Me ha encantado, se aísla del ruido estupendamente y se escucha muy bien",5,electronics
"El neceser está genial; tiene todo lo básico recogido en un pequeño estuche. Por ponerle una pega, las cerdas del cepilllo se caen con mucha facilidad.",4,baby_product
El sonido es muy debil. No se escucha con suficiente potencia. Espeaba mas.,2,electronics
"No me gusta la hebilla es muy incomoda y todo el rato tiene que volver a asegurará, cierre incómodo. Lo demás genial, muy bonito y calidad aceptable",3,watch
"El servicio fue rapidísimo, pero la verdad el producto deja bastante que desear. El film se corta antes de proteger nada. Por ese mismo precio consigo algo mucho mejor en el chino del barrio.",2,office_product
"El punto M es muy fino, no pesa y escribe suave",5,office_product
"no es lo que pedí, he recibido uno sin trajes de fiesta. Aunque como sean como los pequeños a la basura van.",2,toy
"Es de muy buena calidad, la cuestión del tamaño es sólo una impresión de los padres...",5,baby_product
"Es muy silencioso y merece la pena gastar el dinero en un producto robusto como éste ventilador. Funcionando no vibra ni tiene ningún tipo de oscilación y reparte bien el aire. La segunda velocidad es la más ajustada, la primera es quizás demasiado lenta. Recomendable si buscas calidad.",5,home
Quitando que el repartidor no me lo dejo en el portal en la lluvia... estoy contenta cin la compra.,3,furniture
Está bien es una cafetera!!!!,2,kitchen
Es muy cómodo. Genial.,4,furniture
No he recibido el artículo comprado. Estoy comenzando a creer que es una estafa.,1,pc
"Por el precio no se puede pedir más. Buena funda aunque le falta protección en el lateral donde tiene la tapa, pues queda al descubierto. Al no poder quitar la tapa no es del todo cómoda, aunque cumple su función. A los dos días se partió/rajó por una esquina...",2,wireless
"Buena calidad si tienes normalmente un 40 con ese modelo mejor un 41. Para mi son un poco duras a nivel del talón, falta una mejor amortiguación.",3,shoes
Dicen que me lo han entregado y yo no he recibido nada y además no tienes donde reclamar.,1,jewelry
"Va de lujo, justo para lo que quería, te marca el estado de la batería si está cargada del todo, mitad, o minima",4,automotive
Pone que es un pack de 3 cables y solo vienen 2. Menudo timo. Además de vez en cuando sale un aviso en el iPad de que no es un cable original.,1,electronics
"Ha quedado muy bonita, aunque montarla necesita maña y paciencia. Por dentro se aprovecha al máximo el espacio. He montado un estante arriba y el triangular, que deja la mitad de hueco libre, más bajo. De esa manera tengo dos estantes y siguen cabiendo el cubo, la fregona, el cepillo de barrer y el recogedor. Es verdad que la puerta se queda encajada y cuesta un poco abrir y cerrar, pero como escobero en un rincón del balcón hace la función perfectamente.",4,home_improvement
Un disfraz bien acabado,5,toy
"si hubiera que poner una pega, que apenas cabe más que el ordenador y sus complementos: cargador, usb... apenas un pequeño cuaderno y un bolígrafo",5,pc
Calidad precio esta bien,4,pc
"No son nada del otro mundo, la verdad que por ese precio poco se puede esperar!!",3,wireless
La verdad es que me está sorprendiendo este libro porque no me esperaba que iba a ser tan bueno.,4,digital_ebook_purchase
Calidad precio inmejorable.,5,luggage
La batería dura muy poco menos de una hora,2,home
"Aproximadamente 1 año despues, se ha aflojado y pronto perderá su elasticidad. Esperaba que hubiera sido mejor la tela.",4,apparel
"Meses despues de recibirlo al ponerme a montarlo compruebo que faltaban algunos tornillos y algunos agujeros para el montaje no estaban hechos por lo cual para poder montarlo había comprar tornillo, tuercas y hacer agujeros con taladro y broca de metal.",1,home_improvement
"Demasiado pequeña. Cuando la recibimos, nos sorprendió lo pequeña q era",3,office_product
No cubre las grietas,2,home_improvement
Envio rapido pero pesima calidad y me vino con una mancha rosa..... Para que la quiero transparente si me va ha venir con manchas?,2,pc
"Compré esta agenda porque consideré que por el precio ofrecía una buena planificación pero la realidad ha sido muy diferente. La calidad del papel es muy mala, ni siquiera incluye planning mensual ni portada para cada mes... es muy básica y la calidad deja mucho que desear. De hecho, un simple boli Bic traspasa de una página a otra al escribir. He tenido que comprar otra agenda porque no podía pasar el año con esta. No repetiré",1,office_product
"Buen producto a un coste muy bueno, el envio super rapido y bien atendido . . . . . . .",4,electronics
Es bueno y fácil de poner.,5,pc
"No puedo estar más contenta con la compra , no tardaron nada en llegar el pedido y tal cual en la foto",5,wireless
"La verdad es que me ha sorprendido gratamente la calidad de la pantalla, vengo de un ips LG de 1080 y la mejora se nota bastante, de momento muy contento con la compra. Se echa de menos que no tengo soporte VESA pero ya lo sabia cuando lo compre.",5,pc
"Es una pena que un juego tan bueno tenga tantas equivocaciones ya que las traducciones son la mayoría erróneas. Cómo fan de el señor de los anillos, no se lo recomendaría a los que les gusta.",3,toy
"Decia que llegaba el dia 20 y no ha sido asi, a ver si me llega el lunes 23, porque despues de estar casi un mes esperando...",3,home_improvement
me gusta mucho el color aunque esperaba una mayor proteccion por los laterales,2,pc
No talla real pequeño y nada que ver con la foto. Una desilusión. No volveré a comprar ahí. Tardo en llegar.,1,home
Lo unico malo es que con el uso se le van cayendo los cuadraditos del apoyo para la espalda.,3,baby_product
"Llevo unos cuantos meses con él y he de decir que en general estoy muy contenta. Únicamente le encuentro una pega que me ha ido surgiendo, pero no es especialmente relevante: de vez en cuando, cuando arranco el pc, el ratón no me funciona y he de desenchufarlo y volverlo a enchufar para que funcione (no sé si alguien más ha tenido este problema). Por lo demás, creo que es muy buen ratón. Espero que dure :)",4,pc
"Muy frágiles, endebles casi. No se ve el número cuando te llaman y al descolgar ya te contestan",3,wireless
El producto no me llego nunca. El vendedor me devolvió el dinero,1,electronics
"Yo pensaba que solo funciona si estabas dentro de la misma red wifi, pues no puedes encender y apagar las luces desde la otra parte del mundo con tu móvil, muy útil para simular que estás en casa y evitar robos en vacaciones por ejemplo En cuanto a la luz, más que suficiente para iluminar un salón de tamaño medio, también se puede programar encendido y apagado automático... Recomendado",4,home
"Aunque en material es plástico (excepto la cuchilla) cumple con su cometido. Su tamaño no es muy grande pero funciona bastante bien. La compré porque se le vi a un amigo y me pareció que, por el precio que tiene, tendría que probar. La verdad estoy satisfecho con el artilugio.",4,home
Justo lo que buscaba.,4,toy
"CUMPLEN SU FUNCION PERFECTAMENTE, AUNQUE SON UN POCO COMPLICADAS DE PONER. ADEMAS ME LLEGARON ENSEGUIDA. POR PONER UN PERO, EL ENVOLTORIO: IBAN EN UNA BOLSA. PERO BUENO, COMO DIGO CUMPLEN SU FUNCION",4,beauty
Son más prácticas de manejar que el alfiler clásico. Vienen presentados en una cajita muy cómoda. Ha tardado en llegar pero en general contenta con la compra,4,home_improvement
Después de montarlo lo volvimos a montar y lo devolvimos. Calidad pésima,1,furniture
"Juguete bastante resistente a mí perro le encanta porque bota y se vuelve loco, el único pero q te mandan el que ellos quieren, a mí me tocó un cerdo rosa",5,pet_products
Se olle muy bien pero se ajusta mal al oido y se cae fácilmente,3,electronics
"Buena impresora para una oficina pequeña, muy ligera y muy pequeña, es más pequeña de lo que parece en las fotos. El cartucho que trae dura muy poco.",4,pc
Es original eso lo dice todo,5,kitchen
"Acabados premium, calidad de sonido lowcost. Tal y como comenta otro usuario, se acopla un ruido enorme.",2,pc
Cumple su función básica y estética.,4,home
"Fácil de montar, ni 10 min. Tablero se le ve robusto y con buen grosor. Madera de las patas tiene buen acabado.",5,furniture
"Atencion: la política de garantía de Amazon a cambiado. Es mi última compra, antes sus productos realizaban el reembolso automáticamente, ahora tienes que pelearte con el fabricante.",1,pc
Es el 2 que compro y el segundo que el pulsador se rompe y ya no hace el click para que salga la llama,1,home
No me funciona como puedo reclamarle,2,kitchen
El tacto es agradable. Deja la cuna como nos dirá y acogedora pero da MUCHO CALOR!! Mi bebe suda un montón. Vale la pena gastarse algo más y tener un cubre colchón mejor y que no de calor.,3,baby_product
"No es lo que creíamos, demasiado largo creíamos que era tipo abrigo y es una tela muy muy larga. Decepcionado",1,baby_product
"Me da incompatibilidad con todas las teles de casa. Sólo va en el ordenador, y aún ahí hay veces que da error y hay que repararlo con Windows. Un fiasco.",1,pc
Excelente relación calidad precio. Buena terminación del producto.,4,pc
"Envio rapido, buen empaquetado, no me gusto la caja pero bueno. Todo los botes en perfecta condiciones",5,beauty
"Fácil de coger para un bebé de 3 meses gracias a todos los aros, y tacto muy agradable para llevárselo a la boca sin embargo NO SUENA tal y como dice en la descripción, válido como mordedor pero no como sonajero",3,baby_product
"no hay mucho que decir son capsulas para la dolce gusto,vinieron perfectamente empaquetadas,en un periodo de tiempo muy rapido .",5,grocery
No aguantan las ventosas,1,home
"Llevo una semana utilizándolo, hasta ahora bien, tanto manejo como funcionamiento.",4,other
"De momento, sin problemas. Por el precio que tiene muy recomendable",4,kitchen
"Mal acabado, me costó mucho sacar todas las burbujas, la imagen pierde calidad, a los pocos días los sensores de proximidad fallaron por una suciedad inexplicable",2,wireless
Es muy cómoda y práctica. El único pero que le pongo es la cazoleta de silicona que si bien funciona bien me da la sensación que entra poco tabaco,4,drugstore
"Justo lo que esperábamos, cómo lo esperábamos y muy rápido en llegar. Muy contentos con la compra, seguro que repetimos.",5,toy
"Buena capacidad, funcionamiento silencioso y no se calienta en exceso durante su uso. Una buena opción de compra.",5,pc
Se adapta bastante bien a la pantalla. Producto correcto,4,wireless
Llegó un día después de lo esperado. Se deshace muy bien y rápido.,5,beauty
Muy buen acabado. Pero dura muy poco la bateria. Para trabajos de 10 minutos,2,home_improvement
"Un coche ""increíble"" al niño le encanto, por las vueltas que da y le entretuvo muchísimo. Pero... necesita mínimo 4 horas de carga para que al menos funcione 15 minutos, por lo que no gusta nada, porque cuando más entretenido está ZASCA. Después de casi 2 semanas de uso, la batería no dura apenas 5 minutos. Por lo que el niño ahora tiene un trasto de 30€ que ya no le sirve como coche teledirigido.",1,toy
"Me encantan, muy suaves,olor super agradable, mucho mejor que dodot",5,baby_product
En puerto tipo c solo sirve para cargar la batería. No carga móviles.,1,wireless
"Basta de decepcionado la verdad, era un regalo para mi novia. El esmalte no dura mas ni cubre mejor, y o la lámpara uv no es uv, o los esmaltes no reaccionan, pero no secan ni de lejos como las de los profesionales... es como cualquier otro esmalte",1,beauty
El paquete llegó perfecto pero un de las barras llevaba un golpe. Me corría prisa tenerlo asi que me lo quedé pero con la sensación de que lo han metido con golpe a sabiendas,2,home
"Lamentablemente, después de sacarlas del estuche unas 15 veces, las gafas se parten de en medio. El plástico no aguanta tanto y se parten por la mitad. Sería mejor que reforzaran el puente que une las lentes o bien el estuche que obliga a doblarlos cada vez que se guardan y se sacan. Es una pena tirar el dinero así......",1,apparel
"Buen objetivo calidad precio... Pero lamentable la fecha de entrega y la falta de información... Fecha de entrega era del 19 al 21 de Julio y me ha llegado hoy día día 24, sin saber en estos días donde y cuando me iba a venir... Muy mal, o por la empresa que adquirí el objetivo Duke Trading, o la empresa de transporte, Correos Express.. Aunque al final Amazon tendrá algo que ver.... Se que no va servir de nada pero espero que no traten de esta forma ya que yo pague en su momento poruqe así lo piden, porque no el día que corresponde",1,camera
"Las medidas no encajan con la versión plus. Es un simple plástico, esperaba algo un poco más robusto y consistente.",2,wireless
"Perfecto, me gusta mucho",5,baby_product
NO ESTOY SATISFECHO DE LA PÉRDIDA,3,sports
"Cumple con el propósito para el que lo compré. Por ahora no ha sufrido con el grabado, y su aspecto es correcto.",4,jewelry
El mango es cómodo y el peso que tiene está bien. Tal vez debería tener un poco más de base de impacto en algunas circunstancias.,4,home_improvement
"Eficaz producto para la limpieza de vinilos, lo recomiendo sobretodo para limpiar los viejos discos de vinilo que tienes guardados.",5,musical_instruments
Son lo que buscaba. Se ven muy robustas y cumplen con la descripción.,5,home
Diseño estupendo muy logrado pero afilar no vale es mi opinion,3,home_improvement
Es un telilla de nada que ni siquiera se queda en el sitio.,1,apparel
Es lo que se ve. Un juguete práctico y divertido para los peques. El único problema es que hay que tener cuidado con los palitos porque los bebés se pueden lastimar.,4,toy
Tuve problemas con la primera entrega que no se recibió y tuve que anular el pedido. Volví a cursar un segundo pedido y éste me llegó sin problemas.,4,pc
Muy bonitos y elegantes. Me han impresionado. Una buena compra.,5,jewelry
Jugamos todos. Desde 4 a 70 años,5,toy
"Lo que son 3 jarritas de plástico pero más delicadas que el cristal, cuidado si se caen se les rompe el asa o se rajan.",2,home
"No me ha servido, el adeshivo no pega bien y queda desajustado. Tuve que quitarlo el primer día. Totalmente insatisfactorio.",1,sports
"Lo hemos devuelto, la talla de 5 años ha resultado súper pequeña para mi hija de esa edad.",2,toy
"Relación calidad_precio buena, aunque la verdad que la suela no está acolchada y hace un poco de daño al finalizar las clases de salsa.",3,shoes
Los niños encantados,5,home
"Es el mismísimo juego del ordenador, creía que habrían mejorado los gráficos o algo. El juego en sí está bien, pero se queda corto para los que hay ahora.",2,video_games
Aún llevo poco como para notar resultados,3,beauty
Las compré para coser con lana y muy bien,4,home
"El trípode no esta mal, es fácil de usar, pero el acabado es un tanto tosco y al final el poco uso ya se le nota, con lo cual me da a mi que voy a tener que usarlo para poca cosa. El soporte para móvil ha muerto. Probare con otros modelos.",3,camera
No encaja con exactitud a la pantalla y aparecen burbujas entre protector y pantalla. No he podido aprovechar ninguno de los dos protectores que vienen en la caja. Lamento la experiencia.,1,wireless
"Es un juego muy divertido, pero no cambia apenas con el anterior a él, solo cambian los jugadores y poco más. También hay que tener en cuenta que al ser un juego de PlayStation 3 del 2018 tiene muchos bugs y errores, pero apenas afectan a la experiencia de juego.",4,video_games
"El pedido llegó a tiempo, con muy buen embotellada y la agenda muy chula. Solo que pensaba que era agenda escolar (de septiembre a septiembre) y es anual de enero a enero",4,office_product
"Apretan un monton, tendrian que haber tallas si tienes los dedos finos perfecto",3,beauty
"Compre el colchón en 2016 y la verdad esque se puede dormir muy bien pero se ha hundido un poco. Duerme una persona de menos de 70kg, asi que imagino que para dos personas o alguien con más peso se le hundirá más rapidamente. También es cierto, que da mucha calor por las noches. Yo le doy de tiempo unos 3 años más.",3,furniture
Los colgantes son preciosos pero el materíal de casi todos son de una especie de plástico. No todos son de tela. Aún asi son muy bonitos,4,jewelry
"Buena calidad, bastante grandes",4,home_improvement
"Genial servicio de entrega, el producto esta bien, no se le puede pedir mucho a esta ram, seguramente me pille algo mas potente, pero en general esta muy aceptable. Recomendaría gastar un poco mas y como mínimo elegir un par de gigas de ram",4,electronics
Después de un rato de funcionamiento se apaga y hay que darle de nuevo al volumen para que funcione. Por lo demás todo correcto,3,toy
Baja calidad en materiales pero por el precio que tiene tampoco se le puede pedir más. Tarde en montarlo un buen rato.,2,toy
"no me ha gustado que no traiga la toma de corriente para el mechero del coche como dicen las instrucciones,donde explica como cambiar el fusible adicional,algo que no viene en el paquete,¿el fabricante podria proporcionarme uno?,muchas gracias.",2,automotive
Mi hijo está encantado....es perfecto si lo pillas a buen precio...más grande de lo esperado,4,toy
"Los he comprado para Hacer deporte y los uso para correr, el sonido es muy bueno, son muy ligeros.",5,wireless
"No es de acero ,llegó bollada contacto con el vendedor muy bien y respondio al las pocas horas me devolvieron el dinero sin problema gracias recomiendo vendedor",2,home
"El libro ha llegado de un día para otro pero viene un poco estropeado. La portada está un poco doblada por las esquinas y trae el forro transparente de la misma portada un poco despegado también por las esquinas. No lo devuelvo porque es para mi hermano y tampoco importa mucho, pero si fuera un regalo lo tendría que devolver. Espero que la historia le guste!",3,book
Estupenda y adaptación perfecta,5,sports
NO LA RECOMIENDO. NO FUNCIONA BIEN LA PANTALLA TÁCTIL. HACE BURBUJAS Y SE RALLA ENSEGUIDA. COMO PROTECCIÓN SI ES RECOMENDABLE.,1,wireless
"La compré re acondicionada y es nueva pero no venía con la carcasa subacuática así que reclamé por teléfono al número de Amazón y un empleado en perfecto español me lo soluciono en minutos dándome a escoger entre devolución o reintegro de 10 euros, cosa que acepté.",5,wireless
"Hola, precio y calidad muy muy bien. La entrega muy rápida. Gracias. Buenas tardes.",4,home
"Necesitaba una cama para cuando vinieran visitas y está ha cumplido las expectativas. A destacar el inflado y desinflado que se hace automáticamente, todo un lujo. Dos personas duermen cómodamente en esta cama. Todo un acierto para cuando se tiene visitas en casa.",5,sports
"Llevo utilizándolo 2 semanas y estoy cada vez más contento con él. El tener compartimento para zapatillas con rejilla al exterior es ideal. Pero además la tapa se abre totalmente, dejando muy accesible y visible la parte central, al ser bastante rígida la estructura. Los materiales muy buenos y todo muy bien pensado: p.e. el fondo del suelo está plastificado impidiendo así que si lo colocamos en un entorno mojado cale. Muy comodo de utilizar en el vestuario. El espacio para la pala más que suficiente.",5,sports
Me falta la maqueta de la caja que no viene dentro,3,other
El anillo es muy bonito y queda perfecto.,5,home
"Es más grande de lo que me esperaba, luego la calidad de piel nada..",3,luggage
Me ha encantado tiene potencia y no son como los barateros que se cae la pieza cada vez que intentas cortar verdura,5,kitchen
"Llegó un día antes de lo esperado, aunque el repartidor lo tiró por encima de la puerta sin entregarlo a nadie, nos lo encontramos tirado en el suelo. perfectamente embalado, y el producto muy comodo, ligero y sonido aceptable.",3,wireless
"Hola siento poner un voto neutro, en principio el producto es bueno, lo he atornillado a la pared y sostiene el proyector, el Problema es que la parte que regula la inclinación se ha roto es decir que el proyector progresivamente se inclina hacia abajo, esto ha empezado a pasar desde El Segundo mes, tendré que ver ahora como me las apaño para que no se baje.",3,electronics
Bastante contenta. Era para regalo pero yo también lo probé. Cumple su función.,4,sports
Muy blandito. Se quedan los disparos marcados y abollado.,3,sports
No se pueden introducir los kms ni el tiempo totales que pudieras llevar anteriormente.,2,sports
Me ha llegado todo bien y antes de tiempo!si que se nota que no es acero quirúrgico...que son de calidad un poco cutre...pero para el precio que tiene esta bien👍,3,jewelry
Nose si sería mi movil o la batt. Pero seguía sin durar la batt.,3,wireless
"Lo compramos para hacer un regalo de cumpleaños y la persona le gusto mucho. Viene con pilas y interactua al tocarlo en varias zonas. Un minion gracioso,ya podian ser mas baratos.El tamaño es grande.",4,toy
La funda se ajusta perfectamente al teléfono pero a la hora de subir o bajar volumen y el botón de encender y apagar cuesta mucho pulsarlos,4,wireless
Después de dos meses esperando no me ha llegado la fecha de entrega era el 11 de abril y a día de hoy 5 de mayo no me ha llegado,1,pet_products
Me ha decepcionado mucho el empaquetado. La caja vino golpeada. Y la maqueta y algunas piezas como se ve en las fotos venían rotas.,2,toy
En la descripción pone que es compatible con Windows 10 y en las instrucciones pone que es para Mac 10.,1,pc
Aparentemente tiene muy buena nota. Aún no he podido probarlo,4,automotive
"Me ha llegado un día antes, todo correcto, pero le voy a dar menos valoración no es todo lo consistente que debiera el alojamiento del tubo tiene demasiada olgura y para ajustar bien la verticalidad, la base es apropiada, los tornillos pasadores son de calidad muy baja, La Corona de marcas de profundidad de plástico y el sistema de alojamiento de los Mª reales poco fiable, en resumen por el preci que tiene deberían mejorar un poco.",3,home_improvement
"Estoy encantada con la calidad y el diseño de los cucharones, los recomiendo.",4,kitchen
"No recibí, y me dice que firme albaran",1,pet_products
Llegó tarde y defectuoso,1,home
Poca precisión en localización. Solo LBS no GPS. He probado con varias compañías de telefonía. Cámara lateral de mala calidad de imagen y muy incómoda para su uso y no práctica para imagen remota.,2,wireless
Super facil de utilizar. Lo unico es que solo me esta funcionando con usb 3.0 a falta de probar en mas equipos,5,electronics
La bolsa esta bien pero a la semana se me rompió la cremallera,2,home
Las he sustituido por unas halogenas de 45W y dan bastante más luz y mucho más ángulo de iluminación. Parece que se hace de día cuando las enciendo.,5,home
"Iba sobre seguro porque ya conocía este trípode. Lo compré porque era lo que necesitaba, pequeño y sencillo, pero ideal para las salidas porque ocupa poco y es ideal para usar con mis dos cámaras Micro 4/3.",5,camera
"Aceptable, pero el bluetooth regular",4,home
"Está bien, pero se deshinchada muy rápido",3,sports
Limpiar las boquillas de impresora,5,industrial_supplies
"La talla s es demasiado grande, y eso que yo tengo un 41 de pie. Al ser grande no hace su función ya que es como si fuese un calcetín normal. Si tienen un 41 o pie más pequeño les recomiendo que se abstengan a comprarlos. La calidad es decente y la devolución sin problemas.",3,sports
"El cuadro está bien y es bonito, a excepción de que no trae nada para colgarlo, ni siquiera sus propias anillas/soportes en el marco. Tuve que comprar todo el tema de montaje en la ferretería",3,home
Es super entretenido y ideal para jugar en familia a mi hija le ha encantado,5,toy
Esta bien pero es muy pequeña,3,sports
"La funda es perfecta , solo qur la pantalla no esra cubierta, creia que llevaria algun tipo de protector en la pantalla, solo la trasera y parte superior e inferior del teléfono, es finita y bonita pero tiene de malo eso",3,wireless
"el titulo lo dice todo, son de muy mala calidad.",1,lawn_and_garden
Perfecto con muy buen acabado lo recomiendo,5,other
Exactamente lo que buscaba,5,electronics
Envío rapidísimo venía con el tapón mal puesto. se ha salido dentro de la bolsa estropeando la pegatina del bote. Al final solo he podido aprovechar medio bote. Deberían poner más cuidado,3,toy
"El color es bonito y casi lo unico bueno. Se rompe con mirarla. Si la quieres para decorar puede servir, para proteger nada de nada",2,apparel
Muy bonitos ...aunque las caras de todos son iguales. Pero la calidad del producto vale la pena bastante. Recomendada compra,3,toy
No cubre la pantalla de reloj es más pequeña de lo q pensaba que sería y queda mal ya q no se ve bien,1,wireless
"No es tanto lo que se vende, para salir de un paso sí, pero para uso diario no lo recomendaria.",2,wireless
"Es original la estantería, pero queda muy separada de la pared",2,furniture
"Las empecé a utilizar ahora para marcar la ropa de mi hijo para la guardería y son muy buenas. Una vez pegadas no se despegan, hay que esperar 24h antes de poner lo marcado a la lavadora, vienen instrucciones. Satisfecha, veré a lo largo de los lavados qué tal.",5,office_product
Cumple con las expectativas del título aunque quizás es demasiado breve y un poco de aportación personal no hubiera venido mal.,5,digital_ebook_purchase
LA FECHA DE ENTREGA SE RETRASO Y ERA UN REGALO. POR LO DEMAS TODO CORRECTO. COLOR DE LA FUNDA MUY BONITO.,4,wireless
Esta muy bien pero que no venga con todo no me ha gustado,2,lawn_and_garden
"ha durado un par de meses pegado sin que se levante , estando en un garaje bajo techo y sobre una superficie metalica plana.",2,automotive
Para lo pequeña que es me resulta carísima. Quizá tuve la culpa de no mirar bien las medidas.,3,toy
Me pareció caro para la calidad del producto. Además el sistema para quitarlo y ponerlo para meter el carrito en el coche no es ágil,2,baby_product
Muy grande y muy resistente. Lo recomiendo 100 %.,5,sports
"En una Dyson DC 35 sustituye perfectamente al original. No lo probamos mucho, pero en los primeros usos es perfecto, carga y funciona perfectamente",5,home_improvement
"Con estas perchas ya tengo perfectamente ordenado la parte de los pantalones del armario. No resbalan, son fáciles de colgar y descolgar, muy bien. Las perchas son de buena calidad no de esas que se deforman.",5,home
"Pues es el precio es muy barato en comparación con los cartuchos de la marca, pero había algunos que no funcionaban, vienen a media carga. Al imprimir en colores, sale bastante mal... En fin...",2,office_product
"No puedo adaptarlo al mando que tengo antiguo, no se corresponde con el modelo que pedí, y no puedo hacer nada para adaptarlo",2,automotive
Un cubo muy flojito se rompe enseguida. Parece práctico porque dentro lleva dos cubos y eso me pareció interesante pero cuando se llena y pesa se rompen. Ahora no lo compraría,2,home
"Es muy bonito, pero el tiempo de encendido es corto.",3,home
No me ha gustado mucho tiene aspecto de baratillo y muy grande,2,luggage
"Completo, fácil de usar, se ajusta perfectamente a la descripción. Le falta un poco de potencia a los altavoces por lo demás fenomenal.",4,pc
"Vivo en un ático pequeño de 45 m2 con dos habitaciones y lo compré con la idea de que enfriaría la casa entera, pero no es así ni cerrando ventanas y puertas y poniendo el aparato al máximo (también opino que los aislantes para ventana deberían formar parte del paquete). Tengo que dirigir el aparato a una u otra habitación para que se enfríen y si no te da el chorro de aire de frente, como si nada...es casi más grande el aparato que mi casa y lo ponga donde lo ponga está en medio. Hace mucho ruido, para dormir no es especialmente molesto porque te acostumbras, pero durante el día tengo que poner la música a todo volumen si quiero escucharla. La única diferencia entre esto y un ventilador potente es que éste saca el aire más fresquito, pero echo de menos que se mueva y reparta el aire como hacen los ventiladores. Nos lo quedamos porque la ola de calor es insoportable y algo ayuda, pero me parece muy caro para lo que realmente es.",3,home
"Me ofrece lo que le pedía al producto, muy satisfecho y contento con sus prestaciones, lo aconsejaría sin lugar a dudas.",4,camera
"Este reloj inteligente además de todas las funciones que tiene para controlar tu salud practicando deporte,recibir notificaciones de WhatsApp y demás redes sociales y llamadas ,almacena mensajes que puedes leer directamente desde el reloj,no tienes que buscar el móvil,jaja,fantástico, además me he bañado piscina con el puesto y sigue funcionando,me gusta lo recomiendo.",5,other
pedi una funda del s6 plus y me a venido una de un movil mas pequeño y muy rayada y usada,1,wireless
De las mejores q he probado. Se adapta bien a todos los coches,5,baby_product
"Me ha sorprendido gratamente, la cantidad de accesorios que trae, el corte es bueno, dispone de 3 velocidades de corte y 5 tamaños. Los accesorios de afeitadora y cortapelos (nariz), además trae el cargador correspondiente, un peine, un bote de aceite para lubricar y una bolsa para su transporte. Funciona con el cargador conectado y de manera inalambrica. Dispone de una pantalla donde nos indica el nivel de batería que tiene.",5,personal_care_appliances
"Me ha encantado, pero hay que reconocer que yo ya esperaba que fuera grande y un tacto muy agradable.",5,apparel
Los he conectado a un subwoofer y suenan de maravilla.,4,pc
El producto llegó en el tiempo establecido y cumplía con las especificaciones. En general estoy satisfecho con el producto y el servicio.,5,wireless
"No la recomiendo para nada, se rompio nada mas ponerla, 10€ tirados a la basura Muy descontento con el producto",1,wireless
"La cremallera cuesta cerrarla con una mano por la forma que tiene. Además, se engancha al cerrarla y luego se abre por el medio. La devolví.",2,baby_product
Muy resistentes y de calidad.,5,jewelry
La placa metalica integrada para usarla en el iman del coche se despego el mismo dia del estreno.No queda tan firmemente encajada como la Hoomil o la Spigen por ejemplo,3,wireless
"Novela muy curiosa al principio, pero a partir de la aparición del niño y el perro, ya se ve que es demasiado irreal y pierde todo su interés. La historia que cuenta es muy extraña e increible o con muy pocas probabilidades de que pueda ocurrir algo parecido a lo que se cuenta en la novela.",2,digital_ebook_purchase
MEJORA EL RENDIMIENTO DEL COCHE EN CARRETERA,5,automotive
"Es un protector de pantalla, que se adapta bien al huawei p9 (de los que mejor se adaptan), cubre totalmente. Pero he de decir, que a la segunda caída, desde la silla, se partió por la mitad. Por lo que dudo, que sea de buena calidad.",2,wireless
"Un distribuidor normal. Lo compré por que es distribuidor ""amplificador"" y pensé que la señal llegaría más potente pero el resultado ha sido igual a los distribuidores que ya tenía.",3,other
Están bien pero son muy bastos,4,home
Es grande y no hace mucho lo de quitar pelusas cuando haces una lavadora.,2,home
"Bien, salvo por alguna raya en la pantalla y que el cargador que traía no es original de Apple y encima no funcionaba",3,wireless
Horribles. Se agrietan los labio en cuanto te pones.,1,beauty
"Marco dos estrellas por tener un altavoz muy flojo y sonido a caja, nada claro y mucho peor que los altavoces de mi portátil. Recomiendo comprarlo sin altavoz ya que son 20€ más y no mejoran nada los altavoces de mi actual Macbook Pro 13"". Por lo demás es un gran monitor.",2,pc
"No lleva la ventosa cuesta mucho ponerlo , por lo demas esta bastante bien . Se acopla como un guante",3,wireless
pedí el producto hace más de cuarenta dias y aún no me ha llegado,1,toy
Corresponde con lo esperado,4,jewelry
"Es una funda de gel de las de toda la vida con una impresión detrás que tampoco es que sea espectacular. pero también decir que calidad precio no esta mal, por ese dinero no pretendas tener una funda de la hostia. Las impresiones molan porque son originales. También tengo que decir que la funda le queda como un guante al móvil, eso también es verdad. Vamos que encaja perfectamente.",3,wireless
"Perfectas en todo, en la talla (ya que tenía otras New Balance y pedí mi número, el color genial y el envio rápido. Tan sólo destacar que la suela es mas fina que las que tenía y en la imagen parecía mas gruesa, y que es la horma mas fina o estrecha que las otras mias, las 574 Clasic que son mas redondas la puntera y no tan finas de horma. Muy bien y muy contento",4,shoes
"Es cierto que los niños no tratan bien las cosas a veces, pero no es normal que se haya roto la cremallera el primer día que lo lleva al cole.",2,toy
"Funciona como se espera pero es muy caro. Hay otras marcas en Amazon que por el mismo precio te llevas 2 o 3 botes que hacen exactamente lo mismo y duran igual. Al final ""solo"" es aire y no veo diferencia entre esta marca y otras.",2,pc
Congelador perfecto. Plásticos de gran calidad. Distribucion muy útil.,5,other
"No puedo poner ninguna pega, tiene muchos bolsillos, el ordenador va muy bien resguardado y a parte el gran espacio de la mochila que permite meter libros y demás accesorios del ordenador.",5,pc
Me gusta porque tiene de todo por el precio,4,wireless
"El zapato coincide con la talla, para pie ancho justito, muy elegante y cómodos, me han llegado de un día para otro, lo compre en domingo y me llegó el lunes por la tarde.",4,shoes
"Es para montar un SSD en una bahía de 3,5",3,pc
"Un producto muy malo,llego totalmente roto,descontento total con el producto, para tirarlo a la basura,espero que me envien otro gratis",1,wireless
"EL ARTICULO LLEGO ANTES DE TIEMPO, BUENA CALIDAD , PERO LA FOTO ES DIFERENTE DEL PRODUCTO RECEBIDO, FOTO ENGAÑOSA",2,furniture
"Es la tercera funda de estas caracteristicas que le compro a mi lenovo, no por mala calidad sino pq mis dos niños las destrozan. Pero me da igual pq me ha salvado la tablet varias veces. Simplemente, para mi es la mejor porque protege bien las esquinas en las caídas. El precio lo considero justo, aunque ha ido subiendo. Como contras, podría decir que es un poco mas aparatosa que otras fundas, pero para mí esto no es un problema, pq prima la protección de la tablet.",5,pc
"El olor es agradable, pero los perros no estan denteo de casa. Con o sin collar siempre cogen algun parásito",2,pet_products
Esteticamente el producto esta muy bien pero la funda recibida presentaba holgura lo que hacia que el agarre del telefono no fuese demasiado comodo.,3,wireless
La verdad es que no lo compraría otra vez. Hay que presionar demasiado los botones para cambiar.,3,electronics
Buena calidad y buen precio. La talla bien.,5,apparel
El que mas me gusta es el negro porque es el más intenso. Compraré mas de repuesto. Buena relacion precio calidad,5,drugstore
Es un poco incómodo pero fácil de uso.,2,personal_care_appliances
No es mejor que el hierro de carnicero,1,kitchen
"Bastante flojo, artículo tipo souvenir de baja calidad",2,apparel
"En los extremos hay una regilla abierta, entonces no le veo la parte practica. Cuando lo doblo tampoco alcanza a tapar los mandos. Todo lo demás excelente, pero ves lo barato sale caro",3,baby_product
"Muy fácil de montar,y muy cómodo, lo que no me gusta es cuando lo tumbo parece que queda sin reposa brazos y quien lo usa es mi madre y tenemos miedo de que se caiga, tenían que ser más altos para que estuviera más sujeta por los lados. Se compró para que no tuviera las piernas colgadas por problemas de retención de líquidos y circulación pero ella tiene miedo a caerse.",3,furniture
"Es un juguete que poco tiene de juguete. Lo que estás pagando es únicamente el nombre ""Peppa Pig"" y no resulta barato precisamente. Los materiales son resistentes y de calidad, y el producto real es muy fiel a como se ve en la fotografía. Sin embargo, no es nada interactivo, es demasiado ruidoso y sólo incluye dos personajes, por lo que no le ha resultado muy entretenido a la hora de jugar. El servicio de entrega de Amazon fue impecable (como casi siempre): dentro del plazo y con el paquete en perfectas condiciones.",2,toy
me a gustado que es fuerte.,3,home
"Aunque sólo llevo unos días con este cubre camas, estoy muy contento con el. Se coloca fácilmente con unos elásticos que trae, es muy rápido calentando, de hecho el más rápido que he tenido, y tiene una textura gruesa y muy agradable sin que se note el cableado interior. El problema de todos los cubre camas es que se suelen estropear con facilidad, por lo que en unos meses haré otra valoración. Cuando compruebe su duración le pondré las 5 extrellas",4,personal_care_appliances
"A calidad es bastante buena y parece que no se pegan, las he usado ya algunas veces, y lavado en el lavavajillas y como el primer día",4,kitchen
"Llegó por Seur en menos de 24 horas, pese a que decía que las enviarían en dos o tres días. Tiene dos puertos HDMI, con lo que sirve de monitor (si tu ordenador tiene este puerto) y de tv. Es smart tv, se conecta a Internet con mucha facilidad. Yo no he tenido que sintonizarla porque tengo Vodafone tv y he enchufado el tivo directamente al HDMI. Para los que sean prime tiene una tecla en el mando de acceso directo a amazon prime vídeo; y tiene otra para los que tengan Netflix, cosa que he encontrado comodísima. Le falta la de HBO, sería perfecta así. Se ve muy bien desde todos los ángulos y como monitor no la he probado con juegos, pero se ve con buena resolución si no eres muy exigente. Si lo tuyo es el gaming imagino que necesitarás otra de más alta gama con mejor resolución, pero para un uso de oficina de ordenador y tv de dormitorio o cocina es estupenda. No obstante, si hubiera que ponerle una pega, se oye muy baja.",4,pc
Cumple con lo esperado y buen acabado,4,home
"Edta muy bien acabada y parece de buena calidad, medida desahogada para cartas grandes",4,toy
AL PASAR UN PAR DE MESES EMPECE A ESCUCHAR UN RUIDO DENTRO DE UNO DEL ELLOS COMO SI ALGO ESTUVIESE SUELTO PERO ENTIENDO QUE ES ALGO DE ESTA UNIDAD (Unos Auriculares perfectos para jugar a juegos en PC por su 7.1 virtual y con el software que encuentras en su pagina principal facilita mucho poner los sonidos a tu gusto. Son cómodos de usar y no hacen daños tras un largo tiempo puestos. Para consola (PS4 en mi caso) se escuchan perfectamente pero no funciona el 7.1 ya que la consola no acepta descargar los drivers de los cascos. Pero no obstante son muy recomendables. Otro punto favorable es que puedes quitar el micrófono cuando quieras para que no moleste. Y por ultimo los botones del cable que facilitan en bloquear el micrófono y regular el volumen.),1,pc
"Envío, información, todo excelente, aunque no supe configurar el receptor",3,other
Llego muy rapido. Todo perfecto.,5,home
es sencillo de visualizar a pesar que esté al revés el formato de la hora porque al final te acostumbras,3,watch
"Muy contento con la compra, dispone de regulador de sonido y funciona perfecto y es muy util. Son muy comodos, y cuando llevas un rato con ellos puestos no notas absolutamente nada. Las almohadillas son muy comodas, el microfono se escucha muy bien y el sonido del propio auricular es muy bueno! Lo recomiendo 100%",5,video_games
Lo queria para la cremallera de un bolso para que me fuera mas facil llagar a ella y cumple y ademas adorna la unica pega es que la pluma se me solto en el camino tube que ponerla yo de nuevo y asegurarla con una gota de pegamento,4,home
Me ha gustado el producto y su tamaño. Me llegó muy rápido.,5,pc
"Se nota que es una correa barata y la calidad no es perfecta, pero hace su función sin problemas. Calidad precio correcto",3,wireless
no me ha gustado nada no recibir el pedido,1,watch
A los pocos días se me ha comenzado a despegar por la parte superior. Parece que el pegamento no tiene buena calidad,2,wireless
No funciona el emparejamiento con el movil Xiaomi A4.,1,wireless
"Este radiador electrico cumple con su cometido. Lo utilizo como apoyo a la calefaccion central, por la noche-madrugada , para calentar la habitacion donde estoy estudiando. La unica pega que tuve fue que las ruedas no asentaban por igual y cojeaba un poco.",4,kitchen
"Bastante contento con la compra,se lo he comprado a una amiga ,bastante detallado para un precio muy asequible.",4,jewelry
"Era para regalar, cuando tenga alguna referencia, os lo digo",3,beauty
"Es una funda muy mala de peor calidad que las que venden por 2 € no es ray ban origina di de coña , dentro pone Made un china no cierra bien se descoloca con facilidad las quería para levar mis aviador titanium con seguridad pero a sido tirar el dinero",1,apparel
"Se ajusta bien al modelo, pero en pocos dias se rompieron los botones",3,wireless
"Bonito, pero muy grande. El color se mantiene bastante bien. Por tamaño no lo uso pero esta muy bien. Recomiendo",2,jewelry
"El precio puede parecer caro, pero la rentabilidad y todo lo que dura este pack es increíble, la verdad es que es dinero muy bien gastado. El papel es excelente y de buena calidad",5,drugstore
La batería bien . Mi ordenador mal,4,electronics
Para llegar a los armarios de mi cocina va fenomenal,4,furniture
"Esta averiado el cargador usb, al meterlo se oye un zumbido",1,automotive
"Nunca llegó, informé al vendedor y su respuesta inmediata fue te devolvemos el dinero. Si lo hubieran mandado, supongo que hubieran respondido algo de esperar unos días o de intentar localizar el paquete... Viendo la respuesta, parece que sea una estafa en toda regla. Gente que no reclamará y ellos ganan dinero sin mover un dedo. No se como AMAZON no investiga más quienes son sus vendedores y permite este tipo de acciones.",1,sports
"Está bien, al no ser un plástico duro se adapta a la pantalla. Los contras es que cuesta mucho de poner y que no queden burbujas de aire (aunque éstas van desapareciendo).",4,wireless
"Va muy bien, la usamos para llevar los cacharros a limpiar en el camping. Por ponerle una pega, es un poco endeble. Pero es sencilla y ligera, para nosotros perfecta.",4,home_improvement
"Pues eso, está bien para hacer la gracia de tener ""un palo"" desplegable en menos de 5 cm. Pero es poco resistente ( por otro lado como era de esperar), y pienso que duradero. Además de que cuesta volverlo a plegar.",2,furniture
"no se ajustan a tu cuerpo, y de mala calidad",1,apparel
"Baja calidad. Enseguida.le salen bolas..ya,se que es una imitación....pero muy mal producto dos usos y a la basura",2,apparel
"El bolso es una maravilla, pero con el peso, las tiras son muy finas y me duro un mes aprox.",2,luggage
"Es lo que esperaba, bastante bueno, la unica pega es que tardó mas de un mes en llegar, pero eso es culpa de la empresa de paquetería",4,automotive
"Mucho plástico demasiado plástico , solo plástico, también por el precio no se puede esperar otra cosa es lo que hay",3,wireless
Cumple con las expectativas y ademas es muy cómodo poder realizarse la laser desde casa. Lo recomiendo. Ademas al enviártelo en un estuche hace que lo puedas guardar cómodamente.,4,personal_care_appliances
"Devolución imposible la información aportada por Amazon insuficiente el transportista no existe ya que cambio de empresa, la información técnica del producto no especifica las características técnicas",1,automotive
"En la parte de abajo del cristal hay un círculo que no pega del todo, se ve feisimo",1,wireless
Calidad precio muy bien pero enorme de talla,4,apparel
El top no seca bien.,2,beauty
Me queda grande pero es bonita. Tengo la muñeca muy delgada .,3,sports
Es muy molesto que te de las horas...ademas en ingles.se puede silenciar?,3,wireless
"Es espectacular, muchos colores y funcionamiento perfecto. Tonos adecuados para infinidad de ocasiones. Sin duda una compra de la que no te arrepientes",4,home
"Me hacen daño al caminar. Pensé que al ser más caras serian más comodas, pero nada más lejos Una de las tiras de dobla y produce rozaduras. En cuanto a talla y aspecto, perfectas.",4,shoes
"Ahora mis hijos se pelean por ella. Muy útil, robusta, buena calidad y los pasatiempos un punto.",5,baby_product
es el cordón rojo es corto y no tiene la medida correcta según el feng shui y se necesita que sea de 15 a 18 cm.,3,home
"El envio fue rápido y en perfectas condiciones, pero no se corresponde con la version española, es la italiana. Desconozco si permite idioma español ya que lo devolvi sin quitar el embalaje.",2,video_games
El envío ha llegado en la fecha establecida. Le doy 2 estrellas porque no me ha enviado el producto que he pedido. Sobre la devolución no puedo opinar todavía porqué no he devuelto el paquete.,2,automotive
"Compré este teléfono porque la persona que lo usa tiene problemas severos de audición, una vez instalado pude constatar que cuando ella descolgó el auricular para hacer una llamada, su mirada se iluminó de sorpresa cuando pudo escuchar el tono de la llamada y más aún cuando pudo tener una conversación escuchando perfectamente a su interlocutor, ella estaba contenta y satisfecha, por lo que yo tambien lo estoy por ella. Es un Teléfono ideal para las personas que tienen problemas de audición por eso le doy 5 estrellas.",5,wireless
"Por el precio que tienen están muy bien, manejables, buen sonido y pesan poco. Facil de enlazar con los móviles y el acolchado está bastante bien y se adapta a la oreja. Cumplieron con los plazos de entrega. Llevamos un mes utilizándolos y de momento no se han roto!!!...",4,electronics
"La cámara por lo que vale y el uso que se dará está bien pero la calidad de los plásticos es muy mala. Se puede romper fácilmente y a la hora de montar el soporte parece que se vaya a romper. La cámara trae un circuito básico pero decente con su placa solar funcional. Un detalle muy bueno es que el protector de la lente es de cristal y no de metacrilato un punto muy bueno para verse un poco más real y que con el tiempo no se dañe. La calidad de construcción la podéis ver en las fotos, en mi caso habían partes rotas de haber apretado a la hora de fabricación demasiado los tornillos. En general está bien por lo que cuesta, recomendaría ponerla lejos y a una buena altura para que no se vea que es falsa.",3,home
"La calidad es buena y es un ""doble prenda excelente"" lo único es que la talla M (que es la que periódicamente sale de oferta a un buen precio) es grande una L por lo menos",3,sports
"Calzado cómodo, y promete una visión diferente al caminar y correr.",5,shoes
Por 10 euros es la funda de switch más completa/delgada que hay.,5,video_games
"Los he comprado para reutilizar mis objetivos Canon FD con la Sony alpha 7. El tulipán para el 28mm f 2,8 cumple. El de caucho con un 50mm f 1,4 viñetea un poco cuando está completamente desplegado debido a las irregularidades de la circunferencia goma. Hay que tener cuidado o usarlo en la posición plegada que algo hace de parasol, pero menos.",4,camera
Depende demasiado de la intensidad de sol,2,lawn_and_garden
"Tienen en su interior una plástico que impide que la aspiración sea correcta, si se arranca ese plástico aunque solo sea parte de el entonces funciona mejor.",2,kitchen
"Es malísima, me llegó totalmente destrozada por su mala calidad. No vale ni como juguete porque se salen las cuerdas, ...",1,baby_product
"Rápidez, buena calidad y sonido definido.",5,wireless
"Compré una unidad, y fue perfecta. Al comprar la segunda, tuve que hacer dos cambios. En ambos casos, el ratón salió defectuoso. Al segundo cambio, ya no me dejaba canjear, y me obligaron a devolverlo. Pero como quedé muy satisfecho del primer producto, volví a comprarlo, y eso que salía un poco más caro. Pero en esta ocasión , el teclado falla. El paquete venía ya abierto y vuelto a cerrar. Así que compré un producto nuevo que ya fue devuelto. Y, sin duda, se devolvió por el mal funcionamiento del teclado. El teclado físico, parece que va bien. Pero es como si se quedara alguna membrana pegada, y repitiera las letras. En ocasiones, la escribe doble. Otras, se queda literalmente pegada. Por tanto, es una herramienta que no da confianza. Si te sale bueno, la verdad es que es cómodo, y el ratón cómodo para la mano. Si lo compras, suerte. Que te salga bueno.",2,pc
"Le pongo una estrella y porque no me deja ponerle un 0. Estoy muy descontenta, hice la compra el 28 de febrero y a día de hoy sigo sin recibirlo. La contestación que me dan al respecto es... En 10 días su pedido llegará y así 3 meses. Una verdadera VERGÜENZA!",1,home
"Diseño genial, se oye muy bien",5,other
El producto es buenos y fácil de montar yo me esperaba que se pudiera subir un poco mas en altura para poderlo adaptar a otros escritorios mas altos que tengo,3,furniture
"No le doy las cinco estrellas porque tiene un cajón para la grasa que se cae fácilmente, por lo demás es lo que buscaba.",4,kitchen
Es muy fina la tela y tengo mis dudas de la durabilidad en unas condiciones atmosféricas malas con viento y sol casi constante en la ubicación costera que tiene. El tamaño es perfecto,3,lawn_and_garden
Precio ajustado. Mi hijo supercontento.,5,toy
"son muy bonitas pero tamaño demasiado grande, al menos para mujer. El material esta bien y aunque no he probado el mechero en el campo sí que consigo sacar la chispa.",3,sports
"Ojo con los niños los que tienen dermatitis atópica, mi hijo empeoró a los 5 minutos de echarsela,le dio reaccion.",1,beauty
"A pesar de comprarlo de 2ª mano, aparentemente estaba sin estrenar y con el embalaje perfecto, lo cual fue una sorpresa agradable. Me costó algo la primera sincronización, pero era un problema de Windows. Si ya está instalado Polar Sync en el ordenador, recomiendo desinstalarlo y volver a instalarlo si a la primera no funciona bien la sincronización El funcionamiento es perfecto, si bien se echa en falta alguna función, como por ejemplo poder programar entrenamientos como en los relojes Polar Vantage, por eso no le doy la 5ª estrella. La fijación del soporte al manillar de la bici no viene bien explicada, hay que dar doble vuelta a la goma que lleva para que quede firme (se pueden buscar mejores explicaciones en internet). Una vez bien fijada queda perfectamente sujeto",4,sports
"Son de un plástico muy malo, se rompe con demasiada facilidad, muy mal producto",1,beauty
Espinillera fabricada en plástico muy resistente por la parte exterior que aguanta cualquier golpe y por la parte interior tiene un acolchado medio / duro que amortigua el golpe. También vienen unas perneras donde se coloca la espinillera para que no se mueva durante el partido. Buna relación calidad precio.,5,sports
"Son super chulos!! aunque parece que el cable que va a los auriculares en muy sencillo, a ver lo que dura... plegables y manejables, a mi hija le encantaron , buen aislamiento. La orejas se encienden intermitentes o con posición fija y le dan un toque mas cool ..!",5,musical_instruments
"Practico por tamaño, pero los pinchos en las bases rompen los huevos.",3,home
"Apariencia industrial, funciona bien pero la tapa debería ajustar mejor",4,home
No esta mal. Calidad normal,3,home
Muy buena luz para bicicletas,4,sports
La mesa llego con una grieta pero hablando con la empresa me hicieron un descuento y lo hemos solucionado. Yo no voy a extenderla pero si la vais a extender varias veces no la recomiendo ya que hay que atornillar y es un lio,4,furniture
Es un protector bueno y tiene buen tacto que si se usa sin funda puede ser buena compra pero en el P20 PRO sale un poco con lo cual al ponerlo con funda no se ajusta bien en toda la pantalla,3,wireless
Bien pero me esperaba que fuera mejor.,2,wireless
"Se estropeó pronto, no lo detecta la aplicación ni nada. A lo primero estaba encantado pero ha funcionado poco tiempo.",2,home_improvement
"Buenas solicité una devolución por correos y me mandasteis el código para imprimirlo, lo cancelé y solicites otra forma de devolución por celeridad. Mi pregunta es ¿podría mandarlo a ustedes por correo como lo iba hacer la primera vez ya que pude alfinal imprimir la hoja del código o ya no vale ese código?",3,industrial_supplies
Me parecen muy bonitos...Esperaba que fueran un poquito más grandes pero igualmente están muy bien...los utilizo mucho...,3,jewelry
"Tarda mucho en secar la ropa,y las patas se salen mucho, no estoy muy contenta, así que no la recomiendo mucho",2,other
"Una novela magnífica, que a pesar de su dureza consigue transmitir mucho mediante el desarrollo eficaz de los personajes y la trama. Altamente recomendable. Espero con interés la segunda novela del autor.",5,digital_ebook_purchase
"Después de probar varias bombillas, todas hacen un parpadeo molesto. Podría darse el caso que fuera el transformador (probado en 2 transformadores), es por eso que las devuelvo.",2,home
"lo pedi para un garmin oregon 700, calidad decepcionante, solo pude usarlo una vez con muy poca duracion y ya no pude recargarlo. suerte que es una pieza oroginal Garmin !!!!!",1,wireless
"Me ha llegado hoy el producto y no se ajusta a la descripción, sólo me han enviado los pomperos en color verde y blanco y no llevan el jabón de burbujas. Toda una decepción.",1,toy
El maletín está roto por lo que cojea y es muy incómodo,2,home_improvement
"Es tan largo en la parte ancha, que o lo metes muchísimo por debajo del colchón, que si no, seguro, que acabas hecho un ovillo por la mañana. El tacto es muy bueno, y no hace ningún tipo de ruido plasticoso.",3,furniture
"Contento con la compra aunque le falta una abertura por detras para poder enchufar el cargador y usb sin necesidad de andar quitando la funda, yo tenia muy desgastados los botones laterales y me ha venido fenomenal para seguir usandolo",3,wireless
Buena calidad. Recomendado. Rápido y fácil instalación. Bien embalado y resistente. Buenos acabados y transporte rápido . Con todos complementos,5,home_improvement
"La tela que trae es horriblemente tiesa,y además amarillenta. Para practicar puede servir,pero es desagradable hasta al tacto. La variedad de colores de los hilos es adecuada.",3,home
bolsa perfecta muy comoda original,5,pet_products
Un juguete pero potente!!!,3,home_improvement
Percato. Llego a tiempo y en perfecto estado. Es muy bonito,5,personal_care_appliances
me ha gustado la rapidez de entrega de mi pedido,4,wireless
"Va bastante bien para jugar con el móvil, pero la putada que lo tienes que vincular cada vez que vas a jugar",3,video_games
Perfectos y buena relación calidad precio,5,drugstore
"Juegazo, no lo dudes",5,video_games
"No me gusto nada, la calidad muy pobre, era un regalo y me lo tuve que quedar. No reconoce la mayoría de las fotos y eran de formato .jpg...",1,wireless
"Está muy bien, aunque tarda en calentarse y enfriarse. No trae libro de instrucciones. Muy práctica para viajes",4,beauty
Me encanta ncanta y gran ayuda,4,book
"Personalmente, de todas las que he probado, es la mejor arena que existe. Desde que la probé, es la única que compro y voy a comprar. Huele súper bien, crea poco polvo, aglomera literalmente todo lo que le eches, de las más fáciles para limpiar dado que las bolas no se rompen fácilmente dado lo pegada que están. Un arenero lleno dura una semana o más si lo limpias con la pala cada día o cada dos días si solo tienes un gato. Si quieres que dure más, puedes ir mezclandolo con arena barata de supermercado para no gastar tan rápido los 6L. Si no le doy 4 estrellas, es por el precio. Cuando la probé estaba en Amazon de oferta a un precio que ahora echo de menos. Si vuelve a estar de oferta pediré varios paquetes para tener reservados para todo el año, dado que mi única opción con este precio actual es comprarlo en otra página donde está a mayor precio pero hacen descuento si compras en pack de 5 paquetes. Si vuelve a estar de oferta, automáticamente pasa a tener 5 estrellas. Y no tendría más porque no se le puede dar.",4,pet_products
"Por mi parte todo bien, llegó pronto y en buen estado,y de momento funciona bastante bien. Espero que de buen resultado.",4,home_improvement
"Al abrir la caja estaba mojada por dentro, La bomba viene en una bolsa que también estaba mojada por dentro, al sacarla la bomba también está mojada y las conexiones de los tubos mojados por dentro, quiere decir q ha estado montada y usada... hasta 15 días no puedo ir al barco para probar si funciona o no.",2,sports
Por el precio q tiene no se puede pedir más,5,jewelry
No se encajan bien en los cajones y son muy estrechos y tienen poca estabilidad. Serían más bien para ropa interior y ropa muy ligera,3,kitchen
"Después de semanas de uso se puede decir que: Muchas prestaciones técnicas, pero no deja de ser un aparato lento y engorroso de manejar. Sigue funcionando, pero su usabilidad tan escasa quita las ganas de utilizarlo. Dejo de tener asistencia técnica y actualización al poco tiempo.",2,wireless
"Me ha servido para lo que quería, que era poner fibra en otro lado desde el router a una habitación (que por supuesto me ha sobrado cable). Rapidez en el envío y precio-calidad bien.",4,home_improvement
Hace su función vale para freelander 2,3,automotive
"No es lo que había esperado. La resolución es más bien precipitada, pero se deja leer. Es más una novela de amoríos que de intriga o aventura.",3,digital_ebook_purchase
"No es lo que esperaba después de ver la descripción de venta que eran super brillantes y potentes, las de 55w que tenía puestas son más fuertes que estas",2,automotive
"Es un presurizador que además, admite carga de aire y así mantener la presión de las pelotas. Tiene un sistema rudimentario para saber que tiene la presión correcta pero efectivo. Al principio le puse demasiada presión para tres pelotas pero eso se puede ir mejorando metiendo menos.",4,sports
"Me gusta porque coincide la talla, en otros fabricantes son un poco justas.",4,apparel
No es el mismo color,2,home
"El filtro es el estándar de dos zonas con filtro, no de cuatro, como indican. Por lo demás, correcto",2,pet_products
"Yo la he comprado con rotuladores para regalo de cumpleaños para los compañeros de la guarde de nuestra hija de 3 años. La mochila es como de celulosa, y al pintar con los rotuladores se emborrona y los niños se ponen perdidos las manos y la ropa. Igual para niños mayores mejor que para niños tan pequeños.",4,luggage
"Hasta el momento muy contentos, pero que casualidad q justo acaban los dos años de garantia y se rompe el enganche que une con la parte de metal, la de las cuchillas,y tampoco es que haya tenido mucho uso... 25 euros para reponer la pieza metalica. Una decepción.",2,kitchen
No encajan bien en la oreja.,2,wireless
"La zapatilla es muy mona pero cada vez que das un paso, debido al material exterior, hacen un ruido molesto. Una vez que te las pones varias veces ya se va pasando. Son frías, eso sí.",3,shoes
"la compré por las opiniones que leí y no me ha defraudado: del material es resistente, de buena calidad, no huele a plástico. La boquilla es amplia y mi hijo de dos años y medio la usa perfectamente (no se atraganta). Es verdad que es un poco dura para abrir y cerrar (para los niños) pero en breve tendrá la fuerza suficiente para hacerlo. Tiene un doble sistema de seguridad, por lo tanto, no hay peligro de derrame.",5,sports
Los globos perfecto. Lastima que de las letras faltó una A.,1,toy
"Fue para regalo, pero todos los discos funcionan perfectamente, el sonido es bastante bueno y la imagen de buena calidad, el único fallo que le veo es que el menú de entrada está en inglés pero en este caso no era ningún problema. La edición es preciosa y contiene un montón de horas de contenido extra. Muy contenta con el producto.",5,other
"Correa que es lo que es y no tiene mucho misterio, cuidado porque el material de la correa es un nylon que quema al roce.",2,pet_products
"No me fue fácil de instalar y tuve que llamar a un instalador. La imagen se va de vez en cuando (pues más o menos cada 20' se queda sin color). No estoy nada contento con este aparato y la verdad, NO LO RECOMIENDO.",2,wireless
"Esta muy muy bien calidad precio, lo único malo, es que hay que cambiar si o si el espadin, ya que no coinciden",3,electronics
No me ha llegado aun,1,wireless
Me gustaron buena calidad,3,home
Perfecta. La única k se queda perfecta después de comprar otras.,5,wireless
"Viene completo, con los tacos y los tornillos. Parece muy sólido.",4,lawn_and_garden
"Creo que algo mejora y prepara un poco el músculo para rendir mejor. Lo utilizo para jugar al pádel, ya que no siempre hay tiempo de calentar bien y sí parece hacer algo. Eso sí, el olor mentolado es muy fuerte, dentro de casa apesta.",3,drugstore
"Demasiado fino, y justo por debajo de las axilas, una decepción.",3,apparel
"Me gusta que tiene 12 enganches para sujetar la sábana. El precio podía ser un poco más bajo. La apariencia y consistencia parecen buenas y aguantan, veremos con el paso del tiempo",5,home
Tiene un tamaño perfecto.,4,luggage
"Perfecto el calentamiento del agua,evidentemente no puedes esperar que el agua se caliente a 35º pero la función que se describe en el producto, la cumple",4,lawn_and_garden
"Le faltaban el bolígrafo azul y la pizarra y su correspondiente bolígrafo, pero era un regalo y ya lo abrió y utilizó, así que no puedo devolverlo. Ojo antes de abrirlo, ya he visto que no soy la primera. Por lo demás curioso, pero caro. Fue un regalo de última hora, si no, seguramente no lo habría comprado.",2,office_product
"Mal funcionamiento desde el principio. Lento no, lo siguiente. Media hora literal para arrancar. No me han hecho la devolucion de uno de los dos que compre. 4 meses para resolver el asunto y sin devolverme dinero, argumentando q in ordenador tiene una clave, cuando no arranca ni para resetearlo. Mal, fatal. No compraria nada en esta empresa.",1,pc
"buena idea y funciona al principio, pero se empezó a despegar y al final perdí la tapa! Tienen que mejorar la adhesión ya que el sistema es muy práctico",2,wireless
"Me gusta lo fácil que es de poner , lo que no me gusta es lo lejos que se ve el que viene por detrás , le falta aumento o otro enfoque",3,sports
No es térmica como indica la descripción.,2,sports
"Sabor intenso a chocolate, para quitarte el antojo de éste, con algo de creatina que también ayuda y buena cantidad de proteínas. Si no eres de dulce no creo que os guste, en mi caso sí.",5,grocery
Complicado de ajustar se oye mal cuando pasa de 60 ke hora,3,wireless
No lo volvería a comprar. No tiene más funciones que una pulsera de actividad normal.,2,wireless
"Me gusta mucho, es más grande que los otros dos que tenía. Este parece una carpeta. En la foto no se ve bien, pero es de un bonito color azul. Además se van alternando los colores, pero basta con cerrarla rápidamente y el color que se desea queda fijo. Yo las uso en las mesillas de noche, pero está muy bien para llevar de viaje y tener siempre una lámpara a mano. De cerrada no se sabe que es, parece un cuaderno y a todos les sorprende al abrirla, además se puede colocar en diferentes posiciones e incluso tiene una pequeña argolla para colocarla. La batería dura bastante y su conexión para cargar está muy bien camuflada.",5,home
"Es un buen protector. Lo hemos usado este verano toda la familia. Parece denso, pero si se frota un poco antes se aplica bien. Mi niña tiene la piel delicada y no hemos tenido ningún problema ni reacción. Todo ingredientes naturales.",5,drugstore
Buena calidad y buen precio,4,automotive
"Tal y como sale en la web, envío muy rápido a precio ajustado a la baja",5,book
"No está mal, quizás un poco pequeños pero hace la fiesta más amena y divertida, lo k tienes k montar tu los accesorios",5,toy
"Decepcionante. Lo recibido no tiene nada que ver con lo comprado. Pese al precio ínfimo, lo considero una estafa",1,toy
"es de buena calidad y muy decorativo , quizas los colores podrian ser mas intensos",4,home
"Cumple la función. Y en comparación con otros ""aireadores"" con la misma función hace menos ruido",4,kitchen
"Cuidado si se trata de una oficina, las fundas las factura una empresa italiana con lo cual no puedes repercutir el IVA.",1,pc
Funciona muy bien tanto para inflar como desinflar en coche y en toma doméstica. Muy útil y práctico,5,sports
Herramienta muy útil para el día a día y muy practica,4,home_improvement
"El producto ha venido en perfecto estado. Es bonito, liviano y no hace prácticamente ruido. Mi puntuación es porque realmente no cumple la función que esperaba, que es ambientar la habitación con el aroma. Apenas huele, a menos que se acerque la nariz. Utilizo aceites esenciales puros, y he probado poniendo más cantidad de lo que se recomienda, y aún así el olor que deja en el dormitorio es sumamente sutil.",3,home
"A los pocos días a una se le separó el cristal de los filamentos. Como no es incandescente sigue funcionando, pero sin cristal. Ahora otra de ellas ha dejado de funcionar. La luz es cálida y yo creo que no llega a ser tan luminosa como una de 60W. El consumo en lo único bueno que las veo.",3,home
"No se puede decir mucho sobre ella. Buena, como todo lo de la marca. Eso sí, venía con un par de rasguños que, bueno, intentaré tapar con alguna pegatina.",5,office_product
No llego a encender lo devuelvo,1,drugstore
Bastante descontento porque no son nada cómodos. Si lo se me espero a comprar otro modelo aunque fuera mas caro.,2,furniture
Muy entretenido y adictivo. Para todas las edades,5,toy
Para manchas en tejidos como sofás o tapicería de coche no sirve puesto que no las elimina ni aplicando un rato antes directamente sin diluir. Para limpiar de polvo y suciedad superficial va bien. No deja ningún olor y se seca rápido.,3,home_improvement
Lo devolví porque no soportaba la pica duración de la batería.,3,wireless
"Buen precio, pero demasiado duro. Después de 1 mes usándolo han aumentado los dolores de espalda. No lo volvería a comprar.",2,furniture
"me parece un cuento muy pequeño. El precio es un poco caro para lo pequeño que es, aunque la historia no está mal.",2,book
Hola.me ha puesto que he comprado este producto q lo podre tener nada mas q se descargue y no se si es q se ha exo mal y me ha comprado la version del libro digital xq yo quiero el libro fisico. Me podriais ayudar??,1,digital_ebook_purchase
"Muy mala calidad. He visto dos momit home, y en los dos los digitos de la pantalla parpadean. Pierde la conexion gate-termostato todo tener cobertura 4G excelente en casa. Lo he provado dos semanas y no ha habido una sola vez en que la temperatura del termostato y la que sale en la app. coincidan. En resumen, malo malo malo....",1,home_improvement
quiero que me devuelvan el dinero,1,electronics
"Cumple con las expectativas a lo mejor no es de lo más cómodo pero los resultados se notan desde las primeras 24h si quieres un blanqueamiento express es el producto ideal. El inconveniente, el nuevo tono de los dientes dura muy poco y dependiendo de cada persona puede dar un poco de sensibilidad a los dientes",4,personal_care_appliances
"Me ha decepcionado bastante por el material La forma, diseño y confección bastante bién, pero el material el plástico puro y duro",2,luggage
Encaje perfecto buena calidad relacion precio,5,wireless
"Está bien, pero no me encajaba donde quería poner y lo tuve que devolver",4,electronics
"El artículo bien, calidad-precio muy bien, si tengo que ponerle un pero diría que debería venir con una bolsita para guardarlo",4,sports
Buen acabado. Buen aspecto y un precio muy razonable,4,wireless
En solo dos meses la grabación se ha quitado muy mala calidad,1,apparel
"Tras leer las críticas positivas y teniendo en cuenta que tiene un precio muy económico, me animé a comprar esta toalla de microfibra para desmaquillarme. No sólo no cumple su función (no retiró todo el maquillaje y no retiró nada del rimmel waterproof), si no que me produce irritación en la piel, tengo que añadir que yo tengo la piel muy sensible, quizá una piel normal, pueda insistir dando más pasadas y eliminar todo el maquillaje. Tal y como se indica al recibirla, la lavé antes de utilizarla por primera vez.",2,beauty
Los textos están bien Perón los tiempos no están bien explicados,3,book
"Juguete con calidad, duradero en el juego y muy realista con los sonidos emitidos.",5,toy
"Fatal!!! La caja y trozos de la jaula rotos, faltaban piezas y tornillos Una decepción, me esperaba algo mejor Devuelta",1,pet_products
hacen una luz bastante convincente. el problema que me he encontrado es que cuesta mucho hacerlas entrar en la lámpara. las guias de la bombilla son mas anchas que las ranuras de la lampara y no se pueden meter hasta el fondo. he comprado otra marca y no he tenido este problema.,2,home
Todo es fantástico salvo el tacto. Resbala demasiado,4,wireless
"Pues lo compre para una utilidad muy distinta a la que realmente tiene. Me ha gustado porque por el precio que tiene me viene muy bien para desmontar para golpes, lunas, etc. Es rígida y sólida y se puede adaptar a la altura necesaria.",5,musical_instruments
Se escucha bien y tiene autonomía,5,wireless
"Todo bien, la cámara frontal y trasera flojea. Lo demás bien",3,pc
"No vale para nada. No funcionaban, Venían usadas y creo que una estaba rota. No recomiendo su compra. Mejor las bombillas de toda la vida.",1,automotive
"Vigilad al pedirlo, el transportista me lo quería dar en una rotonda cerca de donde vivo... No me lo quería ni acercar a la puerta del bloque. Muy mal TDN... Da muy mala imagen al vendedor...",1,furniture
"pude apañarlo a un c4 grand picasso,hace su funcion ,de momento con el cachorro de cinco meses funciona, a ver de mayor",3,automotive
Cacharrito normal. Chinorri. Materiales de calidad justita. Cumple bien pero va lento. La bateria se carga más rápido en un USB.,3,electronics
Según mis expectativas,5,book
No es rectangular. Esta mal cortada y además no absorbe,2,home
"Regular, apenas tiene fuerza, es relajante pero no tiene mucha intensidad, si te pasas rebosa el agua y hace más ruido que otra cosa.",2,personal_care_appliances
"Casi todos eran repetidos, solo entraron tres modelos",2,toy
"Libro sin ninguna otra pretensión que entretener en las tardes de verano, cuando no quieras pensar y simplemente necesitas leer algo divertido para caer en los brazos de Morfeo con una sonrisa. Por lo demás, historia previsible, personajes alejados de la realidad, situaciones absurdas, etc, etc. Eso sí, escrito con mucho sentido del humor.",2,digital_ebook_purchase
"Para el precio que tiene no se le puede pedir mucho, pero lo peor es que genera mucha electricidad estática.",1,sports
"Es mas pequeña de lo que dice en el anuncio, no entran 4 adultos",3,sports
"Es una tarjeta de gran velocidad. Buscaba poder grabar en mi cámara, una Sony 6500, a 4K 100mb y con esta tarjeta puedo grabar sin problemas hasta dos horas y media.",5,pc
"Me ha venido rota, por el precio que pagué no la he querido devolver, tengo que hacer palanca para abrir la tapa, no había posibilidad de cambio",1,kitchen
"Es facil de poner, pero no estoy contento, todas las hojas quedan marcadas, es como si el toner estuviese mal, no me lo pediré otra vez",1,office_product
"Las zaptillas no está mal, físicamente son tal cual se ven en las imágenes, pero han llegado algo grandes. Son acolchadas y la suela está bien, pero lo peor es que no transpiran, con lo cual no son aconsejables para pies que suden porque cogen mal olor enseguida.",3,shoes
El producto era acorde con lo descrito.,4,luggage
Se me rompieron la tenazas al segundo uso. Lo barato sale caro.,1,home_improvement
"Quería el bolso para una boda y aseguraban la entrega al día siguiente y no fue así, la entrega se retraso 3 días, no he podido tener el bolso para el día que lo necesitaba, aun así el bolso es bonito",2,luggage
"Blanco radiactivo, esta se va a poner negra en dos días, y habrá que ponerla con lejía cada dos por tres.",4,other
"Se lo doy a mi bebé cuando está un poco estreñido y va genial. Se lo doy en el bibe del agua y va bebiendo poco a poco, el efecto no es inmediato, pero funciona. También vale para adultos.",4,grocery
Calidad precio baja . El fallo más grande que le veo es que en la parte central la pegatina de carbono negro no se le ve el patrón del carbono solo unos reflejos .ahora haber cuanto tiempo aguanta la laca que trae sin ponerse amarilla,2,automotive
"Estas sandalias no han recibido un trato inapropiado ni un uso intensivo. No se han usado para hacer caminatas ni nada por el estilo... Y en pocos meses de uso se ha roto la piel que cubre las plantillas, en la parte de los talones. La zona central de la plantilla es muy blanda y cómoda pero la parte exterior tiene un reborde algo más consistente y se va formando un poco de escalón y es de donde se rompe la piel que cubre la plantilla. No me parece una duración ni un resultado dignos de una sandalia outdoor de me costaron 68 €. Me gustaría saber si se puede hacer una reclamación",1,shoes
"CONTANDO INCLUSO LAS ARANDELAS SON 30 CM, NO 40 COMO DICEN.",1,personal_care_appliances
Había comprado en otra ocasión un producto similar que me pareció efectivo... Sin embargo este no me lo parece después de usarlo tres días. . Te deja la boca y la lengua negras..,1,drugstore
Estupendos zapatos a un precio muy bueno. La suela es acolchada y el piso confortable. He comprado en 2 colores,5,shoes
Con un simple taladro y estas brocas se hacen las roscas fácilmente y sin apenas esfuerzo. Las he probado y ya se han convertido en un imprescindible en mi taller. Ahora habrá que ver cuánto duran.,5,home_improvement
"La verdad es que tenia mucha ilusión con esta piedra pero es cierto que no vale la pena. He hecho pizzas con y sin y desde luego no vale la pena el tiempo invertido para calentarla, ya que al final la pizza sale exactamente igual en la base si la pones en la rejilla y con su papel de horno. Por tanto he de decir que no la usare mas.",2,lawn_and_garden
"Lo mejor, vienen dos",2,wireless
"mi niña no tuvo suerte para Navidad, su regalo fue defectuoso y se lo devolveré. De la taza ella quiere un scooter eléctrico. el producto no se quiere cargar , incluso si lo deja enchufado toda la noche, he nunca funciona",1,sports
"Muy fuertes y con buen pegamento. Lo he utilizado para pegar una placa solar manteniendo un espacio de refrigeracion con el techo. Aparte le he añadido sika en la parte delantera, pero creo que sin ella tambien aguantaria.",5,home_improvement
Dura mucho pero se hacen pelotas,3,beauty
"Acabo de recibirlo y está partido, ahora me toca perder el tiempo y encargarme de gestionar una devolución, donde te cubren 3€ pero por peso te tienes que gastar 15€. Mejor no comprarlo.",1,furniture
"Lo he devuelto. La verdad que no cumple su función. Funciona exactamente igual que esos bolis con punta de goma. No vale la pena. Si intentas dibujar, tomar apuntes o escribir, ni pierdas el tiempo. Como siempre Amazon un 10 aceptando la devolución del producto.",2,office_product
Aguanta menos que la que tenia. Malisima,1,wireless
"Se lo regalamos a mi hijo de seis años como complemento a la pirámide de Egipto. Muy bonitas las figuras, con mucho detalle .",4,toy
No es como esperaba merece mas la pena cualquiera basica de Vaporella de Polti el vapor es mejor en la que yo tenia Vaporella.,3,kitchen
Calidad precio bueno,4,toy
"La funda me llegó un día antes del previsto. La funda tiene dos tapas que cubren 100% al ipad. Ambas tapas se adaptan perfectamente a la forma del ipad 2018. La tapa trasera es de goma por las esquinas y de un material que imita al cuero (pero debe ser plástico). Tiene huecos para el boton de encendido, tecla de volumen, conector cargador, conector mini jack, cámara y altavoces. Tiene un hueco especial para poner el pencil, este hueco también es de goma para que no se mueva del sitio. La tapa delantera es 100% del material que imita al plástico, está como imantada, lo que permite poner el ipad en suspensión al tapar la pantalla. Le he bajado una estrella, porque se supone que se puede colocar en posición atril pero no he logrado una posición estable, el ipad se me termina cayendo si dibujo en él.",4,wireless
A partir de los 3-4 meses de utilizarlo empieza a perder la eficiencia de la bateria. Aunque tiene el ahorro activado no tarda mas de 10 - 12 horas utilizandolo para redes sociales y ver videos SIN jugar juegos.,2,wireless
"El cargador lo he comprado para una tablet y cargar carga, pero la clavija se queda un poco suelta y no sé si será así porque el original era diferente.",2,wireless
Lo usé hace poco y se me doblaron las camisas igual que si no lo hubiera tenido. Creo que debe quedarse bien apretado y que los bordes no se doblen.,3,home
"eso no protege la pantalla, dificil de poner pues se quedan burbujas y encima es super fino. no vale para el cristal, algo positivo es que el tactil es bueno",1,wireless
"Relación calidad precio muy buena. Lo compré para medir el PH, pero la verdad es que ahora lo estoy usando a diario también para mirar la humedad. Es muy útil poder pinchar para saber al humedad del punto medio y bajo de una maceta.",5,lawn_and_garden
"A niveles generales me está dando buen resultado. Tiene bastante capacidad y fuerza, estoy contenta con la compra. Incluso la báscula. Solo hay una pega, y es el accesorio de las varillas. El mío al menos, no encaja bien. La pieza de enganche, por alguna razón la hicieron en plástico y me parece que no tiene fuerza para empujar el muelle y encajarlo. Los otros dos accesorios encajan perfectamente y sin ningún problema.",4,kitchen
"Silla cómoda para oficina. Cumple las expectativas. Yo mido 1, 78 y el reposacabezas me queda bien.",5,furniture
"Es precioso,a mi hija le ha encantado,es muy vaporoso,la tela del vestido está bien y está bien cosido,es totalmente recomendable.La talla pedir una más de la que lleve habitualmente.",5,toy
Los conectores están muy juntos y los conectores entran forzados,2,electronics
"estéticamente me gusta tanto el diseño como la posibilidad de llevar colgado del hombro o la opción de mochila. lleva un forro interior y tiene varios compartimentos para poner las cosas que mas utilizamos mas a mano. También como positivo al llevar la ""tapa"" es mas difícil abrirlo cuando lo llevas tipo mochila, evitando así un posible robo (aunque si se lo proponen pueden) lo que no me acaba de ser cómodo, es que cuando lo abres (la ""tapa"" para acceder al interior) pesa mucho y el bolso tiende a caerse por el peso (cuando lo llevas colgado claro... la cremallera va algo dura, y me da la sensación que no tendrá una larga vida.",3,luggage
"Excelente calidad, igual que en la.fotos",5,toy
Rapido y de muy buena calidad,5,baby_product
"no se oye, no vibra, lo lee muy bien la tv, rápido en traspaso de datos. Una maravilla",4,pc
"llegó pronto y todo bien. El formato muy soso, para ser una colección completa pero la serie bien. Un acierto de regalo",4,other
"hice el pedido en un color especifico y me mandaron el que quisieron, si te dan la opción de elegir el color y no sirve de nada.",3,sports
"La calidad de construcción es muy sencilla pero son exactamente lo que esperaba por este precio. Vienen 10 unidades pero no cuentes con todas ellas, seguro que una o dos se van a romper. Aún y así tienen bastante fuerza y son muy útiles!",3,home_improvement
"Me mandaron el pedido 2 veces y nunca llego. El vendedor se ha portado fenomenal, enseguida contesta y al final me devolvio el dinero.",3,wireless
Muy fatal la parte de atrás se para saliendo no es todo plástico es carton,1,lawn_and_garden
"Avisa que no tapa la muñeca no obstante los dedos son también demasiado cortos, para ser una talla L parecen para las manos de una muñeca... los había comprado para mi novio y resulta que me valen a mi que vivo a escala!",2,beauty
"Genial, es un juego muy divertido, ya lo conocia y nos decantamos por comprar este. Es genial para jugar con mucha gente",5,toy
Es de buena calidad pero muy sencillo Me esperaba algo mejor Y para su precio me parece mucho para lo es el producto,3,office_product
"En el apartado positivo; - Precio increíble. - Luz bastante brillante. - Blanco frío. Lo no tan positivo; - Un tramo tiene leds cuya luz ""tiembla"" No lo recomiendo si quieres iluminar algo de una manera constante, ya que me da la impresión de que el parpadeo se hará molesto... a menos de que tengas la suerte de que el que compres no tenga ese problema. Yo lo he usado para colocarlo bordeando el somier con patas, como luz ""anti-tropiezo"" cuando te levantas por la noche. Para una función así, la verdad que no se me ocurre mejor solución a menor precio.",3,home
"Muy buena calidad.me esperaba que la talla fuera escasa, por la esperiencia en otras plataformas.pero todo perfecto.ojala tuviera mas diseños.",5,apparel
Suben con demasiada fuerza. Para bajar hay que hacer músculo. No los recomiendo.,2,automotive
"Supongo que habrá quién le haya sacado provecho, a mi es que no se me da hacer huevos duros, se me queda pegada la clara a el cascarón, pensé que este producto me lo resolvería, pero no, hay que usar aceite para uqe no se peguen los huevos, y no quedan con esa textura de huevo duro/cocido, quizá no esté utilizándolo bien, me parece un precio caro, supongo por la marca.",1,home
Instrucciones en inglés.,1,wireless
las amarillas no me han gustado mucho.,2,home
"El producto es muy bonito, pero nos ha llegado faltando piezas. Lo hemos devuelto.",2,toy
llego un paquete vacio. es una estafa.,1,drugstore
En la transmisión de datos como una película en alta definición 4K sufre cortes por lo que no cumple las expectativas ni la transmisión a la velocidad que propone.,3,pc
"Soluciona mucho la vida al no tener que estar pendiente de la comida y saber que si te despistas, ella sola se apaga. Es genial para programar y que se ponga a cocinar mientras no estás, para que cuando llegues tengas la comida lista. Sus funciones son muchas (arroz, pasta, guisos, vapor, horno etc) y aunque cada una viene ya con la temperatura y tiempo indicados para el tipo de receta, lo puedes variar en algunas de ellas. Muy fácil también si no eres un cocinillas porque lo hace sola. Si prefieres algo más elaborado (hacer sofritos antes del guiso por ej) también es posible. ELijes el programa, y cuando acabe, añades lo que tengas que añadir y vuelves a elegir. Se puede abrir durante su uso para controlar como va o añadir ingredientes. Tiene función para mantener caliente la comida. Consume menos que la vitro, ahorra tiempo y dinero, y es muy fácil de lavar. Tanto si te gusta cocinar como si no, lo veo un buen aparato por muy poco dinero. En el manual vienen 100 recetas pero en su página web hay muchísimas más de cualquier tipo.",5,kitchen
"Tal y como me esperava aunque incluso algo más grande. Es perfecto, me encanta porque pues ir tanto arreglada como informal, coincide al 100% con la imagen.",5,apparel
Muy adecuado de tamaño para un pequeño espacio. No es fácil encontrarlo con esas dimensiones en el mercado actual. Buena calidad de materiales y fácil manejo. Muy recomendable.,4,wireless
"Pero como se puede descargar algo que yo no he pedido, esto Amazon lo debería solucionar ya",1,other
"No puedo opinar, nunca llegó",1,other
La calidad del plástico no es muy alta pero aguantan. Hay varios articulados y de momento ruedan bien. El tamaño para manejarlos un niño de dos años están bien.,3,toy
"El cubo de basura es muy bonito y cumple su función de dar un aire juvenil al cuarto de baño. La escobilla es un poco endeble. El mecanismo de montaje no es suficientemente robusto y con el uso se desmonta. En general, contentos con el producto.",4,home
"Lo que estaba buscando, me sorprendió con la rapidez que llegó, hubo un incidencia en la direccion y se subsanó inmediatamente. Recibí el pedido en menos de 24h.",5,lawn_and_garden
Lo primero es que tuve que pedir talla menls porque talla enorme . Tenían bien a pinta pero decir que nada que ver... En la primera puesta las costuras de los elásticos y cinturilla se descosen haciendo agujeros. No las volvería a comprar.,2,apparel
"Me gusta, cubre bien, se extiende bien y color bonito. Al ser mas denso y cubriente a veces resulta algo pesado, pero en general me gusta.",4,beauty
"Veo que el único pero que pondría es que son más bien pequeños o al menos, la goma superior aprieta mucho en la muñeca. He tenido antes de otras marcas e iban por tallas. Por lo demás, la relación calidad precio...está bien.",3,home
"Puse las luces en el exterior y no ha durado ni los meses del verano y el principio del invierno. En cuanto hubo lluvias, se han estropeado.",1,home
MUY LINDA Y ES ORIGINAL LLEGO ANTES DE LO PREVISTO IMPECABLE PORQUE ERA PARA EL CUMPLE DE MI HIJA AGRADECIDA POR LA ATENCION!!!,5,toy
"Llegaron a su hora, suenan muy bien y los utilizo para ir a caminar entre 1,5 y 2 horas y siguen funcionando, lo que me resulta algo incómodos es su tamaño sobre todo si es para realizar ejercicios algo movidos, pero la verdad es que merece la pena.",3,electronics
Esperaba algo de mayor calidad siendo de la marca Rotring,2,office_product
No se para cuando alcanza la temperatura y el material es muy endeble,2,kitchen
"botella de tamaño perfecto, fácil de beber y fácil de rellenar. Si que he notado mejor sabor en el agua, ya que con el filtro que tiene en el tapón limpia de impurezas. El material es resistente, se me ha caido un par de veces y está perfecta. Seguramente compré nuevas botellas en otros colores para mis hijas.",5,wireless
"Mucho factor de rizado, el panel táctil falla debido a esto desde el primer dia. En menos de un año ya no funciona, no realiza carga del equipo",2,pc
Llevo dos años usando este champu pero lo compraba siempre de las perfumerias y ahora comprandolo por amazon me lleva una mala sorpresa.Este champu no es el que usaba...me salio caspa y me queda crespado y fatal el pelo.Dinero tirado en la basura...no lo compres te vas a equivocar igual que yo,1,beauty
"No me reproduce mp4 en la entrada usb no se por que,por que pone que lo reproduce alguien me lo puede explicar?",2,wireless
"Aunque ya habia comentarios anteriores que se quejaban de que el cable es corto yo no creí que fuera tan corto. Se queda colgando en el aire ya que tengo el Laptop colocado en un sitio un poco mas alto que la mesa. Creo que se calienta demasiado, es como si la potencia de los circuitos estuviera ajustada al mínimo. Me temo que esto va a reducir la duración del aparato. tenia otro hub comprado en amazon, pero con conexión USB2 que no se calentaba nada y ha funcionado perfectamente durante años. Si fuera fácil y sin coste devolverlo lo haría para comprar otro",3,pc
No se ajusta a las medidas.,2,home
"Amazon como siempre un 10. Sobre el producto decir que, es una maravilla. La huella digital funciona de fábula. Es muy rápido para un uso medio. Lo único que flaquea son las cámaras. Pero por este precio no se encuentra nada igual, ni parecido. Además lleva android casi puro, por eso va tan fluido. Lo volvería a comprar sin duda alguna.",5,wireless
"Es una pulsera, reloj, LED, deportiva pero cuesta bastante ponerle el número correcto, pero por el precio que tiene no te puedes quejar. Esta echa de un material bueno y elástico.",4,watch
Muy buena calidad pero talla muy pequeño,3,automotive
No está mal pero demasiado pequeño y y a la hora devolverlo gastos a cuenta mia 36€ casi lo mismo que su valor y me lo tuve que quedar no lo recomendaría por eso soluciones ninguna que puedes esperar,1,home
"Lo compre para regalárselos a mi sobrino que juega en el ordenador y necesitaba unos, dice que le encantan, el sonido es bueno y el micrófono va de lujo, me puse con él a probarlos en el ordenador y la verdad que la calidad es excelente, me esperaba mucho menos ya que el precio no es excesivo. Gratamente sorprendida, lo recomiendo.",5,pc
Es muy potente y eso hace que si únicamente quieres espumar un poco un café con leche ya calentado tengas que tener muchísimo cuidado para no derramarlo. Para hacer espuma en la jarra de leche antes de servirla es estupendo y muy ràpido.,3,kitchen
"Libro muy simple profundiza muy poco en cada historia, sin dar más detalles",1,book
"No hay mucho más que decir, bailan dentro del zapato.",2,drugstore
"Como indica la descripción del artículo, son 16 moldes diferentes, tal cual la foto del vendedor. Todos bien hechos y sin taras. - El envío tardó aproximadamente un mes en llegar. - Muy buena relación calidad precio.",5,home
"La funda no se adapta completamente a la botella y hay que tener un poco de cuidado para que no se desplace. Es un poco alta para ser de 500 ml y no cabe en los pisos de la nevera, sólo en la puerta.",3,sports
"Necesitaba este artículo el pasado viernes. Hoy es lunes y no lo tengo, porque los repartidores de amazon lo entregan en recepción, a pesar de que estamos en casa.",1,home
"Buenas noches, montaje normal lo unico malo que nos ha llegado golpeada la parte superior de la messa",3,furniture
"me ha encantado esta compra, lo he utilizado para ordenar ropa interior y pañuelos, se queda todo super recogido. Facil de montar",5,home
"El escritorio está bien para el precio que tiene. Pero en la descripción ponía que los bordes estaban redondeados. Ni mucho menos, el borde donde pones la muñeca para usar el ratón podía provocarte cortes en la muñeca, no tenía buenos acabados en los bordes y así es imposible darle uso de no ser que pongas algún apaño en los bordes.",2,furniture
Limpia muy bien pero se calienta muy fácil.,4,kitchen
Llegó pronto pero arañado por dentro de la puerta,3,furniture
"El producto me llegó en el plazo indicado, pero parecía que había sido desembalado, las protecciones estaban mal colocadas y algunas rotas y faltaban los tornillos para el montaje de accesorios. He tenido que comprarlos en el mercado. En cuanto al artículo en concreto lo llevo utilizando aproximadamente una semana, las partes metálicas y motor parecen bastante robustas, no sucede lo mismo con los plásticos que son muy frágiles. El motor funciona muy bien, arranca rápido y tiene mucha potencia, tal vez demasiada. Un poco menos de potencia y peso vendría bien. Logicamente el consumo es bastante elevado, aproximadamente el doble que otra desbrozadora que tengo un poco mas pequeña. La correa/arnés que lleva para sujetarla es demasiado sencilla, hay que comprar un arnés mas completo dado que la máquina pesa bastante. Incorpora unos accesorios para la protección que, aunque sencillos, siempre vienen bien.",3,home_improvement
Agenda cara que venía la portada marcada y defectuosa... Era para un regalo y cuando lo recibí no tenía tiempo para cambiarlo.,2,office_product
"Producto perfecto, es muy cómodo y casi ni te das cuenta de que los llevas puestos. Al ser de transmisión ósea, con volumen normal puedes oir el exterior perfectamente. Y lo mejor de todo es el sonido. Tengo otros productos de Tayogo y el sonido es brutal (incluso los que son sumergibles) y este es de semejantes características de sonido. Sonido nítido y, si lo deseas, el volumen máximo es adecuado para los que nos gusta escuchar la música muy alta. Tiene 3 botones en la parte derecha del auricular para ajustar volumen (+ ó -) y el tercero para encendido y apagado del aparato. Sabes perfectamente cuando se enciende y se apaga porque cuando lo dejas apretado se oye una voz que te indica o ""power off"" o ""power on"". El control de volumen también te avisa cuando llegas a volumen máximo. Estos dos botones también te permiten cambiar de canción (hacía atrás o hacía delante) si los dejas apretados creo que son mas de dos segundos. El acabado es muy moderno y ergonomicamente es muy cómodo. El embalaje es correcto, protege perfectamente el aparato. Buenísima compra.",5,electronics
"Las mejores sandalias que he tenido, comodas y bonitas, aunque por la suela de goma sudas un poco, merece la pena",4,shoes
"Es muy simple, creo que no durará mas de un verano... No es complicado de utilizar, pero viene sin instrucciones... Tienes que leer los comentarios de otroa compradores para saber como se monta.",2,lawn_and_garden
Algo más blando de lo esperado pero en general bien,3,furniture
"No sirve de nada, no comprarlo es una chapuza de cristal",1,wireless
Muy bonito y practico,4,furniture
Me ha ido muy bien y dura mucho tiempo si lo cuidas y sigues las instrucciones de limpieza,5,personal_care_appliances
"[El azul trepador]"" Este pájaro pequeñísimo,.. "" nada más empezar el libro. Difícil continuar.",1,digital_ebook_purchase
Buen servicio de Amazone y buen producto,3,electronics
"Descripción de producto que lleva a como poco a engaño ya que pone 9 unidades y sólo vienen 4. Del producto en sí no puedo hablar ya que están recién puestas, esperemos que tengan buena duración.",1,home
"Una pena llegó roto por la mitad y arañado, no entiendo como ha pasado esto, que poco cuidado.",3,automotive
"TOTALMENTE CIERTO TODO, FACIL DE MONTAR, TODO LISTO EN EL PAQUETE PARA FACILITAR EL MONTAJE. RECOMENDABLE 100%",5,wireless
"Es una base mala, tela de mala calidad, mal rematada y materiales justitos. Ideal para salir del paso si no te llega demasiado dañada",2,furniture
"Sí, el artículo está bien como puede estarlo un par de calcetines, si se trata de la obra..., ¡es Coelho!, un vendedor de humo internacional, que no recomendaría jamás. Lo compré a pedido de un vecino, era para él. La impresión, encuadernación del libro, correcta.",4,book
A mi hijo de 4 años le encanta,5,toy
Ha venido con los acoples del torno todos movidos por la caja y uno de ellos estaba aplastado. Insatisfecha con el transporte,2,personal_care_appliances
"La medida es tal cual lo pone, y es muy practica e efectiva. La recomiendo totalmente, cumple todas las expectativas.",4,drugstore
"para la cara- normalito, hay cosas mejores. Para el cuerpo no sirve nada de nada. Sirve para hacer el masaje, no para limpiar.",2,personal_care_appliances
Tienen buena calidad y lo que más me gusta es que son de una sola pieza. La única pega que le pongo es que no son tan flexibles como me gustaría,4,home
Es lo que necesitaba para hacer la torta de queso y otras parecidas. Estoy satisfecha. La calidad es muy buena,4,home
Llegaron súper rápido y son comodos,4,apparel
"Muy mala calidad, solo se escucha uno de los altavoces. La solución es que yo pague la devolución del paquete. No me parece nada profesional.",1,electronics
"Viene muy completa la almohada. Tenemos un funda para transportarla super suave y la almohada es de plástico por dentro y con una funda que podemos quitar para lavarla y tambien es muy suave, como la funda de transporte. Es muy cómoda y a diferencia de otras, esta te sujeta muy bien el cuello. Viene con doble boquilla para poder hincharla mas facilmente. El paquete nos invluye unos tapones (cosa que se agradece aunque yo no los vaya a usar) Suelo usar muchas veces almohadas de este tipo para viajar , pero esta realmente es muy práctica ya que no ocupa nada cuando viajamos y va muy bien, sujeta mucho mas que la que tenía hasta ahora.",5,luggage
"Fácil de coger, no resulta pesado y con mucha fuerza y modos para secar tu cabello. El acabado resulta algo cutre, sobre todo en el botón para elegir el modo de secado que parece que va a romperse, pero tiene 3 años de garantía que eso es un añadido por cualquier cosa que pueda ocurrirle. Lo mejor que he encontrado en calidad- precio.",3,personal_care_appliances
"Llego con la manga descosida por dentro, no es un abrigo para mucho frío, talla pequeño de mangas. Por lo demás bien.",2,apparel
"Lo compré porque había leído buenas opiniones. Pero no vale para nada. No se pega nada a la pantalla, lo tocas y se mueve. Hace aguas muy raras. Edito: El vendedor se ha puesto en contacto y me ha reembolsado el dinero de la compra, lo cual es de agradecer. Muy bien por la parte que le toca al vendedor.",2,pc
"Compré 2 unidades idénticas, una para cada uno de mis 2 hijos. La idea era que tuvieran un despertador, con proyección de hora para facilitar el trabajo matutino de levantarse para ir al colegio. De los dos despertadores, uno nunca llegó a funcionar. Lo conecté a un enchufe de casa y ni siquiera llegó a encenderse. Nada, muerto. El otro despertador sí que funcionó inicialmente. Aproveché para probar el cargador del segundo despertador en el primer despertador por si acaso era que el cargador del primero estaba estropeado. Nada, seguía sin funcionar. Lo devolví. Al día siguiente, el segundo despertador había dejado de funcionar también. Creo que el cargador se estropeó. Segunda devolución. Fiasco total.",1,home
"No nos han gustado mucho, se quedan muy tiesos y de textura desagradable",2,apparel
Nivel sonoro no muy alto. Ofrece la oportunidad de complementar el sistema pero no ofrece muchos decibelios,3,wireless
Para mí son unas sandalias muy económicas además de ser super cómodas y lo mejor que son super chulos con sus adornos colores y pompones. Muy encantada con el producto lo recomiendo,3,apparel
"en la Nikon D 750 me permite el disparo para fotografía lenta, enfoque a mitad de trayectoria del botón",4,electronics
"Atención al cliente buena, envío rapidísimo, relación calidad precio del producto absurda. No enfría casi nada, sólo se nota el frescor si estás a 5cm del aparato, enseguida se queda sin agua (y eso si se pone a lo mínimo, que ya ni a 5cm enfría). En general, la atención y todo lo que viene de Amazon bien, pero el producto, para mí, no vale para nada.",3,home
"Al principio es divertido, pero llega un momento que se convierte en un cúmulo de topicazos sobre hombres y mujeres que desespera. Lo he dejado a mitad en standby a ver si me animo a terminarlo.",2,digital_ebook_purchase
"Colores muy vivos, pero para mis hijas de noche, que era el proposito, no me son utiles, porque pierden agua con facilidad.",2,sports
Calidad. Se ven buenas.,5,electronics
Producto igual que en la foto ;fue para un regalo y le encanto,5,toy
"Las tortugas están bien y nadan bien pero vienen sin caja , si es para regalar no lo recomiendo",4,toy
"Bien construida, el color no es exactamente el mismo que el de el ordenador pero no se nota nada, una compra totalmente recomendada",4,pc
Aún estoy esperando que me llegue el pedido y lo pedí hace más de dos meses,1,toy
"Va un poco duro, pero por el precio que tiene ¿qué le vas a pedir? Demasiado que sujeta un flash barato.",3,camera
Muy bonito todo lo que quieras pero no te dura ni un día la batería una estafa y sin usar las cosas que tiene solo puesto en la muñeca no llega al día de duración la batería,1,lawn_and_garden
"El enganche del tubo de succión al tanque es bastante débil, la bolsa dura mucho",4,home_improvement
Psi psa Mi color muy claro y poco apreciable,1,beauty
Muy buena me encanto!!! Llego perfectamente embalada,5,baby_product
"La caja muy bonita, con una gran selecion de pinturas diferentes... Lo malo todo; empezando por la caja que se desmonta enseguida que la abres dos veces, las ceras no pintan es como vela de colores, las acuarelas malisimas, los lapices de colores y rotuladores se pueden usar de esa forma... El precio es bajo, pero con la calidad de los materiales es tirar el dinero. Ni lo compraría , ni lo quisiera de regalo.",1,toy
Me costó mucho encontrar una que secara esmaltes normales y esta la hace a la perfección. Me vino tal cual la descripción.,5,beauty
Mejor imposible. De alta calidad y una comodidad que no tiene nada que envidiar a otros de grandes marcas. Soy triatleta y los uso hasta para correr. Y cuestan una tercera parte.,5,sports
"no funciona, dentro 3 meses, y entiendo que no hay garantia de Jabra ni Amazon. Proxima vez no voy a comprar esos productos de Amazin, muy desilusionado",1,wireless
El pack llegó incompleto con dos calzoncillos!! Además de no venir precintado por la marca.,1,apparel
Me parece mucho más bonita en persona que en una imagen Todavía no he probado si se pone oscura al mojarla Espero que no xd,3,jewelry
"Llego el dia esperado, parece buena a calidad, pero se lo compre a mi mujer y la parte superior aunque el contorno de pecho si esta bien la copas era muy pequeñas para ella que necesita copas mas grandes.",2,apparel
El pack de 2 está bien bastante correcto pero una la luz no funciona por eso le doy solo tres estrellas,3,sports
Muy simple. Nada que ver con Muy simple. Nada que ver con las fotos. fotos. Muy simple. Nada que ver con las fotos. Muy simple. Nada que ver con las fotos.,2,toy
No lo e podido instalar ya que los he tenido que devolver pedí color rojo y me mandaro granate,2,automotive
"No está mal, pero esperaba otra cosa. El olor al ponérmelo no me gusta nada, es como olor a regaliz. Pero luego se nota más dulce, más azucarado. Por el precio está bien.",3,beauty
"Pues a mi me llegó la máquina el 22 de enero Funcionó menos de 10 min y se paró Solicite la devolución, la volví a desmontar entera para poder mandarla El siguiente día lo han recogido pero sigo en espera de la nueva que supuestamente iba a llegar ayer y nada... Cuando la compras la tienes en 24 horas pero Cuando solicitas una devolución el paquete de depende parece que viene de China andando...",3,home_improvement
"El paquete que me llegó pesa 80gr y vienen 72 piezas, pero las piezas que aparecen en la imagen nada tiene que ver con lo que me llegó, eso sí, las piezas son muy bonitas, tal vez en su mayoría son algo pequeñas, pero haré buen uso de ellas, lo mejor que pueda.",3,home
"Es buena opción ante el precio de los originales, duran bastante y eso que yo realizo muchas impresiones al mes, un acierto.",4,pc
Cuidado sol botellas más pequeñas que lo “normal”. La descripción lo decía pero yo no me fijé. En este tamaño mediano la verdad es que sale un poco caro...,3,drugstore
"muy mediocre, dura poco la batería, opciones y manejo espeso tanto que para poner un destino te tiras configurándolo 8 horas, manuales en español no existen.",3,wireless
dificil de cargar y cerrar,2,kitchen
"Estoy muy contenta con el shampu solido. va bien con mi pelo graso, desde que lo uso, me limpio el pelo 2 veces a la semana en lugar de 3 o 4 con los productos en botella. El unico punto negativo es que reseca un poco el pelo.",4,beauty
"Me ha gustado el diseño y el hecho que sea táctil, además de tener tres niveles de iluminación.",5,home
"es la primera vez que compro colágeno con q10 de esta marca, pero la verdad es que me gusta. llego a tiempo y en buenas condiciones, me ha gustado y repetiré compra.",5,drugstore
"Lo primero que me llamó la atención de estos cascos es el diseño, que me pareció precioso y muy parecido a otros de marca muchísimo más cara. No llevan acolchado en la orejera, pero aún así son muy cómodos. Puedes estar varias horas con ellos sin notar que los tienes puestos. La diadema se ajusta bien a la forma de la cabeza quedando a medida, de modo que no quedan muy apretados. Además de conexión bluetooth también tienen opción de conexión por cable jack por si te quedas sin batería o quieres conectarlos a algún aparato sin BT, y en lo más importante, que es la calidad de sonido la verdad es que rinden bien, sin ser una pasada si que cumplen con buena calidad.",5,electronics
"Lo compré para un vendaje funcional en el pie que necesito hacerme al hacer deporte, pero al correr se deshace con el sudor y deja de sujetar adecuadamente. No me ha servido.",1,personal_care_appliances
Perfecta para grandes rebanadas de pan de pueblo.,5,kitchen
"El producto no es que tenga una calidad muy alta, pero como complemento para los LEGO no está mal. Lo único, las piezas a veces no encajan muy bien y la estructura se tambalea mucho.",3,toy
Hace un poco de ruido. Estéticamente es boniti,3,home
"Es lo que buscaba, es un poco más grande l plástico y lo he tenido que cortar para mi golf v pero va bin.",4,automotive
Es bonito pero muy pequeño es para tamaño de cuello de niño,2,sports
Pues creo que esto es una estafa porque la descripción del producto pone que cada paquete contiene 15 unidades yo he pedido cuatro paquetes y lo único que se me ha mandado ha sido 4 unidades,1,automotive
"Buen tejido, buen tacto pero el patrón algo extraño, en una talla M algo justa en los brazos y muy larga en el torso, en una persona de 1,70cm y de constitución media, por lo demás de momento bien. Recomendable.",4,apparel
"El producto esta bien, todos lo conocemos. Nunca sabemos realmente si funciona o no pero se lo ponemos por si acaso. Lo que es un DESASTRE es el distribuidor, quien no consigues que te mande un factura del producto. y el embalaje es otro desastre, en mi caso el producto se había derramado, por que no le ponen papel de burbuja o similar y viaja en la caja dando vueltas y golpes hasta que se derrama. Amazon no hace seguimiento de esto, con lo cual también es culpable de todo esto. Un saludo",2,wireless
"Supongo que por la relación calidad precio está bien, eso sí, no esperes unos materiales de calidad. Las tablas son de contra chapado básico bien recubiertas por embellecedor blanco. La trato con cuidado pq no parece muy resistente al maltrato. Se eleva bien. Montarla me costó porque tiene muchos tornillos, aconsejo atornillador eléctrico para facilitar su montaje.",3,furniture
"Pésimo producto. Un engaño total. No genera gelatina que para ello lo hemos comprado. Es un robo, 20 euros estafados. Tendrían que quitarlo en su totalidad de la venta. Es una vergüenza",1,grocery
"El tejido no es de muy buena calidad, la bolsa no tiene cuerpo, la entrega del producto fue muy puntual",2,luggage
"Pensaba que era mas grande. Pero ha llegado bien, correctamente embalado y ahora solo falta que lo usen lps niños para ver que tal es el producto en si.",4,toy
"Lo compre por los comentarios pero he de decir que en mi caso no ha sido buena compra. Al imprimir sale todo borroso, parece que el toner estuviera vacio. No lo recomiendo.",2,office_product
"Rapided en la entrega, buena presencia del producto. La calidad se ve bien, pero la tendra que demostrar con el uso.",4,automotive
"No se sujeta, el imán no es lo suficientemente fuerte. Me devolvieron el dinero, no quisieron enviar etiqueta para devolverlo.",1,wireless
"Me compré este protector, es muy bonito, viene muy bien embalado y queda perfecto sobre el teléfono, pero, con el primer golpe se rompió en mil trozos. Me duró una semana. Otros protectores muchos más baratos me han durado mucho más.",2,wireless
Todo el verano cargando no carga nada,1,baby_product
Lo leí muy rápido y me encantó!!!,5,book
"Al principio es bastante fuerte. Para mi resulta fuerte y luego es difícil reconocer su aroma. No lo volveré a comprar. Olía mejor sobre el papel, o puede que se suavice con el tiempo.",3,beauty
"Compré esta funda y no la he utilizado hasta el cabo de los meses, tras unos dos meses de uso, me encuentro que la funda se ha roto por la pestaña izquierda de la parte de abajo del ordenador, sin haberle dado ningún golpe, es como si fuera un poco pequeña y hubiese cedido. Me da rabia porque la funda está intacta por que en estos meses no he utilizado prácticamente el ordenador. Es la 4ª funda que he usado y ninguna se me había roto, las he retirado por el uso, y me duran mínimo 1-2 años cada una. Es una decepción, la compré por el color, al principio de ponerla parecía que soltaba un poco de brillo. Venía con dos protectores de teclado, sólo uno español como aparecía, y el color es similar a la foto. Se quedan ligeramente marcadas las huellas pero como es opaca no se notan mucho. Por tanto, no la recomiendo, volveré a comprar las que me han dado mejor resultado.",2,pc
"Ha tardado dos meses en llegar.... Si tienes. Prisa, no te recomiendo para nada a este vendedor. Por lo demás, el producto es correcto.",2,electronics
Cojonudo para correr y comodo,5,sports
"Fácil utilización , resultado esperado.",4,automotive
No llego nunca y el vendedor me dijo que haría un reembolso que tampoco me a llegado pues para poner buena nota.,1,automotive
"El producto se ajusta a la descripción. La calidad de la impresión es más baja que con el tambor original. La impresora no detecta que le he puesto un tambor nuevo y me sigue apareciendo el mensaje de ""cambiar tambor"".",2,office_product
"El producto es super chulo, me encantan las variedades y la originalidad de los dibujos, pero en cada lavado se me despega sino antes. Y lo de coser no me apetece mucho.",3,home
"Los sentidos de los agujeros para montarlos no están alineados, y las medidas no eran las esperadas. Fallo mío.",2,furniture
Desastroso!! Al primer intento de girar la llave se rompió. Muy mala calidad! NO RECOMENDABLE!,1,home_improvement
Grande rapido envio pero poca potencia le cuesta mucho tragar la mierda a nada que sea una piedra pequeña o algo ya no puede con ella pero para salir del apuro esta muy bien,2,automotive
"A falta de ver como se comporta el material en tema de desgaste del color, en principio queda perfecta. Le doy 5 estrellas porque me ha sorprendido la calidad de acabado",5,sports
"Desafortunadamente, las pilas no duran mucho, pero eso es simplemente el consumo de las cámaras Arlo, a veces la cámara no funciona y no son las pilas desde luego.",4,electronics
"Pedi las negras con cristales azules y me llegaron negras,doradas y naranjas los cristales y con la bandera de jamaica en la patilla.",1,wireless
"No funciona. Nada, como si fuera solo un trozo de plástico. No es que no sea compatible es que ni la pantalla se enciende.",1,kitchen
"Muy Justito..... cumple su función, por el precio que es poco mas puedes pedir.",3,musical_instruments
"Los protectores de esquineras y cantos son perfectos muy mullidos , evitan perfectamente que se hagan daño en cualquier porrazo... pero en cuanto a los cierres no sirven para nada mi niño tiene un año y tal y como los he puesto los a abierto así que mi gozo en un pozo.....",2,baby_product
Uno de los bolsos nada más que ponerlo del asa se rompió. Me gustaría poder enviar el defectuoso y enviarme uno nuevo,2,luggage
"En una palabra GENIAL !!!! Calidad precio fantástico.... Ideal para equipaje de cabina, dura y manejable a la vez... De 10 !!!",5,luggage
"Completo pero demasiado pequeño, lo había imaginado mas grande",3,toy
"No tienen topes las patas, deberían tener alguna especie de límite porque es muy inestable y no para de moverse, casi se me rompe el objetivo por confiar en ello, eso o se dió de sí muy rapido todo y tiene poquísimo uso... no lo recomiendo.",1,camera
"Es la última edición, de 2018 y de tapa dura. Muy bien",5,book
"vendedor rapido,articulo bueno y muy completo,recomendado",5,wireless
"Como positivo, es mas grueso que los protectores que había comprado hasta ahora y aun así, eso no le influye en el manejo del movil, por lo que confío en que proteja mejor la pantalla del teléfono. La caja donde viene esta bien presentada pero las instrucciones de instalación vienen en ingles. Aunque ya he puesto varios protectores y el sistema es similar en todos, no recordaba el orden de utilización de las cosas y he tenido que usar el traductor. La pegatina que se utiliza para pegarlo no venia puesta y había 2, tuve que usar el traductor para saber cual era y aun así no me quedo muy claro.",3,wireless
"Grandísimo libro del cual he podido sacar muchas enseñanzas que sin duda voy a aplicar ya no solo en mi trabajo, sino en mi día a día. Gracias Rosa",5,digital_ebook_purchase
Ya no funciona el cargador. No funciona Zona WiFi. No funciona el adaptador que viene en la caja para USB Paso un mes de la devolución y aun no me reintegran el dinero.,1,pc
"Lo dicho, el producto cumple con la función de proteger. No pasa nada raro con la cámara ni nada, aunque el slider es un poco difícil de alcanzar debido al grosor de la carcasa. El motivo por el cual he decidido poner una estrella es porque la respuesta táctil del teléfono después de poner la carcasa es bastante peor que sin ella. A veces no registra los toques y es muy molesto, ya que una de las virtudes de este móvil es la rapidez con la que puedes ejecutar las acciones. No recomiendo esta funda protectora.",1,wireless
"No he recibido el pedido al día de hoy. Espero que no se haya perdido durante el transporte, pueden comprobar si lo voy ha recibir?.",1,pc
"Hola, el producto llegó antes de tiempo y la máquina fue un regalo para mi padre,pero me comentó que afeitaba bien.",4,personal_care_appliances
"Parece que tienen una calidad aceptable. Al final no los he usado, pero tienen buena pinta. Se les puede cambiar la combinación por la que uno desee.",5,wireless
"Cuando lo colocas notas que no se adpata a la pantalla curva del teléfono. No reconoce apenas el táctil (hay que apretar muchísimo la pantalla) y escribir es horrible. Para colmo no funciona el reconocimiento de huella. Lo voy a devolver, es una estafa!",1,wireless
genial buen producto sencillo pero efectivo,5,pc
Hace menos de un año que lo tengo y ya se ha oxidado por varias partes,1,home
Ciertamente es un libro con diversión asegurada pero me ha llegado con la tapa en español y el interior en alemán. Además la cubierta está rozada.... Quizá alguien ya lo devolvió? Ya no me llegará la sustitución a tiempo... Deberían prestar más atención a estos fallos tan garrafales.,2,book
"Ha llegado rapido, y justo lo que queria segun la descripcion.",5,baby_product
"Para el dia a dia, de traqueteo, y si no le exiges demasiado la verdad es que va bastante bien, si necesitas algo con mas potencia, o para espacios grandes no lo recomiendo.",4,electronics
Estoy muy a gusto con la compra e echo,4,home
Si quieres que dé bastante aire tienes que subirle el nivel y entonces hace ruido considerable. Pero como cualquier ventilador. Sí que me ha gustado el sistema y el diseño. Al final me lo he quedado.,3,kitchen
"En principio parece una buena compra. Sólo el botón de metacrilato parece falso. En pocos meses se rompe. Espero que tenga garantía, porque no es de recibo",2,kitchen
"No aguantan, se despegan. La idea es buena pero el material es malo.",1,home
"El movil no me funciona me lo mandaron hace 3 meses y apenas lo pude utilizar porque trae la placa base estropeada y debido a esto: no me escuchan en las llamadas, no lee el internet bien, la pantalla se queda bloqueada... y a dia de hoy no me han dado ninguna solucion, amazon me dice que no se hace responsable, y el vendedor y la casa sony me dicen lo mismo. Estoy a punto de poner una denuncia ya que el movil me costo 300€ y el arreglo de la placa base me cuesta 180€ y eso no lo voy a pagar porque aun me queda minimo 9 meses de garantia",1,wireless
La correa es como se describe Esta bien lo unico que si tienes un perro muy movido la correa se retuerce y se enrreda. No creo q la vuelva a comprar,2,pet_products
"Decepcionada por la compra, era para un regalo y me vino todo rayado y sin el pincel . Porfavor un poco más de seriedad con el envio y con la gente que confia en ustedes.",2,beauty
.....se ha roto en el primer día.,1,toy
"No sé cómo de milagrosa será, pero desde luego es un buen producto para tratar las zonas más resecas del cuerpo, como codos, pies, etc. Personalmente me gusta usarla en zonas propensas a las estrías y como mascarilla para la cara durante la noche. También la he probado en los largos del pelo y en el cuero cabelludo con buenos resultados.",4,beauty
"La tuve que devolver porque se rompió en el primer uso, no lo recomiendo",1,home
No me parece cómodo. Pensaba que sería más confortable. He gastado mucho para tener que compre un colchón nuevo.,1,furniture
No está mal aunque se me queda pequeño para llevarlo todo,3,luggage
Buena compartimentación y tamaño.el asa se ha roto al mes..,3,electronics
se ajusta bastante bien a la descripción del artículo He quedado contento con la compra calculando calidad y precio. bien bien,4,home
"Cumple perfectamente! Ligero, muy plegable, fácil de encender (electrónico) fuego fuerte, su punto ""flaco"" los pequeños brazos que tiene para más estabilidad de los utensilios de cocinar, pero no defrauda, si está bien equilibrado funciona muy bien!",4,sports
"Esta bien para llevar de viaje y no cargar con un “armatoste”,en mi opinion es un poco pequeña y los bordes del arenero un poco bajos tienden a no quedar para arriba por lo demas cumple con su cometido veremos con un poco mas de uso como se lava y como se desgasta su interior",4,pet_products
Ha funcionado durante un año. Luego no cargaba. Pero la devolución ha sido muy rápida ya que tenía garantia,1,pc
Está muy bien y llegó pronto,4,wireless
"Llego antes de tiempo, trae un cuentavueltas además .... me gusta mucho el material de revestimiento, hace muy cómodo el trabajo, para empezar labores esta perfecto ... pero si has utilizado ganchos buenos de croché se nota la diferencia en el acabado de las agujas. Obviamente x el precio del kit es mucho más que aceptable.",4,home
"Bonito, pero genero malo.",2,home
Producto Lindo y práctico. Me hubiese gustado un manual de uso,4,beauty
"El guante viene enorme y no se quita tan fácilmente los pelos tal y como se anuncia. Además no venía ningún tipo de indicación para saber como limpiarlo. El quita pelos tampoco cumple con las expectativas. No viene empaquetado ni con las instrucciones de uso. Incluso viene abierto el aparato en sí, no se si por rotura o porque no está bien hecho. Creo que para lo que uno paga, no está bien hecho y deberían dar opción a talla el guante y el otro enviar las instrucciones al menos por correo.",1,pet_products
"2 retrasos en el envío, lo queríamos para reyes y llegó tarde, aún habiendo hecho el pedido 1 mes antes casi. Fatal el envío, el producto era para regalo y no me han transmitido queja por el momento.",4,baby_product
"Me encanta! Muy buena funda, buen material, y buen aspecto! Se encaja perfectamente la camera Fujifilm, y se protege muy bien también.",5,camera
Muy bien y buena relación calidad/precio. Envío a tiempo y bien embalaje. Funcionamiento normal y sin ningún problema de momento,5,camera
Compré el primero en marzo del 2017 y el envío fue satisfactorio como era de esperar por parte de Amazon. El cargador hacía su trabajo super bien lo que me dio motivo de comprar otros dos cargadores más en noviembre del mismo año. Ahora después de medio año dos de los cargadores no cargan porque el micro usb se ha quedado flojo y no conecta bien. Es una pena porque por lo general da buenas sensaciones. Pero no creo que me compraría ninguno más de esta marca. Por lo que no me queda más remedio que tener que pedir otros dos ya que me hacen falta.,2,electronics
"Me ha llegado con un solo tubo de conexion a la piscina y, por logica, debe llevar dos (uno de entrada y otro de salida). No la puedo montar. Que solicion me dais?",2,lawn_and_garden
"Buen producto hecho con buen material, pero cuidado con la medida del vástago yo lo he utilizado en cuero grueso y no me ha valido he desperdiciado unas cuantas piezas. Por lo demás lo dicho anteriormente.",4,home
Estafadores nunca me llego el pedido ni devolución del dinero.,1,wireless
"no entendí cual es su función, porque depilar no depila ni un solo pelo por más veces que la pases.",1,personal_care_appliances
"Mejor de lo que imaginaba, era para un regalo y quedó la persona encantada.. El servicio de entrega , muy eficaz , me llegó antes de tiempo , mucho antes.",5,lawn_and_garden
No está mal por su precio pero me vinieron todos iguales,3,home
"No es lo esperado, ya que no absorbe, protege que no pase pero se va para los lados el líquido.",2,baby_product
"Limpié una alfombra y quedó bastante bien. Queda un olor agradable a limpio, como a detergente. Fácil de usar, solo quitar las tiras adhesivas, esparcir por la superficie, cepillar con una escoba o cepillo, dejar actuar 20 minutos y aspirar. La pega es que se llena todo de polvo blanco, y que hay que aspirar varias veces para que quede bien.",4,drugstore
"Buen tamaño, y muy buena capacidad de batería. Ahora, los inconvenientes: Teléfono lento, en muchos casos De vez en cuando, la pantalla se apaga durante unos dos segundos A la hora de descargar algo, es muy lento. Por lo demás, si solo lo vas a usar para el WhatsApp, Facebook, y poco más, es un teléfono, el cual te va a servir.",4,wireless
"He pedido dos pinzas , una perfecta , la otra vino fallada , se estropeó el mismo día",3,home
"Se ajusta lo suficiente a la pata de mi perra pero aun no los he probado en la playa o nieve que es la razón de la compra. De momento bien, a ver como se ajusta cuando corran.",4,pet_products
"No se si el producto expiró porque en un mes de pruebas me han salido todas negativas. He comprobado con otras marcas y ....si,el otro ha salido positivo. Es un engaño. No merecen el dinero.",1,drugstore
algo cara por ser original pero la verdad son buenas,3,camera
"Móvil gama básica. Para el precio que tiene y un uso normal (WhatsApp,Facebook,etc...) Esta bien,pero no recomendado para juegos.",4,wireless
"Cómo no se puede esperar menos de Spigen, es una funda excepcional. De gran calidad y muy bien diseñada. Aporta solidez y seguridad al terminal haciéndolo, eso sí, un poco más grueso. No le doy las cinco estrellas, porque no es compatible con soporte magnético para vehículo. Aparte de eso, repito, es una gran funda. Buena compra. Satisfecho con Spigen, y no es la primera vez.",4,wireless
"A medida que se iba agotando la batería la tablet se calentaba cada vez más llegando a ser alarmante. En la parte derecha de la pantalla, con fondos oscuros, se veían tiras de luz como si la pantalla estuviera deformada y escapase luz blanca",2,pc
"Muy cómodo para llevar todas las tarjetas bien organizadas y protegidas. La funda cierra muy bien, es resistente y permite almacenar un gran número de tarjetas.",4,camera
"ES GRANDE, EL ESPIRAL DE PLÁSTICO, ALGUNAS PARTES PLÁSTICO DUROS, NO LA HE PROBADO, SOLO ESPERO QUE NO SE ROMPA RÁPIDO, LE DAREMOS UN VOTO DE CONFIANZA, POR LO DEMÁS GENIAL",4,lawn_and_garden
"Todo llegó dentro de los plazos,me encantan estas tintas, las he utilizado ya y me gusta mucho los resultados",5,home
"Después de tan solo 6 meses de uso, la capa mas superficial de la sartén ha empezado a desprenderse. No se si eso es normal o que pero hay una cosa segura: ese material está saltando a mis alimentos. He preguntado al fabricante para saber si es normal o es un defecto, ya veremos.",2,home
"Les pongo un 3 porque llegaron rápido y bien empaquetados pero aún no los he utilizado, ire informando cuando los pruebe",3,office_product
"Definición: No cumple con su cometido. Es decir, una señal de VGA no la convierte a HDMI. Aparato inútil ""una caca"" que no devuelvo por el poco precio que tiene, prefiero tirarlo a la basura.",1,home
Entregado en fecha y corresponde con lo anunciado,5,wireless
"Por el precio no esperaba que fueran una maravilla, pero algunos de los colores llegaron rotos y quedan inutilizables. No lo recomiendo.",2,beauty
"decepcionante, se quedan todas las manchas de los dedos en la pantalla y lo peor es que no reconoce la huella de ninguna de las maneras, despues de una semana y colocar los dos protectores incluidos lo voy a quitar y probar otro",2,wireless
"Esta súper chulo a mi niña de 9 meses le flipa. Canciones , frases y sonidos en inglés. Resistente, tamaño y colores perfectos para niños.",5,toy
"La verdad es que por el precio que tiene aparenta buena calidad, la luz es buena (no te vas a deslumbrar), fría, la lamparita si es cierto que la chapa que tiene coge temperatura, pero en mi caso me ha durado una semana, simplemente ha dejado de funcionar, después de esperar un mes casi a recibirla... claro que la perdida ha sido poca.",2,pc
todavia no he probado el producto pero el echo que se entregue sin embalaje ninguno y con la caja del producto dañada no me parece nada bien sobretodo porque su precio no esta rebajado asi que se podria conseguir el todo en mejor estado,2,camera
Ha llegado sin precinto y sin instrucciones. Es evidente que ya alguien lo abrió antes. Lo devuelvo y espero q me lo envíen precintado.,1,beauty
"La aguja se hunde al intentar bordar con la tela que te proporciona. Los hilos bien, pero la aguja no vale para nada.",1,home
"Producto malísimo a los dos o tres dias ya no funcionaba el cable, luego no hacía contacto y se acabado saliendo donde se conecta para cargar... total mi hijo decepcionado y sin su luz.",1,home
Cocina pasta sin esfuerzo.,5,home
"Calidad baja. El tejido excesivamente fino. Dibujo se ve poco. Cubre poco del sol. Se deforman enseguida, de hecho uno ya estaba deformado y no hubo manera de ponerlo bien.",2,automotive
Genial el producto...,5,baby_product
"Lo he utilizado en varias ocasiones hasta que finalmente tuve que rehusar, es incómodo y no resuelve los ronquidos de forma eficaz.",1,drugstore
"Inicialmente ha funcionado muy bien, con buen grip y con unos rodamientos muy buenos. Sin embargo, al poco tiempo de usarla se ha roto uno de los rodamientos, volviéndola inutilizable.",2,sports
La funda está bien pero no encaje a perfección se queda algunos botones como el del sonido y el de apagado tapados,2,pc
"se supone que tiene protección para que mis libros no se mojen, pero hace días cuando estaba el temporal de lluvia se mojaron...publicidad engañosa, por todo lo demás bien, buena presentación, tamaño,etc...",2,luggage
Que despues de casi dos meses aún no lo he recibido,1,watch
"Para el precio que tiene, el producto no está mal. El cable parece nylon, pero es porque lleva una cobertura plástica, pero es de acero, lo que debería evitar las típicas roturas de otros modelos de nylon Es un poco grande, pero supongo que es porque el cable es algo más grueso que en otros modelos",4,office_product
No la recibi en el tiempo indicado.,3,electronics
No eran los adecuados para mi aparato,2,drugstore
Al colocarla tapa el micro y no me escuchan cuando hablo así que no sirve de nada,1,wireless
Solo el tiempo me indicará el resultado. Aparentemente muy bién,4,kitchen
"Es lo que pone en la explicación, pero como tienen orejas y cuernos, algunos llegaron rotos",3,home
Producto muy bueno. Era lo que buscaba. Muy resistente y no deja la puerta hacer daño a la pared.,5,baby_product
"La verdad, estoy contento con este producto. El aceite deja la barba suave y definida y ayuda a poder peinarla como quieras. El estuche en el que viene es muy chulo y tienes variedad de fragancias. El olor de los diferentes aceites es muy agradable y tienes variedad. Como único pequeño punto negativo, tal vez resaltaria que el olor no es muy duradero, en unas horas desaparece casi por completo. EDITADO: Cuando compras este producto, la empresa fabricante se pone en contacto contigo para animarte a hacer una buena critica del producto, ofreciendote muestras gratuitas de una nueva gama de aceite. Las muestras gratuitas nunca te las envian y me parece una tactica un tanto cutre y de tomar por tontos a sus clientes para intentar animarte a poner un buen comentario sobre su producto.",3,personal_care_appliances
Bastante cómodo para transportar. Tiene una luz blanca muy útil para limpiar el coche en sitios cerrados como garajes.,5,automotive
Envío muy mal después de que ha llegado tarde el producto el transportista Tourline lo ha devuelto a su base sin llamarnos por teléfono para recoger el envío ahora tardara dos otres dias mas Calificacion -1,1,shoes
No tiene caratula extraible,3,automotive
"Buena calidad, buen cristal templado, muy rápido!! Mucho menos tiempo del indicado en llegar!! Tan solo que el color es un poco apagado y poca variedad. Espero que hagan más modelos que seguro me pilló más tonos.",4,wireless
"La impresora reconoce que no es original aunque permite seguir imprimiendo. Supongo que, a corto o medio plazo, tendrá consecuencias",2,office_product
El conector de AC no es europeo.,1,pet_products
Buen artículo muy muy utilizable fácil de abrir i cerrar le encantan el regalo que le es echo una pena que el elevador sea asta 9 kilos pero lo demás todo bien gracias,4,baby_product
Fue un regalo por lo cuál no sé qué rendimiento esta tendiendo.,4,wireless
"La calidad no está mal, pero los colores no coinciden con los que se supone que trae...al menos 2 de ellos.",3,beauty
"Correcto, pero nada emocionante.",3,digital_ebook_purchase
No es amargo como suele ser la stevia. Me encanta y lo mejor es que es 100% stevia,5,drugstore
"Totalmente reconendables, hicimos volar los 5 sin problema. Son de calidad y vale la pena. Volvere a comprarlos seguro.",5,furniture
Compre la talla M de la braguita negra con faja y la costura superior de la braga queda muy baja por lo que hace la forma del trasero rara... ademas aprieta mucho la entrepierna. (Mi talla de pantalón es una 40),1,apparel
"la mesa es justa de tamaño , los cajones algo pequeños y sobre todo la calidad es muuy justa",3,furniture
"El material del carrito es de una madera buena, pesada y resistente. Un poco de dificultad con los tornillos, vais a necesitar un destornillador mas que el instrumento que viene con la caja pero a parte de esto todo estupendo. Ninguna queja.",4,furniture
Intento leerlo desde mi móvil pero no me sale la opción. Únicamente puedo hacerlo desde el ordenador desde el que hice la compra. No sé si estoy haciendo algo mal.,2,digital_ebook_purchase
"Atención postventa EXELENTE ! Gracias, vendedor !",3,furniture
"Muy buena alfombrilla y bastante grande. Pasé a esta alfombrilla de una de gama baja y la diferencia se nota mucho, el ratón corre bien y al mismo tiempo ofrece buena precisión. La recomiendo.",5,pc
"Bueno, la verdad que por bonito sí, la correa muy fina para mi gusto. Pero al tenerlo con el bluetooth activado, cada dos por tres vibra porque se salió de su conexión con el móvil, cuando lo tengo en el bolsillo de la chaqueta. Osea que tiene poca distancia de uno al otro...",2,sports
Mas pequeño de lo esperado y además las cerdas son de silicona,3,kitchen
"acostumbrado a uno que daba mas calor creo que a este le falta potencia,claro que entonces su consumo sería mas alto, otra cosa que no me gusta es la dureza del dial de encendido, casi hace falta sujetar el electrodoméstico con una mano para accionar el dial de selección de modo y encendido",3,kitchen
"Encaja a la perfección, se ajusta muy bien, para el precio que tiene cumple muy bien su función. Lo volvería a comprar.",5,sports
Llego en el plazo establecido. La descripción del artículo está bien. Cumple su función correctamente y es exactamente lo que esperaba. Lo compraría otra vez.,5,automotive
"Reloj para nadar que no resiste el agua. Se estropea y, el servicio técnico de amazon te cobra lo que uno nuevo para arreglarlo. Un timo total.",1,sports
"Bien al escuchar música, pero con las llamadas me comentan que no se me oye bien, se escucha más el ruido de fondo que mi voz. Son más grandes y anchos de lo esperado y si no tengo cuidado se me caen.",3,electronics
mala menos de 2 meses y ya no funciona,1,pc
"Es perfecto para tener los cabezales del cepillo eléctrico en su sitio y en orden, es lo que andaba buscando",4,home
Hola buenos días me llegó el pedido pero me falta la pieza de plástico para poder abrirlo (tengo otro igual y si que me vino),2,industrial_supplies
Fácil de uso. Funciona perfecto El asiento es un poco pequeño,5,home_improvement
"Sinceramente al terminar de montarlo es un producto que queda bien, yo lo he puesto en el techo, a sido bastante complicado.. al final hemos optado por desmontar las barras para colocarlo mejor.Eso si,los tornillos súper apretados, nos hemos echo daño en las manos al apretarlo, puesto que el hueco para atornillar a muy estrecho.Hemos tardado al rededor de una hora.. digo hemos xq hace falta dos personas, al menos para colocarlo en techo. Una vez terminado ha quedado bastante bien y se ve que los materiales son buenos.",3,home
Conos para hacer deporte,5,toy
"Lo devolví porqué para ser un reloj tan caro, la correa es de plástico duro y malo",1,watch
"pedi dos de la misma talla pero distinto color el negro me queda bien y el gris pequeño , nos podemos imaginar el control de calidad del fabricante",3,apparel
En cuanto comenzó a llenarse de datos -unos 800 gb- empezó a dar errores de lectura y escritura. No quiero pensar qué ocurriría si dejo información en este disco duro después de formatear mis tarjetas de la cámara de fotos. Sólo me dejó la opción de formatearlo ¡Un desastre!,1,home
"Devolví el producto y según amazon me ingresaron el dia 21 de mayo, pero no ha sido asi. No hay manera de contactar con amazon cuando algo asi sucede...",2,sports
"El cristal viene muy roto y no es el tamaño de la tablet, aún siendo el modelo indicado. El paquete lo dejaron en el buzón sin más. Sin aviso de entrega alguno y sin confirmación de entrega ni nada. Estoy muy decepcionada.",1,wireless
El protector es bueno y se adapta perfectamente. És muy fàcil de colocar y el resultados es perfecto. Lo recomiendo,4,wireless
"Perfecto, tal como esperábamos, lo usaremos como regalo a los invitados del cumple.",5,office_product
Muy buena calidad precio muy recomendable !!,4,sports
Es una jarra de cristal pero que el grifo es de plástico así como la arandela que lo sujeta .. con lo que si lo compras para no usar plásticos en el agua diaria de beber está jarra no te servirá ...,2,home
muy anchos si tienes la mano estrecha,3,sports
"Para el precio que tiene la estructura es más que razonable. Pero me vino con nueve telas en vez de 10, por lo que tengo una balda menos ....",3,furniture
Esta bien por el precio que tiene,4,home
No he podido ponerlo en hora... no hay como,1,electronics
No me llego nunca!!! Y mi hija se quedó sin los tatuajes para su fiesta de cumpleaños!!!! Y no se donde reclamar!!!,1,toy
"Compré el artículo el 31 de agosto y hoy, 19 de diciembre del mismo año, ha decidido morir. En resumen, ni cuatro meses ha durado.",1,personal_care_appliances
"Cuando combinas 2 lentes pierde enfoque, hay que enfocar bastante cerca para usarlas",3,office_product
La luz es blanca bonita pero no dispersa nada la luz.,2,home
"Siempre he pensado que cuando un autor crea un libro tan bueno como El pecado que mató a Carolina Martín iba a ser bastante difícil superarlo. Y tengo que admitir que tenía poca fe en este libro, pero derrepente me ha sorprendido lo enganchado que me ha tenido que en dos días me lo he terminado. Los personajes son buenísimos, la trama insuperable pero sobretodo,me ha parecido un libro que me ha tenido metido en ese bloque de vecinos viviendo tal cantidad de despropósitos. Solo quiero desde aquí lo descubráis porque lo vais a pasar muy bien. Es un placer leer a Eugenia Dalmau una vez más me ha encantado la manera que tiene de expresarse.",5,book
"Esteticamente es preciosa, hace buena funcion de calentamiento con un poco de ruido para mi gusto pero nada exagerado. Comprare otra mas adelante para otra estancia. Mirad bien el tamaño ya que es algo pequeña",4,home
"No me ha durado ni un año, deja marcas en la mitad del cristal. tiene que estar defectuoso. no lo volveria a comprar",2,automotive
Es válido para el passat Variant 140 cv de año 2006 lo único que cambia es la posición de los cables pero está muy bien para el precio y lo que te ahorras con el original y no veo mucha diferencia. Lo único que deberían protegerlo un poco más para que no se raye,4,automotive
Buen regalo para una niña de 3 años!,4,luggage
Es tal y como se describe en la foto. Buena relacion calidad-precio. Las 4 ruedas dan mucha comodidad y lleva su cierre de seguridad.,3,luggage
"Es de lectura amena y didáctica. Su mayor virtud es la facilidad de entenderse. Por poner un pero, hay cierta desorganización y caos en la forma de presentar los temas, pero no llega a ser molesto.",4,book
Llego en la fecha establecido y en buen estado. Correspondía con lo que anunciaban.,4,wireless
"mala calidad, mala iluminación, bandas azules la he tenido que desinstalar",1,sports
"Trabajo con sonido y reconozco un aparato con calidad y este lo es, es muy útil y versátil y siempre tiene presencia alta donde este, pero es un altavoz de cercanía, no proyecta el sonido, es decir, con mas intensidad o menos no te puedes separar mas de 2 metros de el para recibir una señal clara, aunque todavía no le he dado mucha caña la calidad se nota tanto en la fidelidad sonora como en la construcción de los materiales.",4,electronics
Pedazo de disco. Muy bueno y rápida la entrega.,5,other
"Ligero, práctico, muy contenta con la compra",5,kitchen
"El color amarillo no imprimía del todo bien, dejaba una línea sin imprimir, por lo que cualquier color mezcla del amarillo salía con una raya de otro color. Además la impresora marcaba que había que reemplazarlo... Por el precio que tiene debe imprimir a la perfección. si no quieres calidad para eso compras los clónicos. Solicite el reemplazo y Amazon lo reemplazó a los dos días. Un 10 para Amazon",2,office_product
"La funda encaja bien en tablets de 7 pulgadas. Sin embargo, al no tener funcionalidad Bluetooth, tienes que conectarlo a la tableta mediante un cable, del estilo de los de carga y, a veces, cuesta encajarlo",4,pc
"Para el precio que tiene c esta muy bien. Fácil de instalar y los sonidos, aunque son raros, algunos hay que son el ding dong de siempre.",5,wireless
Me regalaron una en las últimas Navidades y quedé tan contenta que compré dos más para regalar a unas amigas. Las dos están encantadas con el regalo.,4,home
Sonido de llamada telefonica se escucha muy bajo y sonido musica bien pero se corta varias veces,2,wireless
Nada que objetar al producto. Sí al embalaje. Llegó abierto y las 4 cajas aplastadas.. Muy mal. Y muy descontenta,1,drugstore
"Lo he tenido que devolver porque no reconoce un lector dvd/cd externo también 3.0, me fie de las opiniones y esta vez me ha salido mal",1,pc
No funciona el fallo está en la pastilla ya que he hecho prueba con otros y la pinza no hace bien,1,pc
"Todo genial, llegó en su momento y en perfecto Estado.",5,wireless
"Hemos comprado dos unidades para regalar y en ambos casos han quedado muy contentas, el colgante es mayor de lo que parece en las fotos...muy bien y muy bonito.",5,jewelry
"Funciona bien todo menos los botones de abajo. Play, stop, rewind, etc. Para esto hay una App de Panasonic para el móvil que tiene todas las funciones del mando y no falla. Un saludo.",4,electronics
"No es la panacea, ni mucho menos. Demasiado ancho para mi gusto, en las baldas de mi armario no caben 2 una al lado de la otra. Además, si doblas las camisetas según las planchas, es muy dificil acertar con la anchura del organizador, al final necesitas el aparato ese para doblar las camisetas, por lo que no las planchas, algo que debe ser muy normal en los USA pero no en España",1,home
Me fueron perfectos en megane II.,4,home
No hemos recibido el producto,1,office_product
Pasable pero algo complicado el montaje,4,personal_care_appliances
Me gusto todo menos el envase se escurre con las manos mojadas y se cae,4,beauty
"No las pude comprar en Barcelona y las conseguí aquí. Perfectas, como solo necesito una, tengo tres de recambio.",5,electronics
La devolvi porque para mi gusto no calentaba,2,drugstore
"Por el precio de esta, compré en Amazon, de otro vendedor tres cajitas iguales. Pero esta era para un regalo y me urgía. Es de buena calidad. Incluye unas pinzas de plástico para colocar o sacar los dientes. Hay espacio para escribir las fechas de caída de los dientes, pero al ser madera sin barnizar cuesta bastante escribir. Está en castellano, aunque con alguna falta. Buen producto.",3,baby_product
"Todo bien, excepto que el cargador dejó de funcionar al mes de uso, a la 5ª carga.",2,drugstore
"A mi sobrino le gustó el diseño. El envío ha cumplido las expectativas, en tiempo y condiciones adecuadas, es un archivador, sin más historias, el producto es bueno.",3,office_product
Todo perfecto...aunque no llego en un dia,4,office_product
"He comprado estos pañales para un viaje que he hecho a la playa con mi bebé de 2 meses. No entra mucha agua cuando lo metes en la piscina o playa, pero lo que me ha sucedido, es que mi bebé se ha hecho pis y eso sí sale",3,drugstore
"llego antes de lo esperado bien embalado y protegido en un estuche muy mono el reloj era como parecia y la pulserita que parecia muy sencilla en las imagenes, tiene una mariposa en relieve en plata que es preciosa muy razonable el precio",5,watch
Bonito y funcional. Hace muy bien su función y permite liberar puertos USB en PC.,5,pc
"la bolsa es un poco pequeña y el palo de aspiración corto, debería llevar otro tramo que se pudiera acoplar , pues resulta un poco incomodo si tienes que usarlo en superficies grandes. Pero para superficies pequeñas esta muy bien por el precio que tiene.",3,home_improvement
La pulsera ha llegado muy rápido pero me ha decepcionado mucho ya que venia con el cierre roto. Para nada recomendable.,1,jewelry
"Cubre bien los cascos, pero es demasiado grande. Aparatoso. Poco práctico para llevarlo encima",3,wireless
El artículo nunca llegó,1,home_improvement
Los dados se ven bien. Puedes jugar bien. Es divertido Los colores son buenos. La oficina de correos fue muy rápida.,5,toy
"Habla de lugares que siempre he tenido especial curiosidad. Se nota que el autor se ha informado bien de su historia y literatura. En algunos puntos no estoy del todo de acuerdo, pero en líneas generales muy completo y de lectura ágil.",4,digital_ebook_purchase
Va muy rapida y tiene mucha capacidad.,5,pc
Muy bien calidad precio,5,home
"He tenido mala experiencia con este articulo, me explico, puse una pantalla de 27 pulgadas en el centro y luego otra de 23 en el lado de la izquierda se supone que este soporte es para un máximo de 27 pulgadas, pues poniendo una de 23 en unos de los brazos, el articulo se partió a los 10 minutos de tenerlas puestas tirando las 2 pantallas en la mesa, tube suerte que ha las pantalla no les ha pasado nada, pero se podrían haber roto las 2 de la caída, no lo recomiendo, que el producto parta por el uso de 2 pantallas y no eran las dos de 27"" no me quiero imaginar si ponemos 3 pantallas, repito no la recomiendo.",1,pc
"En un mes escaso se ha realizado esa raja y el vendedor no quiere hacerse cargo, no recomiendo su compra a nadie",1,toy
Esta muy bien y lo cubre completamente. me queda un pelín grande y al ser elástica pues siempre tienes q estar arreglando el sofá pero como cualquier funda,4,home
"Correcto. Bien acabado y funcional,",4,home_improvement
"Esta bien, pero me esperaba los grabes más profundos",3,electronics
Tienen una cara en blanco. Pensaba que eran las dos caras en negro. Es una cartulina con una cara en negro. Es de menos calidad de la esperada,3,office_product
Es un juego facilón para mi gusto,2,toy
Tendría que especificar el diámetro de la circunferencia para meter la pulsera ya que no es para todas las Pandora.,2,jewelry
"La verdad es que visualmente tienen buena pinta, pero cuando los usas un par de veces se rompen las brocas con muchísima facilidad. La corona en si parece que está bien, pero las brocas que lleva como no hagas el taladro perfecto se parten. La mayoría las he usado 1 o 2 veces y se han roto las brocas.",2,home_improvement
"Funciona fenomenal, mezcla estupendo en biberones y tazas pero consume un monton. Tengo que cambiar las pilas cada dos semanas.",3,baby_product
"Extremadamente afilado!!! Para cortar la fruta cogería mejor otro modelo menos peligroso. Para ir a por setas, muy bien. Se pliega bien, ocupa poco.",4,home
"Muy mal, no se puede pedir una cosa q no te llegue y tampoco te contesten a los e-mails y devuelve el importe pagado....en fin...ni reloj ni dinero",1,sports
Ya las había utilizado y creía q eran de mayor concentración. No son lo q yo pensaba. Tiene poca concentración,2,drugstore
"El producto me ha llegado con polvo y residuos por dentro del envoltorio. Uno de los moldes de silicona ha llegado roto. En resumen, sucio y roto. No lo compréis.",1,beauty
"Por el precio que tiene no está mal, lo probé y va bien",3,automotive
Esta bien pero los números se borran en menos de un mes,3,home
"No está mal. La. Única pega que le veo es que el enganche se desmonta fácilmente, lo cual no me gusta porque se puede perder. Un poco más grande de lo que esperaba, pero por lo demás bien",4,luggage
"Filtra bien, pero se quedan restos en la costura y no salen al lavarla, a menos que se corte la costura, que es lo que he hecho.",4,home
Pensé q sería negro y es gris espero q no se vea ese color al aplicar en las pestañas,3,beauty
"Es una funda estetica pero poco resistente, sin golpe alguno, el borde superior izquierdo se ha partido dejando el teléfono desprotegido, no la recomiendo.",2,wireless
"Muy buen producto de calidad. Algo más pesado de lo que imaginaba para su tamaño, por con gran resultado. Su carga aprox. para 4000mAh para cerca de dos usos.",4,wireless
"Compré estos libros para leerlos con mi hijo, pero en la compra anunciaban una bolsa de regalo para guardar los libros. Cuando recibí el paquete no había rastro de la bolsa. Solo estaban los libros.",3,book
Llegaron rapido pero son de una calidad regular. ya se ha esportillado sin tener ningun golpe tambien es verdad que al ser un movil curvo no cubre del todo,2,wireless
Buen Surtido variado,5,musical_instruments
es muy útil pero debería venir con un adaptador para electricidad incluido porque se usa más en casa que en el coche,4,home_improvement
Y así es como me ha llegado con la caja rota abierta por dos lados aún no eh tenido oportunidad de probar el producto en si,2,personal_care_appliances
No puedo valorar ya que el producto aún no me ha llegado en mano,1,drugstore
"Las piquetas son bastante resistentes, me llego antes de tiempo y estaban muy bien embaladas. La malla es un poco débil.",4,lawn_and_garden
"Aparenta buena a calidad , es cómoda de guardar tumbada o de pie y cumple bien su función",5,kitchen
La pila no dura mucho.,3,home
"Como todo reloj Casio, está muy bien. Es duro y fuerte, ya ha recibido varios golpes y continua funcionando. Lo recomiendo.",4,watch
En un principio me parece que está bien pero después de 2 días muy mal perdió todo el efecto,1,automotive
Buena relación calidad precio Hace su papel para una SmartTV conectada a un amplificador Sony 5.1 Buen sonido si no eres exquisito.,4,electronics
Es exactamente lo que esperas.,5,kitchen
Me parece original . Lo he comprado para hacer un regalo.,3,home
Buena calidad de la tinta,5,office_product
"La plancha funciona muy bien y es cómoda de usar pero la caja parecía que habían jugado un partido de fútbol con ella, totalmente rota y sin precinto.",3,kitchen
"Construcción bastante endeble, para lo que es, suficiente, pero con un perro curioso no aguanta ni medio asalto",3,lawn_and_garden
Ha llegado rápido y en buen atado. Justo como la descripción. Por ponerle una pega diría que es bastante difícil de encajar la ranura para cerrarlo.. yo me lo compré para el Helix y me queda perfecto. Pero no consigo contactar.,3,jewelry
Muy fácil de instalar. Si se quiere un sonido directo y que no moleste por la noche con poner la locución en inglés está solucionado,4,home_improvement
"Le he puesto 3 estrellas porque es cierto que las teclas son muy grandes, es fácil de instalar y va bien, pero en mi opinión tiene un fallo bastante grande y es que el volumen del timbre no es muy alto. Lo compré para mi padre que es mayor y aunque se lo he configurado al volumen más alto y con la melodía que oye mejor, la verdad es que tiene muchas dificultades para oír cuando le llaman. Así que para personas mayores que tengan algún problema de audición no lo recomiendo.",3,wireless
"Es accessible, tiene un bueno design, y el equipo es bueno y acepta con fluidez los vídeos que quiera mirar, todavía, el software preinstalado no es lo mejor ni más reciente. Tuve de desinstalar su versión de modo, para después instalar la original, más reciente. También es una tormenta instalar lo que sea. Mitad de las aplicaciones que busqué no estaban disponibles para esta box... Al final, tiene de se usar algún truco para hacer las cosas, pero tiene potencial y calidad suficiente para hacer la pena el negócio...",4,other
"Fue recibirla y usarla, es formidable, tamaño exacto y fácil de manejar en la inducción.",5,home
Es un señor libró explica todo muy bien fácil de leer te mete en la historia de España,5,book
"El olor es demasiado fuerte, muy intenso, concentrado, demasiado dulzón y eso que a mí me gustan este tipo de olores. Ya lo leí en otras opiniones y pensé que no sería para tanto... Pues lo es...",2,beauty
"Es muy pequeño y manejable, fácil de aprender a usarlo pero solo en sitios cerrados donde no sople aire si no se hará difícil el manejarlo, aguanta bien los golpes. La batería dura muy poco(menos de 10 minutos) así como el tiempo de carga (unos 40 minutos)",3,toy
"El estampado es igual que en la fotografía el problema es que no es un vestido cerrado lleva un cinturón de tela para cerrarlo en la cintura, es como una bata y no se ajusta bien como un vestido con costuras y cierre",1,apparel
"Precioso, a mi peque le ha encantado, incluso más bonito que en la imagen",5,toy
"Esta bien pero nada maravilloso ni excesivamente bueno.. lo usa mi mujer y no me dice nada bueno de ello,,,tampoco malo.",3,beauty
Pasable pero por el precio perfectas,4,personal_care_appliances
Me ha gustado mucho y la talla es exacta y muy original,1,shoes
"Pués es vestido está bastante bien, relación calidad precio adecuda .en cuanto el envío, pésimo lo dejaron e el buzón sin más..",3,apparel
"Lo pedí por las opiniones de otros compradores, pero la verdad es que como cojín de masaje deja mucho que desear",1,personal_care_appliances
"Pedí la talla L, y necesitaría la Xl.",3,apparel
"Quitar la original y poner esta, un tornillo, nada más. Sencillo y rápido, cumple su función a la perfección.",5,automotive
No puedo valorar el producto porque un mes y medio más tarde aún no ha llegado. El vendedor no responde.,1,beauty
"Muy divertido y manejable, la pega es que no funciona la Cámara.",3,toy
No lo compreis no dura ni 2 semana. Muy mala calidad,1,home
"Mucho más pequeño de lo que me imaginé. Y huele a cuero de mala calidad. A primera vista no está mal, pero finalmente no me sirve.",3,luggage
"Es una carcasa elegante y de gran calidad, perfecta para el Samsung galaxy S7 Edge. La recibí en 2 días, tal como me informaron en el momento de la compra. Como puntos negativos podría destacar que es un poco resbaladiza.",5,wireless
"Buen producto que responde a lo q uno busca en una funda de movil,robusta,elegante,practica y funcional,satisfecho con el producto comprado",5,home
Estaba contento con el funcionamiento de Amazon. Pero más y más... Se esta convirtiendo en un dolor de cabeza. Artículos que supuestamente van a tardar unos días en llegar...y tardan semanas. O peor...que ni siquiera llegan. Y para colmo... Te lo apuntan como entregado. Comprar a través de Amazon se esta convirtiendo en una lotería.,1,sports
Genial. Solo la usé con agua fría pero la mantiene genial.,5,sports
Material muy bueno y robusto. Tiene peso y da una imagen casi real de la tuberia. Decorativo 100%,4,furniture
"Se lleva bastante cantidad de pelo, de todas formas yo tengo 2 Ragdoll y tienen muchísimo pelo",4,home
"De momento sí funciona.Tapé un poro que tenia el bombo de la depuradora y hasta ahora incluso con la presión que tiene,aguanta",4,home_improvement
"el articulo llego bien y en el plazo indicado, las orejas del monigote se rompen con facilidad pero en general esta bien acabado. Un saludo",3,toy
Para saber o introducirse en la época de ese gran personaje histórico que fue Alejandro Magno.,4,digital_ebook_purchase
"Es impermeable pero no transpirable, por lo demás si esta bien",2,furniture
"Devuelvo el producto porque la calidad del sonido no es buena, en las llamadas hay eco y apenas permite alejarse unos metros (4 como máximo) El punto a su favor es facilidad para acoplarlos y comodidad.",1,electronics
Cumple su función pero el material es bastante malo. No es transpirable y hace sudar más de la cuenta. Se pega a la piel. Hay que poner una toalla encima.,2,sports
"El flash ha durado 2 meses en funcionamiento, a los 2 meses el flash deja de sincronizar con la cámara, de 5 disparos sincroniza 1 o ninguno, mando un email por la garantía y me piden que lo mande a China y que pague yo los gastos, cuando lo pedí tardo 1 día en llegar ya que venia desde Madrid, lamentable.",1,camera
"Me parece una escoba cómoda y de relacion calidad precio aceptable, le falta un poco de succion",4,kitchen
"No la recomiendo! Después de dos semanas usándolas como venía en las instrucciones a la lámpara le dio por no encenderse más! La verdad es que fue una pena, la estaba utilizando para un marino de 60 litros y la iluminación era perfecta. La he devuelto sin ninguna clase de problemas de todas formas no la comprare otra vez porque a pesar de tener buena iluminación las calidades me parecieron un poco deficientes.",1,lawn_and_garden
"Precioso, me ha encantado y lo estoy recomendando a todos. Tiene recetas muy variadas y para todos los gustos. Un imprescindible.",5,book
"Elegí este producto por el tamaño de las ruedas, son un poco más grandes que otros andadores que habia visto y por tanto es más funcional si el suelo tiene irregularidades. Ha venido en buen estado y en plazo. Todavia no lo hemos podido probar mucho en la calle, pero en principio funciona bien y estamos contentos con la calidad del producto. Es ligero y plegable, por poner un punto a mejorar indicar que en los puños los manguitos podrían ser ergonómicos. Pero en general muy bien.",4,personal_care_appliances
"Supongo que es un buen producto, que han reciclado de otro modelo? Sino, no me puedo explicar porque esta diseñado para no cubrir 3mm a cada lado de la pantalla. Es muchísimo. Si se cae por uno de los lados no te va proteger nada. No vale.",2,wireless
"Original no se si será, pero el cargador es más pequeño y no pesa ni la mitad que el que viene con el móvil huawei que tengo, y por otro lado el cable es más delgado y más rígido, así que juzgad vosotros.",2,wireless
Funda muy Fina y muy buen tacto. Da al iPhone sensación de buena calidad. Para mi gusto le falta el círculo abierto en el medio para que se vea la manzana,4,wireless
"Genial juego, familiar, siempre diferente, no aburre. Muy buena calidad",5,toy
Se nota cuando te lo pones aunque te pongas maquillaje y se sale rápido.,2,beauty
"lo mejor de todo es la funda, que muy fácil de quitar para su lavado. por lo demás una silla normal y corriente, pero para su precio no está mal. prefiero una nueva que comprar de segunda mano a precio de nuevo.",3,baby_product
No me ha servido para nada. Tengo la habitación que da al patio y es imposible pillar algún canal. Y si coge alguno es extranjero. No me sirve.,1,wireless
Bastante incómoda y no se queda bien ajustada. No me parece de buena calidad.,3,sports
"Es un poco cutre para el precio que tiene, no lo vale.",2,toy
"En la descripción del ordenador pone que tiene lector de CD's pero no la lleva. Pedimos un cambio porque pensábamos que esta mal el producto pero volvió a llegar sin lector. Por otro lado, se calienta muy muy rápido. Lo encendimos ayer así que de momento no puedo opinar más.",2,pc
"Perfectamente adaptable por su gran elasticidad, lleva cremallera para una buena sujeción. Aunque la tengo poco tiempo tiene buena pinta.",4,home
"Empecemos con lo mejor. Tiene una pinta fantástica y se acopla a la perfección. Pero en mi caso he tenido que quitarlo porque no respondía táctilmente y se hacía tedioso tener que dar a la pantalla o al escribir. Había zonas que respondían mejor que otras, etc. En otros móviles los protectores nunca me fueron así. Por eso lo de mi valoración. Puse los 2 protectores por si me había equivocado en el primero e iban igual. :-(",2,wireless
Uno de los generos que tenia pendiente por leer era la novela negra y gracias a esta historia que me ha sorprendido y me ha mantenido en vilo; no descarte leer mas de este genero. Si os gusta la novela negra os la recomiendo al 100%.,5,digital_ebook_purchase
El servicio de entrega ha sido muy bueno el artilugio funciona perfectamente y es algo muy práctico para aquellos que se manipulan pequeños objetos de hierro.,5,home_improvement
Bufff no me dio de La Luz azul ni de los materiales,3,beauty
Un cable genial para el precio que tiene. Sonido excelente y buena construcción,5,electronics
"El producto despues de tardar un tiemo exagerado, pues no cargaba en condiciones , así que lo devolví.",2,wireless
Se despega con facilidad,2,home
Me ha gustado que viene muy buen preparado para colgar,5,lawn_and_garden
Cuesta mucho montarla y es muy endeble,2,home
"Son monísimas,mucho mas de lo que me imaginaba, y son ideales para poner Hot Wheels mi hijo los colecciona",4,furniture
El primer envío vino roto...... No sé si por culpa de llamar empresa de envíos ..... pero me lo solucionaron Muy contenta aunque un poco tarde porque la entre el primer envío y el segundo se cayó mi móvil y se rompió la pantalla,4,wireless
"tengo un tendero en la terraza y me va muy bien. Me caben mas que en el antiguo, me hubiera gustado un poco mas largo pero ya me va bien",4,home
"el producto cumple con los requisitos en cuanto a impermeabilidad pero después de 2 días se me ha roto nada mas tirarlo un poco, su duración en exterior fue de 6 meses.",2,lawn_and_garden
Es precioso y nada complicado de colocar Lo único requiere un poco de paciencia nada mas,5,home
"Es exactamente igual que en la foto, de eso no cabe duda, pero es considerablemente mas pequeña de lo que parece. Cuando compras este producto esperas que te llegue a casa una mochila grande, no una tamaño estandar tirando a pequeño.",2,luggage
Es un buen tamaño practico ni es grande ni pequeño y tiene un buen anti adherente se ve que es de calidad y no pesa mucho lo mismo que un cazo de acero inoxidable normal.,5,home
Buen producto en relación calidad-precio. No pesa con lo que es manejable. Aspira perfectamente y tiene dos velocidades. Recomendada. Buen compra!!,4,home
"No vale para nada . Las pinzas se derriten ( no tienen nada de resistencia ) y la batería a los 3 meses dejo de funcionar. Malísima calidad , no compréis ninguno de estos .",1,automotive
"No ha servido en mi casa. si los enchufes son profundos, las clavijas de este aparato no llegan, habría que usar adaptadores..",3,home_improvement
El producto es estupendo pero No me pudieron suministrar en Menorca,1,pet_products
"Hemos utilizado las cerezas para hacer centros de mesa navideños ¡Se ven muy realistas! Muy recomendable para hacer coronas navideñas para las puerta, centros de mesa, etc.",5,furniture
"Tienes que montarlo, y viene sin barniz. Pero encaja todo bien.",4,home
Util para lamparas y sencillo de poner,4,home_improvement
"Cuando lo he echado sobre la correa funcionó, pero, a la mañana siguiente el ruido era hasta casi peor que antes. Hay que andar echándolo para quitar el ruido. Funciona a medias, pero creo que si echas agua hace el mismo efecto.",2,automotive
Ya aparece una pegatina rota sin abrir el sobre,1,home
"Me ha gustado su calidad, pero nada más. Resulta incómodo de colocar y se mueve continuamente debido a que las argollas que lleva se descolocan, giran a la posición vertical en vez de en horizontal que es como deberían estar.",2,drugstore
Es el segundo que compro y que deja de funcionar sin haber tenido ningún golpe.Lo compré para repuestos del primero y lo único que he conseguido es tener dos coches que no funcionan.,2,toy
"Antes de comprar tenia mucha duda en comprarla.Pero al final muy contenta.Es una mochila de un buen material resistente y muy elegante, de color negro.Viene bien empaquetada, con una funda para que no se roce, y poder guardarla cuando no la uses, y con una bolsa de plástico llena de aire dentro para que no se deforme.Ha sido una grata sorpresa ver que las dimensiones son grandes, ya que tendré espacio para poder meter todo sin problema, y poder usarla a diario y en viajes, ya que es bastante cómoda. tiene dos compartimentos delanteros, el grande y uno pequeño. En el grande a su vez hay varios compartimentos. Recomando la compra",5,luggage
Gran variedad de figuras de todo de tipo. A mis niños les ha encantado. Ideal para complementar algunos sets de la marca que carecen de figuras.,5,toy
"vienen en una cajita genial, me encanta. Los colores perfectos. Son un poco pequeñitos pero me sirven para muchas cosillas que quiero hacer por lo que estoy contenta. Tanto para costura como para manualidades. Los cogí para costura, ropa que les hago a mis niñas y buscaba pequeños y coloridos, estoy muy contenta",5,home
"Como los pimientos de padrón, unos colores son buenos y otros no. Los colores oscuros prefectos, pero lo claros las bolsas de separan fatal, incluso algunas se rompen al separarlas",3,pet_products
"Muy buena mochila, yo la uso para traer y llevar libros de la universidad. Muy cómoda, espaciosa y con muchos compartimentos.",5,sports
"Desde que se instaló no he vuelto a tener ningún apagón en mi domicilio, este motivo fue el que cambié el que tenía.",5,industrial_supplies
"Me han enviado un artículo de segunda mano con grasa y migas en la base del producto l, en vez de uno nuevo. Venia en caja abierta sin envoltorio de Amazon.",1,home
"En términos generales me ha gustado, pues es compacto y ligero, pero la verdad es que tras usarlo varios días, hubiera preferido que el anclaje fuera vertical, pues por ser de poco peso y el anclaje horizontal se hace un poco difícil sacar los conectores o pen-drive.",3,pc
"Muy bien, colores bonitos y buen tamaño",4,camera
le doy 4 puntos por llegar pronto y por limpiar con esta piedra mejor con pozo del cafe seco no voy a repetir la compra,4,drugstore
Compro muchísimo en amazon pero vamos nunca me ha pasado lo de este año me hecho prime y nada me llega a tiempo! O cosas defectuosas! O a falta de piezas estos cepillos deberían haber llegado jueves,1,personal_care_appliances
Es una mascarilla común y corriente,2,beauty
"Es muy gordita y transpirable, el tejido es muy suave y además el estampado es ideal. Perfecta para el verano.",5,baby_product
"Creí que sería como otro que tengo en casa, pero es muy pequeño, de 10x10 escasos",1,baby_product
"Cuando le das al botón para que salga la ""tetina"", sale contenido del termo como si de una fuente se tratara. He probado a llenarlo de todo, por la mitad y menos de la mitad; con líquido caliente, tibio y frío y me pasa siempre. La primera vez que me pasó fue con café caliente, por suerte llevaba ropa impermeable y no me quemó",2,sports
"Es muy bonito el autobús y juegan mucho con él a viajar y vender los helados que vienen en los dibujos. Como único punto negativo que las costuras donde van los hierros del mostrador de la tienda, se han descosido a la primera y los hierros quedan fuera.",4,toy
Duró menos de un mes. Se despegó. Supongo que no es lo normal.,2,electronics
la correa del cinturon un poco corta me he tenido que comprar una aparte y la tela muy tiesa pero con un par de usos ya es mas docil y va muy bien,4,home_improvement
"Todavía no ha llegado el paquete, cuando llegara? Las fechas que indican no son correctas, avisan antes de la entrega?",1,baby_product
"No funciona. El pegamento que trae para unir el plástico al aluminio de la ventana, al contraerse con el frío, no pega lo suficiente y se termina soltando. Y si preguntas a Tesa te dicen que es que lo has instalado mal. Una decepción, porque la idea es buena. Supongo que habrá que ir a fabricantes con mejor calidad.",1,home_improvement
"Me han llegado hoy, y no me sale el estado de la batería en mi iPhone... a qué se debe que no me salga?",2,electronics
"Igual q en la descripción, pero después de comprarlo lo he visto más baratos en un bazar chino.",2,office_product
Producto muy bueno. Rápido envío. Devuelto por tener el enchufe inglés y con limitaciones de llevar un adaptador. Cuando lo ofrezcan con enchufe europeo lo comprare nuevamente.,3,pc
No sé pega correctamente a los bordes,2,wireless
"De adorno más q dar luz,poca iluminación",3,home
Es un acierto tener un recambio original de la zapata del tripode Hama Star 63 pero algo caro para tratarse de la pieza que es y de un tripode con un valor menor a 40€.,4,camera
Despues de 5 semanas el pedido debería haber sido entregado pero no lo ha sido. Como me han informado hay veces que se pierden los paquetes... La unica opcion que dan es reembolso. ESTAFA,1,home_improvement
"Una maravilla, yo la compré para el trabajo y cumple su función de maravilla.",4,sports
"para lo que vale, ni merece la pena, si es buena copia, pero, no funciona nada, pesa mucho y demasiao grande con respecto ala foto y que encima la correa es MALÍSIMA el soporte que hace es pésimo, ayer cedió una varilla se me cayó el reloj al suelo, estaba a nada de pedir la devolución, le tendré que poner otra correa, tendría que haber cogido la de cuero o tela, la de hierro no merece nada, no compraría el reloj",2,sports
"El producto en si, está bien, lo que le desmerece bastante es que se envíe doblado con la consiguiente dificultad para hacer desaparecer los rebordes de estos dobleces antes de pegarlo en la pared.",3,home
"Nada más instalarlo sólo funcionaban dos colores, y a la semana ya ninguno.",1,musical_instruments
es robusta y parece que la función la hace,3,home_improvement
Después de varios meses de uso continuado con estas bolsas he de decir que me ha decepcionado los frágiles que son. Se rompen con relativa facilidad y ahora el problema viene en encontrar otras más resistentes que se ajusten a la cubeta,2,home
Se mueve demasiado no ha sido lo esperado,2,office_product
"Es una porqueria, no vale para nada, se dobla por todas partes.",1,automotive
El aparato hasta ahora me a funcionado perfecto. Realmente se siente el ambiente mucho más fresco. 100% recomendable sobre todo en lo referente a calidad/precio.,5,kitchen
"Un poco pequeñas, una goma débil pero para el uso que le quería apaña",5,home
"La calidad es bastante buena pero para la sujeción no tre ganchos. Las gomas de sujeción tampoco son fuertes, se rompen si los fuerzas. Pero el verdadero fallo es no traer ningún gancho.",3,furniture
Correctos. Buena calidad. Llegó en plazo.,5,home_improvement
"Me encanta todo hasta su precio. Solo que hay que tener cuidado de que no se nos caiga al suelo porque algunas pie,as podrían partirse.",5,pc
Perfecto para juntas de piezas que utilizan aceites o gasolina.,4,automotive
"Tengo una 100 de pecho y me pedí la L, me queda perfecto y además es super cómodo, no me lo esperaba tanto la verdad. Me lo pedí acolchado porque no quedaban sin acolchar y pensaba que tendría mucho relleno, pero la verdad es que tiene el relleno típico para no marcar nada pero que tampoco parezca que tienes más pecho del que tienes. Vamos que es perfecto. Me lo volvería a comprar sin duda porque además queda genial puesto.",5,apparel
Envio en tiempo. Todo correcto.,4,pc
El producto no ha llegado,1,home
Trasto inútil y dolor de cuello asegurado.directo a la basura!!!!!!!!,1,drugstore
"Debi leer mejor las dimensiones del aparato, ya que son tan minusculas que como no este pegado a el no se aprecian los numeros, por lo demas esta recien instalado y aun no tengo experiencia con él para saber si funciona correctamente.",3,lawn_and_garden
"Funciona, lástima que las medidas para los ángulos que se encuentran a ambos lados se vean poco, pero se pueden sacar...",4,home_improvement
Funciono bien las primeras semanas. A los 2 meses ha dejado de funcionar.,1,home
"Me ha gustado mucho cómo continúa la historia, deja con ganas de más, aunque en este punto ya no sorprende tanto como lo hizo al principio... al menos para mí. De todas formas si te gusta la saga y quieres más, este tomo lo recomiendo mucho.",4,book
"No calienta lo suficiente, no alisa y mucho menos sujeta el cabello, arrepentida de haberla comprado, no la recomiendo",1,personal_care_appliances
"Al segundo dia de utilizarla y con una tension al número 3, la tension de la bicicleta ha dejado de funcionar. Parece ser un problema en el tensado interior. Problema!",1,sports
Esta bien. El secador hecha aire y hace un pequeño ruido como los de verdad.es lo unico que merece la pena por lo demas creo que son cosas que se pueden comprar en los chinos porque no tiene mucha calidad. Mas bien escaso de complementos.,3,toy
Buena relación calidad/precio. Son perfectos para comenzar en el arte del bonsai aunque imagino que las tijeras son demasiado pequeñas para las podas de las ramas mas duras.,4,lawn_and_garden
"No me ha llegado ....despues de dos meses , eso sí el dinero ha sido de vuelto pero me siento decepcionada.",1,home
El producto no fue recibido nunca así que el vendedor procedió a la devolución del dinero,1,jewelry
"Genial, es muy cómoda para hacer manualidades",5,home_improvement
"Horrible, la idea será buena cuando consigan que sea ligero. Si quieres aliviar las cervicales, consigues todo lo contrario porque es muy pesado. No lo recomiendo para nada",1,personal_care_appliances
Es más grande de lo que pensábamos pero muy bien. Nos ha gustado mucho,5,office_product
"Poco que decir sobre este producto, ya que se trata de una funda para el movil. No obstante, me enviaron el que no había solicitado, ya que pedí uno que tenía el dibujo de un dragon, pero bueno, es algo a lo que no le di mucha importancia.",3,wireless
La tira para ponerlo en la muñeca da muy justa. Los calcetines muy grandes,2,baby_product
Fantástico buena pieza para camuflaje te tapa todo hasta las rodillas si te sientas en un taburete de caza pareces un arbusto buen acabado tiene ojales para colgar tipo toldo acertado no ocupa sitio bien plegado y con funda,5,sports
Se parten las pestañas en 4 meses,1,apparel
Muy malo. Funciono perfectamente pero solo durante 3 meses y se rompió. Se queda el motor funcionando y no para. Muy mal.,1,automotive
"Cumple su objetivo pero es damasiado caluroso para un bebé, no corre bien el viento por lo que la sensación de calor es muy grande.",3,sports
Me encanta la funda! Tiene un tacto de silicona suave y agradable. Por la parte interior es aterciopelado para proteger aun mas el móvil.,5,wireless
"Ya recién abierto y al manipularlo para ponerlo en hora, va y se le sale un botón. Bueno, venga, es barato. Vamos a intentar seguir con él y no devolverlo. Aunque de vez en cuando se volvía a salir el botón. El crío ya aprendió a ponerlo sólo y a tener cuidado de no perderlo cada vez que se le salía Pero ahora ya directamente ni se enciende. Ni con pilas ni nada. Un desastre. Es malo, mucho plástico, muy grande y con aspecto de ser bastante cutre Nada recomendable",1,watch
mee encanta son muy comodos y la tela es muy agradable recoje muy bien el pecho viene tambien con alargadores y un cruce,5,apparel
Valoro el envio. Una vergüenza como ha llegado de arrugado. Lo pensaba regalar pero no quiero que piensen que es de segunda mano. Llevo años comprando libros en Amazon y nunca me había pasado. Habrá que pensarse mejor si comprar libros aquí o no.,1,book
Para principiantes esta bien.,3,camera
¿Como se monta? En el portón quiero decir,3,home_improvement
"Dentro de un garaje o sitio cubierto, perfecta. A la intemperie, la tela no resiste mucho la fuerza del viento y el sol",3,automotive
"NUNCA SUELO AÑADIR UN COMENTARIO A CERCA DE UN PRODUCTO, PERO DESDE QUE ME LLEGO A DÍA DE HOY SE HAN DESPEGADO 2 DE LOS 3 PROTECTORES. EL PROBLEMA QUE TIENEN ES QUE CUANDO TE METES CON LA PULSERA EN EL AGUA SE DESPEGA, ESTA ""ESTUPENDO"" QUE NO PUEDA USARLA PARA PODER NADAR. ES DECIR, 9 € A LA BASURA. ESPERO QUE EL COMENTARIO INDIQUE AL RESTO DE LOS COMPRADORES QUE ES UN PRODUCTO MUY MALO.",1,wireless
Lo compré para poder ver averías de difícil acceso pero solo me funcionaba con el ordenador. Por eso lo devolví,2,wireless
esta bien pero pensé que el cable era mas largo y no lo especifica en la descripcion,3,industrial_supplies
"Llegaron antes de lo estimado, no le doy mas estrellas ya que los colores no se corresponden el rosa clarito si que es igual, pero el fucsia en realidad no es fucsia si no que es rosa flúor. Por lo demás, todo correcto.",3,toy
"El tamaño es bueno para mis conejos, me llego en marrón color cartón el cual es discreto para las manchas. Lo único es que parece endeble pero esta claro que un conejo no lo rompe",4,pet_products
Una pasada. Una solución muy economica para dar un toque chic al carrito del bebe -aparte protege el colchon. Una de esas compras que te dejan muuy satisfecha- gran resultado por poco dinero,5,baby_product
"Es un poco armatoste, la batería no dura mucho y hasta que lo organizas en español tienes que indagar mucho, instrucciones en chino!!",3,electronics
"El envío perfecto el la fecha indicada, el producto buena calidad y muy completo con protectores de pantalla",5,wireless
"El primer dia perfecto, se instala facil etc. Al mes y despues de colocar 12 tornillos se sigue despegando y acabe por sacarlo.",2,automotive
"seguramente llevan tiempo y se perdio el olor, no volveria a comprarlo.",2,home
"Me ha encantado tanto el diseño y el uso que le doy a esta pulsera de fitness , la batería dura mucho y es muy resistente la calidad del material y esta muy bien la correa de repuesto que viene",5,sports
"son débiles. la unión de las lentes en la nariz se abre a mitad de nado, lo barato sale caro. compraré otras y de otra marca, claro.",2,sports
"El mando va bien, pero yo juego con el original a juegos de conducción y en éste, los joystick son más largos y se nota mucho, tirando a peor. Por lo demás cambia el tacto de los botones, pero nada importante. Supongo que si no eres muy sensible con el tema o no juegas a juegos de conducción, el mando cumple bien su función. - Actualizo reseña: los joysticks y los triggers hacen un ruido eléctrico un poco raro cada vez que los accionas, és muy flojo, pero se puede oír y és bastante raro, la verdad....",3,pc
Es perfecto para escenario pequeños. Tiene 4 botones en la parte trasera para controlar el tipo de luz o el conector dmx por si quieres conectarlos a una mesa.,5,musical_instruments
esta bien para mi opinión es un poco fina,4,automotive
Quería un adaptador wifi para la fibra con el 5g y la verdad que estoy mas que satisfecho,4,pc
"La cama no se corresponde con lo que dice el anuncio. Vamos a tener que devolverla. Se supone que son 190 cm de largo, pero en realidad son 187 cm y la parte donde va el colchón, donde cabe, mide de largo 183 cm. Va a venir un invitado que mide 186 cm y por eso la compramos de 190. Por lo tanto no recomiendo su compra.",2,furniture
Me ha llegado sin las páginas en color del final. Me extraña bastante que me llegue así ya que en otros comentarios he leído que les ha llegado con dichas páginas. Voy a proceder a la devolución del producto.,2,book
"Llega antes de plazo, y cumple con creces las expectativas.",4,pc
"Es lo que ves en la imagen, no es muy grande. Peo encaja con la descripción, tiene diferentes tipos de luz...",4,home
"Este es un reloj muy bonito y se adapta muy bien a mi estilo en el trabajo y en casa. no demasiado grande o voluminoso, mantiene un tiempo extremadamente preciso y el número de modelo de la batería de repuesto está impreso en la parte posterior del reloj. Compré tres de los relojes (diferentes estilos cada uno) y no estoy del todo decepcionado.",5,wireless
Buena calidad-precio,4,automotive
La he devuelto. La silla está bien pero para mi sin brazos cuesta cambiar de posicion,3,toy
El estampado. El tejido es muy fino pero se adapta,5,home
Agenda muy bonita y funcional. Muy contenta con la compra. Buen material y acabado. Merece la pena aunque el precio sea elevado.,4,office_product
"Hice el pedido el 27 de noviembre para regalo de Reyes y aun no me ha llegado, la previsión era para el 29 de diciembre y luego pasó al 4 de enero y a día 5 de enero vísperas de reyes no lo he recibido, no lo recomiendo",1,toy
"el vendedor no me envió el producto cuando estaba en stock y dijo que igual llegaba o no y que se podía perder por el camino y como lo había comprado por 30 euros ni me lo envió ,es una vergüenza que engañes así a la gente .",1,pc
La colonia se sale del bote y no dira nada el olor. Nunca más la compraré aquí,1,beauty
"Me fié de las valoraciones positivas de este producto, pero el resultado no es el esperado. Pasa del 10% al 0% en segundos, y la duración en general no dura ni la mitad de la original. Una pena porque la apariencia era buena.",1,wireless
"Pensé que iba a ir mejor, lo que no quiere decir que sea malo",3,home
La abrazadera de plástico junto al regulador de esfuerzo se rompe al primer uso. El material es demasiado débil para la fuerza que debe soportar.,2,sports
Odio cepillar.e los dientes y este no me lo hace más facil,3,personal_care_appliances
Lo uso en pesca deportiva,5,sports
"La batería no funcionaba, mal etiquetado el ""como nuevo""",1,video_games
"Buena silla, cómoda y ocupa poco plegada",5,sports
"Cuesta un poco montarlo, por lo demás bien.",4,home
Lo compré basándome en las opiniones pero la verdad es que llevo tiempo usándolo y no veo muchos resultados 🤔,2,beauty
"Van muy bien si tienes mosquiteras correderas, fácil de instalar y muy discretos. La única pega son los tornillos que trae, no son muy buenos",4,baby_product
"Caro para los soldados que trae, pero es lo que tiene pagar la marca Disney. Por lo demás están bien terminados y a mi hijo le encanta. Los paracaidistas dejan un poco que desear ya que vuelan poco o nada",5,toy
Va rapida y funciona bien la unica pega que le pongo es el altavoz pero bueno para lo que la uso esta perfecta,4,pc
"El producto llegó en buen estado y rápido, sin embargo, no lo recomendaría. El tacto es rígido y se nota mucho la fibra de plástico. Ni lo he utilizado, tan desagradable me parecía. Me he dado cuenta que por el precio no se puede decir nada, una compresa reutilizable de buena calidad vale más o menos 10 €. Prefiero invertir un poco más.",1,baby_product
"Es una pena, porque son muy originales y relativamente baratos. Se vé por la caja de cartón donde venía el estuche que llevó un buen golpe, de todas formas el propio estuche estaba como mohoso por dentro y olía a rancio. Los he tenido que devolver y no sé si arriesgarme a comprarlos de nuevo...",2,jewelry
"No me ha gustado nada. El sabor horrible,difícil de enmascarar aunque sea un poco. No lo hemos podido tomar en casa nadie,porque a pesar de tomar sólo una cucharadita rasa al día,nos provocaba diarrea muy molesta.",2,drugstore
"Buen sonido,conexión rapida y sencilla lo recomiendo cumple lo que dice y a un buen precio",4,other
"Funciona con un Xiaomi Mi A2, pero sólo en carga lenta.",4,home
Muy bien pero el precio caro hay otras en el mercado más asequibles.,4,home_improvement
"Buenas brocas y a buen precio,son perfectas para cualquier material como hormigón ,piedra o ladrillo,muy buena calidad.bien bien bien bien",5,home_improvement
Esta bastante bien lo único que ace un poco de presión con la tapadera por donde carga yo creo que esta más prepara si la cargas inalámbrica pero por cable es más rápido con el tiempo dañado lo del cable por donde carga si o No??,4,wireless
"Ya tenía un cepillo oral b por el que pagué unos 40 euros y funciona de maravilla. Éste, está muy lejos en cuanto a calidad. No es rápido y no es fuerte. Recomiendo que en caso de querer comprar un cepillo eléctrico, se invierta algo más de dinero y se compre un modelo superior. Merecerá la pena.",1,personal_care_appliances
En dos semanas se ha averiado el altavoz de llamadas y según los técnicos se va a seguir oyendo mal por el altavoz que viene de fábrica,1,wireless
"Pésimo producto,como puede apreciarse en las fotos,las tiras han llegado defectuosas. Están inutilizables,ni una se ha podido aprovechar. Han venido con humedad.A saber si ya estaban caducadas.",1,drugstore
El producto muy bueno y funciona muy bien....hasta que se te rompe la cuerda con un simple tomate. La cuerda no sirve para nada. No recomiendo el producto.,1,home
"LLevo con problemas del articulo desde el mismo instante en que lo compre, se enrolla el casette y me destroza cualquier cinta que le pongo, pero lo peor es que intente protestar varias veces y ni siquiera me lo han pasado a recoger, esto ocurrio en noviembre y estamos en mayo y ni amazon ni nadie se ha dignado en darnos una contestacion...",1,wireless
Muy buenas con la calidad-precio. Buena definición e ideales para guardar en su set y para viajar 👍,5,beauty
"Buenos días Sres, He recibido la Pulsera y Falta el Manual de Usuario en Español (en papel o en PDF) y el cargador de la Pulsera. Espero su respuesta.Un saludo. Jesús Contreras",2,wireless
"Muy económico y hace perfectamente su función. Muy recomendable. Por poner una pega, le dura poco la batería pero sin duda buena compra.",5,baby_product
"Mala presentación aun así se que son buenas porque tengo otras en H4 , espero no tener problemas... y solucionen estas cosas …",3,automotive
No me llego el producto no lo recomiendo,1,baby_product
"Creo que la calidad no es buena, pues se rompen muy fácil. Por lo demás bien.",3,home
dicen que son compatibles pero se salen del cepillo,1,drugstore
Los he metido en una piñata. Son una monada. Lo único es que a todos los llaveros fer les ha caído la argolla cuando cayeron al suelo.,3,toy
"Esta bien presentado y envalado ,fabricacion de buena calidad y muy práctico de funcionar. un poco laborioso de ajustar pero buen funcionamiento en general",4,home_improvement
Todavía no lo he recibido. Si mañana no lo recibo inicio la devolución. Muchas gracias y espero noticias suyas. Saludos,1,wireless
No cubre ni muho ni poco la pantalla. Le faltan como 3 mm por cada uno de los 4 lados,1,wireless
"Hace su funcion, es resistente y practici, el cromado deja que desear A los pocos dias se ve el.metal sin problemas",4,home
Es la segunda vez que pido y la segunda vez que me traen lo que no he pedido. No vuelvo a pedir más.,1,beauty
"Es el producto que quería, a un precio mejor que en la calle y me lo sirvieron correctamente y de forma rápida. Es justo lo que pretendía.",3,apparel
Compra acertada. Es lo que necesitaba.,5,baby_product
"Para el precio que tiene está muy bien, y se monta bastante fácil, la he montado hoy y la apertura de las puertas no desliza del todo bien al no tener rodamientos, a ver lo que dura. Pero lo dicho por ese precio no se puede pedir más, volvería a comprarla",4,home
"En cuanto a calidad, ejerce su función. No es de una buenísima calidad, pero para el precio que tiene, es justo. El problema es lo que me tardó en llegar. Estuve eaperando casi dos meses para recibirlo, aunque las veces que me tuve que poner en contacto con el vendedor, fue muy agradable.",4,home
"Me la esperaba más fina. Es bastante gruesa para ponerla en la muñeca... sinceramente no miré sus dimensiones en la descripción, fallo mío.",3,home
"Es cómoda y no pesa nada, incluso cuando funciona. Ocupa muy poco espacio y el material parece resistente.",4,home
Ha llegado roto el juguete,2,toy
La madera es bastante endeble y te las tienes que ingeniar para montarla bien ya que como viene de fabrica no cierran los cajones bien,3,baby_product
"El adhesivo que trae es de mala calidad, no pega bien. Limpié muy bien la superficie, pero aún así resiste. Mi teléfono es un Samsung A5, que no pesa mucho, pero no resiste el adhesivo. Por lo demás, me gusta el diseño y el material es de buena calidad.",3,wireless
Cumple con su función. Buen producto.,5,kitchen
"El producto me gusto pero vino muy tarde,y no al fecha indicada",2,baby_product
Producto como se describe,4,wireless
"En realidad los prismaticos son como aparecen, pero al agarrarlos me parecen un poco mas rigidos de lo que esperaba.",3,camera
"En la descripción del artículo no figura de modo claro el diámetro , me he encontrado una cazuela de 8 litros excesivamente alta y con poco diámetro lo que la hace incómoda a la hora de añadir los alimentos ya que implica que vayan unos encima de otros aunque sea poca la cantidad a cocinar, unos trozos de carne por ejemplo.",2,home
"La navaja no está mal, es muy robusta y en ese sentido ofrece confianza.La apertura es muy buena y los materiales en líneas generales bien. Le doy 3 estrellas porque el filo que trae, al menos la mía es bastante flojo y lo peor, la cuchilla corta cinturón venía mal acabada, con una rebaba en la hoja que la hace casi inservible. No solicité devolución pero si esperaba más.",3,sports
"Muy buena presentación, plástico muy bueno. Buenos acabados. Se ajusta perfectamente. Tiene mejor apariencia que en la foto del anuncio",5,wireless
"Muy mal resultado, nos duró escasas horas. Tejido muy fino, varillas débiles. No volvería a comprarla. Demasiado grande para la playa",1,home
Cuando se llena de agua y se pone la tapa al introducir en el congelador se sale. La tapadera no sirve de nada,3,home
"Me parece un artículo de buena calidad ( aunque haber que pasa con el uso. Se queda un poco corto con respecto a la pantalla pero como dicen en algunos comentarios mejor así para que no se despegue,por lo demás bien lo recomendaría....",4,wireless
"Traspasa el frío, la obertura es pequeña y te tapa visibilidad y si llevas gafas muy incomodo",3,automotive
"Decepcionada con el producto, porque tenía que venir con 2 escudos según el paquete y solo traía 1, Asique mi hijo dice que Papá Noel le ha engañado!",1,toy
Me llegó el pedido con dos plastidecores rotos.,2,office_product
se me hace un muy buen libro pero me molesto muchisimo que llegara maltratado parecia un libro usado no nuevo,3,book
Ha llegado con un fallo en el remate del borde. No esta cosido correctamente. El producto es lo que esperaba. Pero estoy intentando su devolución,2,home_improvement
Nos ha quedado genial. Fácil de montar,5,furniture
No noto la diferencia en mi cabello al aplicarlo. Hay productos del mismo precio mucho más eficaces,2,beauty
"Se despega y no reconoce bien la pantalla táctil, 10€ tirados a la basura.",1,wireless
"Me encanta esta bolsa. Muy pratica y muy hermosa. El precio es muy bueno, estou pensando en comprarlo de nuevo para regalo.",5,luggage
"Lo compré con la idea de ahorrar tiempo porque el glaseado tarda mucho en secar, pero esto tampoco es muy rápido. Me parece muy caro para lo poco que tiene.",2,grocery
"Calidad de la fijación muy baja, se mueve al instalar. Los tornillos no se pueden cerrar al 100%. Barato, pero calidad muy justa.",2,home_improvement
"Fantástica! Acabados geniales, buena presentación, cumple todo lo que promete, muy contento",5,lawn_and_garden
"Por desgracia, después de estar más de un mes esperando recibir este artículo, nos pusimos en contacto con el vendedor y nos dijo que se debía haber perdido en correos. Al par de días nos había hecho la devolución del importe pagado.",1,sports
"El vapeador está bien, pero en la descripción pone que incluye un pack de líquidos y a mí no me han llegado.",3,drugstore
"Mueble sin pretensiones, es lo que es y a un precio razonable, el montaje salvo algún paso es fácil.",3,lawn_and_garden
"Se me ha roto un dedo casi sin usarlo.Luego la verdad es que son muy molonas y blanditas,ideal para padres que somos los que vamos a recibir los golpes,a los peques les encanta y eso es lo que importa.",3,toy
"Facil de montar y ademas ilumina bastante pero se ve que es barata... Plastico y poco estable, pero su funcion la cumple bien.",3,home
"Lo bueno: estructura reforzada muy robusta, materiales de calidad, hoja de instrucciones (mejorable). Lo malo: el ensamble de las piezas no está bien diseñado ya que algunos orificios no acaban de coincidir con los pernos. Faltan algunas tuercas y arandelas para los pernos. Suerte que los tenía en mi taller de herramientas. Lo recomendaría sólo a expertos del bricolaje.",2,kitchen
"El juguete es lo que es, una Nerf de las sencillas. Las 3 estrellas es porque tiene varios fallos de pintura estando zonas blancas, con restos de pintura negra de las zonas de al lado. Logicamente un niño no se fija en eso y si el juguete funciona (no lo he probado que es un regalo) cambiaré mi valoración a 4 estrellas. En cuanto al envío, todo ok. A pesar de recibir un mail de retraso del paquete, llegó en el plazo marcado",3,toy
"Hace su función, pero es molesto para conectar los cables ya que quedan por debajo del ventilador.",3,pc
Precio calidad bueno,5,home
"Muy cómoda y evita problemas cervicales, la tela te hace sudar demasiado pero bien",4,beauty
"Maravilloso libro. Aun siendo su primera obra, te engancha desde el principio. Trama muy bien hilada y original. Recomendada.",4,digital_ebook_purchase
"Son diminutos, parecen sacados de algún aparato",2,home_improvement
Muy chulos! Me gustan y funcionan muy bien. Son de metal y las ruedas de goma. Están bonitos.,4,toy
"me acaba de llegar a casa. La entrega bastante rapida, el estuche lo veo genial para una niña de 4 años. Leva a encantar cuando lo vea. La unica pega que en la descripción del vendedor pone entre parentesis (paquete de 2) y solo me ha llegado uno.",2,toy
Lo único malo Esq está en catalán jaja,4,toy
"Son unas escuadras como se ven en la foto, no tienen mucho misterio, en mi caso para poner el micro no me termino de ajustar bien, pero fue más bien por mi gusto, en mi caso prefiero poner 2 escuadras y una madera, queda mucho mas estable.",3,electronics
"Tal y como salen en la foto, si bien es cierto que las patillas son de plástico y ceden bastante pronto. No pesan nada eso si....",3,apparel
Para comer en el campo,4,lawn_and_garden
"Buscaba una esponja konjac para probar y este ser me pareció de lo más interesante. Viene un par de 3 esponjas, que tienen un cordel para colgar y una ventosa para ponerla en la pared, así dejar que se seque. Viene plastificado.",4,beauty
"Es muy raro que yo devuelva un producto pero este era de verdad muy mal. Ante todo pesa un monton. Luego montarlo no ha sido facil y cuando terminas si quieres hacer algunos ajustes es todo muy complicado. En fin los pedales nunca encajan perfectamente con la base y se mueven porque no se pueden fijar. Hay otros soportes mas baratos, ligeros, fáciles de montar y ajustar y sobretodo menos caro.",1,video_games
"Calidad media ,pintura escasísima pero no sé puede pedir por este precio una maravilla lo unico más fuerte son las lamas donde descansa el colchón",3,home
"No funciona el mando después de menos de 1 año de su compra y no le ha pasado nada, me gustaría solucionarlo. Por lo demás es una torre muy aconsejable",3,electronics
Se puede utilizar en distintos ámbitos,5,home
Esperaba más perfume y más duración.,1,automotive
"Me ha encantado, los personajes encandilan y convencen, el ambiente mola y es una historia cercana. La historia es corta, pero entretenida y hay de todo. Un punto (y por el que no le he dado todas las estrellas) es que Muy recomendable para leer y para adentrarse en el mundo militar.",4,digital_ebook_purchase
Se rompe fácilmente. De los seis se rompieron dos.,2,sports
Es bonito. Buena calidad precio,4,watch
"Las he comprado para llevar en el bolso. Ocupan poco espacio, son útiles para cualquier compra media y se abren y pliegan fácilmente. Variedad de estampados. Buena compra.",4,toy
"la verdad que el vehículo rueda muy bien por todo tipo de terreno y va bien, el problema es que la batería no dura ni diez minutos , esto hace que al final el producto sea malo.",3,toy
El irrigador está bien para el precio que tiene... es bastante completo Pero si lo comparo con el Waterpik q tenia antes.... la presión no es suficiente,3,personal_care_appliances
"Para pequeños usos, no esperes un super aspirador",3,home
manos libres de oficina,4,wireless
No he recibido el producto,1,sports
Lo pedí ﻿el 12 de febrero y aún no me ha llegado. Lo curioso es que Amazon me pide que opine con la experiencia de la compra porque ya lo tenía que haber recibido.,1,home_improvement
Las bolsas son muy pequeñas con una medida que no es acorde a la descripción. Las costuras cada una a su aire. Valen para cosas pequeñas. Y de color bien. Muy rápida la entrega.,2,home
Bonito diseño. Útil y práctico. Me hubiera gustado que tuviera un recoveco para recojer el cable.,4,home_improvement
Sirve para calcetines de ciertos tejidos (calcetines finos) pero no para calcetines gruesos.,2,personal_care_appliances
Embalado perfecto y llegada en fecha!,5,drugstore
"No esta mal pero los enganches flojitos, comoda, no se nota mucho el peso de la cámara y puedes aceder a ella rapidamente",5,home
"Me parece algo grande, en comparación al grifo anterior. Es muy bonito, de brillo espejo. El agua cae en cascada perfecta. Si se abre demasiado llega a salpicar, por lo que se ahorra agua con este tipo de grifo. El funcionamiento del mismo es muy suave. La instalación es sencilla y viene bien explicado aunque sólo en inglés y alemán. Lo que más nos costó fue desinstalar el grifo antiguo, una vez hecho esto, todo muy sencillo. Hay que llevar cuidado para no llenarlo de huellas, pues enseguida se ven en este tipo de acabado. Por el momento muy contenta. Creo que durará muchos años.",5,home_improvement
"Muy buen producto, transparente y muy resistente. Al principio tiene un olor muy fuerte pero en un rato se va. Lleva el acuario montado 2 meses y ningún problema. Quizá demasiado caro",5,home_improvement
"Devolví la primera EN AGOSTO EN CELERITAS, porque no funcionaba bien, y de momento la segunda va perfectamente",4,kitchen
"No es ni mucho menos para el precio que tiene. Muy bien presentado, pero de difícil instalación.",3,wireless
"Caro para la función que hace, la cual es básicamente ninguna. Sirven más los accesorios que incorpora que el aparato en sí.",1,beauty
"Todavía no los he probado, pero bueno, tengo otros y se como funcionan. Las compré por si acaso alguna vez necesito más.",4,wireless
Son muy económicos y de buena calidad pero no se ajustan con suficiente presión y al comprar 2 pensé que enviarían una para cada lado y enviaron los 2 iguales,3,automotive
"Lo sé usando para adelgazar, con dieta es factible que bajas de peso",3,drugstore
"Llega ha ser muy molesto, dejando marcas en la piel y muy incomodo para llevar",2,drugstore
"Buen producto, sin problemas.",4,wireless
"Llegaron súper rápido,uso un 36 de pie y me va bien la talla s/m.Si que es cierto que cuesta ponértelas un poco si tienes un poco más de gemelo,pero se agradece cuando te las quitas,calentitas y muy bonitas.",3,personal_care_appliances
Esta muy bien aunque me la esperaba más grande,4,musical_instruments
No se ajusta totalmente a la pantalla. Le falta un poco y además no se pega del todo por los filos. Es resistente pero poco más,2,camera
El espejo no es tal. Pero mi nieta encantada con todo el tocador,4,toy
Para su precio mucha caja y poco dentro. Es bonito porque los niños con los imanes se entretienen pero le falta más juego,2,toy
"Es de bastante mala calidad, pero por el precio no se puede pedir más",2,home
"Fatal, dos de ellos rotos y los otros no hacen efecto.",1,lawn_and_garden
Buena estanqueidad pero deberían trabajar mejor el diseño para hacerlos más apilables en la nevera. No encajan tan perfectamente entre sí como otros tamaños de este modelo.,4,home
La compré para mi marido y se le caía de la nariz.no le sirvió para nada,1,pc
Suelta bastante fibra de su interior. Le he tenido que sacar a mi hijo de la boca pequeñas bolas de la fibra de su relleno.,2,baby_product
no me han gustado nada las gomas no ajustan bien y son muy pequeñas los remates y su acabado malisimos gracias,1,sports
"Tal y como se describe. Llegó mucho antes de lo esperado, así que encantados con la compra.",5,home_improvement
Al insertarlo en el decodificador da varios problemas a la hora de acceder a la red inalámbrica. Hay que conectar y reiniciar el deco entero.,2,pc
"El bidón está bien, pero el anuncio cuando lo compré era engañoso, daba a entender que era el térmico y no es así. Por lo demás bien.",3,sports
"Pero es solo para puertas, para las ventanas de aluminio no",5,home_improvement
La caja ha llegado dañada,3,toy
"Calidad y muy practico, pero son guantes para hombre porque la talla M es gigante.",2,sports
Me gusta mucho. Lo compré para el teclado de mi MAC y encaja perfectamente. Fijaos muy bien en la disposición de las Teclas antes de comprarlo definitivamente. Puede cambiar la forma del enter y de las Teclas de funcion y las flechas de dirección,4,wireless
Se ve bastante resistente y tantos los biberones como las latas de refresco encajan muy bien!,5,baby_product
Fatal! El bote llegó reventado y el paquete estaba totalmente mojado de aceite. El buzón completamente mojado. Ha estropeado incluso las cartas. Una vergüenza!!! Quiero mi pasta!,1,furniture
"El oro y el bronce no me pintan muy bien , sobre todo echan agua en vez de tinta , el único que pinta mejor es el plateado.",2,office_product
Me gista mucho deja el pelo suave y con buen olor en mi perrita bichon maltes .lo volvere a compar.,5,home
"Aunque las dimensiones que se indican en la descripción son correctas, pensaba que el cartón sería más rígido y la foto quedaría bien encajada en el sobre, pero no me ha convencido nada el resultado. El marco queda abierto y la foto se mueve demasiado, quedando descentrada. Hay que pegarla o buscar algún sistema para que no se mueva. A mí no me han servido, pero lo mismo para otro fin pueden valer. Sí me traía las pinzas, los adhesivos y los cordeles.",2,home
"Me ha gustado esta mochila por lo completa que viene. Además de que es muy espaciosa tiene un montón de bolsillos y cremalleras de buena calidad. Viene con un cable para conectar una power bank con salida fuera de la mochila,una abertura para la salida de auriculares,una goma en una de las asas para colgar las gafas y en la otra un pequeño bolsillo,en el interior trasero viene acolchado y con un compartimento para el portátil,bolsos exteriores con conchas para el apriete y una goma en la espalda para poder llevarla enganchada al asa de la maleta. Como ya dije al principio completa.",5,pc
"Los compre para regalar y les gusto. La calidad es buena, yo la verdad pensaba que iban a ser mas malos... pero me equivoque. La punta de los bolígrafos son como las de un pilot para haceros una idea.",5,kitchen
"Compré unos el otro día, los tengo emparejados con dos teléfonos y funcionan perfectamente. La calidad del sonido buenísima, y me oyen estupendo. Otra cosa es oír algún vídeo o música, pero bueno no son para eso. Me gustaron tanto que ompre otros antes de ayer para regalar a mi marido. En casa estaba comodisimo. Pero hoy al ir a la oficina me cuenta que habia problemas con el sonido, que había como interferencias. Lo ha achacado a que quizás hiciera algún tipo de conexión con el aparataje del trabajo, pero vamos que no trabaja en una central nuclear, que es una oficina de las de toda la vida. Ahora se están cargando, pero estamos a la espera de probarlos nuevamente por si es un problema de contaminación acústica ambiental o es que vienen defectuosos. De todos modos, creo que no debieran oírse mal. Los míos están perfectos para hablar por teléfono. A ver en qué acaba la cosa.",4,wireless
Es lo que me esperaba. Envio perfecto,4,sports
"Me ha ayudado,pero no he conseguido perder peso",3,drugstore
La cobertura es sintética. Bueno para la humedad pero le quita elasticidad.,3,sports
"Producto que por el precio y las opiniones parecía, y solo parecía, de calidad pero me ha defraudado. Conectado a un ordenador de sobremesa all in one, la salida HDMI no funciona cuando la conectas a un tv. La casa te manda un correo con unas instrucciones de como conectarlo por HDMI, por algo será. Yo lo conecto como mandan las instrucciones y nada. Por lo demás bien, pero ya estas descontento con un producto que esperabas más de él.",2,pc
El cuerno principal está ligeramente torcido y el palo de decoración también...las orejas su diseño es bonito pero son muy vastas...la verdad.,2,toy
Más llamativos que practicos Si lo llevas en el bolsillo se suelta a veces,3,wireless
"Mi opinión es muy negativa sobre la mochila y espero una respuesta y un cambio o devolución del dinero, porque en tan solo tres semanas de uso ya se ha roto y la niña se ha llevado una gran decepción.",1,toy
Problema principal la batería dura poquito.. trae un botón multifunción pero imposible configurar el sensor de movimiento. Lo bueno pequeña y la imagen es aceptable..,2,camera
"aun no lo se, aun no lo he usado, aun no puedo opinar.",3,luggage
Me resulta muy cómodo cuando salgo a correr. Permite llevar el móvil y las llaves. Se ajusta muy bien,5,sports
"El producto parece bueno, pero la caja me ha venido en parte empapada, creo que por mal sellado del tapón, porque la botella no estaba rota, y venía bastante protegida. Es una pena, porque se ha desperdiciado bastante producto.",2,personal_care_appliances
"Si no me equivoco llevo usándolo más de 4 años...ha empezado a agrietarse ahora...eso significa que por el precio, teniendo en cuenta que lo uso muchas horas, ha sido una buena compra",5,home_improvement
"La usuaria a quedado muy feliz con el producto, esta muy bien logrado",5,toy
No se ve desde muchos ángulos y la hora se desincroniza cada dos por tres!,1,home
"Practico y sencillo, además de económico. Cumple a la perfección con el cometido que le doy. Muy contento con la compra. Un saludo.",5,pc
"Versión en árabe, lo he devuelto.",1,video_games
Producto es lo que presentan,5,shoes
"Buen precio, y envío rápido. El producto ha llegado mojado, pero no tenía signos de haber sido usado. Perdía unas gotas por el tornillo de vaciado del filtro, lo he solventado poniendo otra junta que tenía por eso no le doy 5 estrellas.",4,lawn_and_garden
"práctica y funcional, precio correcto.",4,kitchen
Lo compré para un regalo y le encantó por la originalidad. Habrá que esperar a que la haga para probarla,4,grocery
"Tras un tiempo ya los niños jugando con ella, por lo menos aguanta, no se atasca. Recomendable si fuese algo más barata.",4,toy
"El producto satisface plenamente las necesidades del usuario promedio y garantiza un buen compromiso entre la calidad de los materiales y el rendimiento, a un precio decididamente bajo. Me gusta mucho el tamaño, el tamaño y el peso ideal para una portabilidad óptima, cómodo, pequeño pero no demasiado, el color de la carcasa es particular y muy hermoso. Cómodo teclado en americano, proporciona adhesivo para teclado en alfabeto español, excelente pantalla táctil también. Es rápido, la memoria es suficiente para todos mis documentos, en resumen, me siento muy bien. Portátil convertible de alta calidad.",5,pc
"He tenido la funda del S6, S7 y del S8. Todas con calidad y durabilidad. Esta última del S9, original de Samsung la he vuelto a comprar sin dudarlo, peeeeero la calidad dista mucho de las anteriores. Esta parece de los chinos, y la parte interior parece hecha de papel cartón, con lo que a una semana de uso normal, le han salido pelotillas como si fuera un Jersey (horrible). No se que pasará en las próximas semanas. Pero miedo me da. No la recomiendo en absoluto.",1,wireless
Cumple las expectativas.,4,lawn_and_garden
Es más bonito de lo que aparece en las fotos.LLegó en perfectas condiciones y en su plazo.A mi hija le encantará,5,toy
Son muy endebles. Se doblan con facilidad al limpiar cediendo la forma que le das.,1,home
tengo un opel zafira y van un poco justas ademas no se acoplan bien no las volveria a comprar,2,baby_product
Bien pero en la parte delantera esperaba más,3,shoes
Las de volvimos ya que alguna no encajaba bien,3,toy
"Muy mala experiencia, el vendedor muy poco formal y fiable, lo compre, me lo cobraron y no llegó, tuve que estar con varios trámites y a pesar de tener problemas, el vendedor no se puso en contacto conmigo, y si lo hizo no me dio una respuesta clara. Me disgusto mucho, a pesar de que el producto me gusta, los vendedores no son de fiar.",1,furniture
"Lo quería usar para sustituir el estropajo y... fatal! No coge el jabón, y es muy incómodo. No me sirve",1,kitchen
"Fijación buena, pequeña, se queda el cuello doblado porque no se amolda a la cabeza. Desde el principio me noté rara e incómoda. El material exterior da pena. Al despegar las ventosas para cambiarla y adaptarla bien al cuello o ventilarla se raja fácilmente. He tenido que hacer un apaño...😕 No la recomiendo.",2,home
"No me ha gustado nada , a si que tuve que devolverlo , te dejaba el pelo como estropajo , yo tengo el pelo muy fino",1,beauty
"Perfecta. Una maravilla de cámara, personalmente las opciones de wifi y en especial la de GPS me resultan muy útiles.",5,camera
No les gusta nada el juego. Es un poco difícil de entender la dinámica del juego. No les llama nada la atención. Sólo han jugado con el una vez. No lo recomiendo. Mis hijas tienen 4 y 8 años,2,toy
"Muy buena calidad! Tiene también soporte para la botella de agua,dos bolsillos para el movil,las llaves,el dinero,etc. Tiene agujero para los auriculares.Todo muy suave al tacto. Me encantó!",5,sports
"Se lo regale a mi hija y lo lleva puesto todo el día,le encanto. Es genial para dormir y bastante suave",5,apparel
"No son especialmente esponjosas, tampoco se puede decir que son muy finitas. Vamos calidad mediana. Aunque para el precio no está mal",3,home
"Camiseta de tejido muy fino, y talla ajustada no corresponde al patrón de tallaje de la marca.",1,sports
"Hace bien su función. Los números grandes hacen que puedas leer la hora desde cualquier zona de la habitación. Igual la luz permanente de fondo es un poco intensa, pero te acostumbras rápido. Las tres alarmas que puedes activar o no van estupendas y la función para pararlas para no dormirse es ideal. El echo que vaya con batería de carga, te hace olvidar de reponer pilas. Muy buen producto",4,home
Por este precio es más que recomendable. Las instrucciones se pueden encontrar en castellano fácilmente.,5,sports
"Hasta ahora no e recibido la peonza A ver si me soluciona Cobrar ya me cobraron,y el producto cuando me lo entregan",2,home
"en general funciona muy bien, y es precioso pero la contra se encuentra en las camaras que son una auténtica castaña, a veces salian bien con buena luz pero en interiores o con movimiento salen como el culo, y los videos peor aun, buena calidad pero se graban a trompicones parece que tienen lag entre fotograma y fotograma y es infumable, una pena porque por lo demas esta genial.",2,wireless
"No le puedo dar las 5* ya que en mi caso, como tengo mucha cantidad de pelo, y encima con rizo marcado. Me ha servido de poco. No lo alisa totalmente, reduce el frizz y esas cosas. Únicamente lo ""hidrata"". La sensación cuando lo secas,..etc. Es como que se va a romper el pelo, pero después el resultado es bastante bueno. No da para dos veces, a mi me llegó justito y eso que tengo el pelo por encima de los hombros. Le doy 3* porque si es cierto que me llegó antes de tiempo y el precio me resultó económico. Serviría para personas con pelo liso, o sumado o con poca cantidad.",3,beauty
"La mejor sandwichera que he tenido, se desmontan las piezas para poder limpiar bien",5,kitchen
"Carcasa protectora bastante normalita. Fué comprada para un ipad mini. La parte trasera es de plástico duro. En la primera caída ya se rompió la funda. Nada que ver con la original, tampoco el precio. Como cualquier funda que puedes comprar en los chinos.",2,pc
"Son unas medias normales y corrientes. Me cogí una talla primero y después otra mas pequeña... Pero nada, son unas simples medias.",1,drugstore
"Hola, Calidad-Precio y un diseño el cual repetiré.",4,home
"Era un regalo, por lo que no lo devolví por falta de tiempo. muy mala calidd para el precio que tiene, golpeado, faltaba un tornillo del colgador, con manchas de manipulación, plásticos protectores de fotos llenos de suciedad y restos de recortes de plástico. muy mal. sin pila reloj muy delicado sin ninguna protección.",1,home
"Es muy elegante y bonito, en color acero inox, facil y comodo de usar, muy aconsejable, he comprado otro para mis suegros",4,home
Es lo que se ofrece a un buen precio,5,office_product
"El cierre funciona correctamente y es fácil de programar. Los únicos inconvenientes que le veo son: - Algo ruidoso el motor, - Corto alcance del bluetooth, aproximadamente unos 5 o 6 metros",4,home_improvement
"Se cae con facilidad y se desarma, y se le siguen cayendo los trocitos. Ademas es pequeño.",2,wireless
"Carga más lento que con el cargador normal y mi problema era los cables y sigo teniendo el problema, peso muy ligero y un estilo muy sofisticado y elegante",2,wireless
Baja calidad. Se ha roto después de una semana de comprarla.,1,toy
"Está bien, la única pega para mi Saxo I es que el adaptador que trae no vale, pero puedes aprovechar el del pomo antiguo.",4,automotive
"No he podido usar este producto ya que nunca llegó, ya cuando lo compre me mosqueo el precio, era bajo pero pensé que Amazon iba a obligar al vendedor a suministrarlo.Una pena que no podamos tener confianza 100% con lo que pagamos por el Prime. No confíes en el vendedor",1,home_improvement
"La zapatilla es cálida, muy cómoda y agarra bien al suelo. Haya que pedir un número y medio o dos más.",5,shoes
no puedo opinar por que el producto no llego',1,automotive
"Me ha gustado mucho, es negro mate, no se desliza si dejas el móvil en una superficie lisa (Como una mesa por ejemplo) y los botones laterales quedan descubiertos para facilitar su uso. Los bordes del teléfono quedan protegidos y no es una funda aparatosa. Muy recomendable",5,wireless
"A pesar de ser un juguete, pone que soporta líquidos. Que sea de Masterchef parece que le da mas confianza, pero la potencia deja mucho que desear...Ademas cuando le echamos un poco de agua para probarlo, vimos que goteaba constantemente por la parte inferior. La devuelvo y comprare otro modelo diferente",2,toy
No me gusta mucho ellos producto,3,beauty
"El cabecero llegó fuera de su embalaje original,con un plástico muy sucio y parte del cabezal sucio. La empresa de transporte ASM Me comentó que lo tuvieron casi una semana en almacén, desconozco las razones. Por supuesto que el plazo de entrega no se cumplió. Estoy muy descontento.de este servicio.nada más.",3,furniture
Encaja bien. Es el filtro que le viene al pelo a mi coche. Esperemos que salga bueno.,5,automotive
"Al principio era como lo esperaba , pero enseguida se oxido",3,home
Al poco de usarlo ya se le ha ido lis rodamientos de uno de los pedales. Se ven poco fiables desde el principio,1,sports
Acabo de comprarlo y no puedo acceder al su lectura.,1,digital_ebook_purchase
"Para el iPhone 10 no sirve. Imposible sostenerlo al teléfono. Se cae. Pero el aumento es increíble. Para otros teléfonos imagino que servirá,para ajustarlo a la cámara doble del iPhone X no vale.",3,wireless
"No es cristal ni de lejos, es plástico y del malo. No se adhiere a la pantalla y no creo que sea apto para proteger una caída. NO RECOMENDABLE.",1,wireless
Funciona bien. Protege de la suciedad y mantiene el agua muy calentita. El problema es que dudo que me dure para la próxima temporada. Se va deshaciendo el material. Lo primero que ha pasado es que se ha dividido por una costura pegada por la mitad del círculo. Ahora tengo dos semi círculos. Baste dinero para un solo verano.,3,lawn_and_garden
"Para el telefono va bien, normalito pero para la tablet pierde bastante sensibilidad y falla bastante, quizas la redecilla que trae ocasiona perdida de sensibilidad en la pantalla. Es mi opinion",2,wireless
Buen monitor de buena calidad de construcción. El monitor es brillante y con muy buena calidad de imagen. Sólo pena no ser 4k. Optima para personas que tienen macbook pro con puerto usb-c. Gracias Amazon por la entrega rápida y calidad de su servicio!,5,pc
He recibido muy rápido y el principio muy chulo y mi mujer le ha encantado pero vamos a ver cuando dura 👍,4,wireless
No se corresponde.eran letras negras letras de colores y emojis y me envían símbolos de Navidad en vez de las letras de colores,1,home
Realiza bien su función a buen precio. La herramienta para quitar el pasador no es lo bastante resistente si te encuentras alguna dificultad al reemplazar la correa,4,watch
"Me ha gustado la originalidad del kit, el dibujo/chiste Simpson. No me ha gustado la calidad del delantal y la bayeta. Me parece un precio alto.",3,lawn_and_garden
"Fue el más pesado de todos.... No hubo nada que destacará, es el libro para cerrar 'historias' abiertas en los otros pero sin acción.",3,digital_ebook_purchase
"En cuanto hizo un poco de viento se doblaron todas las barillas, una mierda literalmente",1,lawn_and_garden
Comoda y con gran capacidad. Muy contenta con la compra.. Lo recomiendo,5,sports
No me ha gustado por q es muy fría y no sudo nada,2,sports
"Aún no siendo original Samsung, cumple perfectamente su cometido y los acabados son de muy buena calidad para el precio que tiene. Lo compré precisamente para tener el original en casa y este en la oficina y así poder cargar el Samsung Gear Fit2 siempre que lo necesite. Compra recomendada.",5,wireless
"Un producto original para tus fiestas, nosotros lo daremos como pequeños premios de pruebas de cine, nos encanta el cine y es un pequeño gag a la gran pantalla",5,toy
Esta bien pero el aire que tira frio o mejor dicho en modo ventilador se queda un poco escaso en cuanto a potencia pero esta bien,3,home
Perfecto para el kindle,5,other
"Muy buen producto, buena calidad precio, seguro y bonita tela.",4,pc
"Kit con muy buena pinta a primera impresión. Trae como si fuera una plantilla para que el protector se quede completamente recto, lo que me parece muy buena decisión, pero a posteriori el resultado es pésimo. El protector no se pega bien y se queda todo el borde con burbuja, como si no se hubiera pegado, no habiendo manera posible de solucionarlo. La única opción posible es quitarlo y probar a instalar el segundo protector, pero por el precio que tienen prefiero aguantarlo algo más y ya probare el segundo más adelante... Compra bastante decepcionante, una lástima",2,wireless
"Calidad/precio, aceptable",3,wireless
Útil. El único peoblema es que no se puede apagar ni encender la gopro una bez está dentro.,3,sports
"Era para un regalo e incluso la talla XL es demasiado pequeña y entallada, en particular, además la camiseta llegó descosida por un lateral, así que, devuelta.",2,apparel
"Me parece un articulo decente por el precio, pero tiene un gran fallo y es que las sujeciones de la oreja no se pueden ajustar ni quitar, se hace muy incomodo estar con el o cuando te quitas uno de los dos el otro se te termina cayendo del peso, Hay mejores por 2€ mas. Los he devuelto",2,electronics
"Es un producto de calidad normal, hay otros mas eficaces. Prefiero otros con mas poder neutralizador de olores en el arenero de mis gatos",3,pet_products
"La única pega es que pesa un poquito y mi hijo no tiene la suficiente fuerza para darle y que se vean bien los puntos y las vueltas que da.Le tenemos que ayudar un poco, está entretenida.",4,toy
"La linterna viene presentada en una caja muy bonita que puede servir para luego guardarla. En la caja encontramos la linterna y 4 ruedecitas para las proyecciones de los 4 cuentos. Una vez colocada la rueda en la linterna, se ha de regular el foco. Basta con girar un poco la pieza verde de la lente y aparece el dibujo en la pared con gran definición. A más distancia con la pared, más grande se ve la imagen. Para pasar de una imagen a la siguiente basta con girar la ruedecita manualmente. La linterna es de tamaño pequeño, muy manejable para los niños. Lleva una cadenita que puede servir para engancharla a modo de llavero. Funciona con pilas que ya vienen incluidas. Encuentro que es un juguete original, didáctico y con el que pasar un buen rato con los niños.",5,home
Llega rápido y exactamente lo que describe que te va a llegar El producto no es de muy buena calidad Probándolo ya han roto 2,3,beauty
"De momento el móvil va perfecto. Me gusta las nuevas funciones y me parece precioso. El hecho de que no sea español no me ha dado ningún problema, ya que al inicio con la.tarjeta de nuestro operador se configura como español.",5,wireless
"Para la espalda media es algo fuerte, espalda alta o riñones se puede soportar. Para las piernas está muy bien. Por ahora contento pero espero q dure porque eso gira y gira y como algún día pille hueso no sé si me rompo yo o se rompe el aparato, eso está por ver...",3,personal_care_appliances
Se sale toda la tinta y no marcan bien,2,toy
"Pintan bien, se rompen con facilidad y no es tan facil limpiar luego la piel",4,toy
"en 5 o 6 usos una varilla se queda rígida teniendo que maniobrar para poder plegar el paraguas ... el botón para abrirlo también empieza a fallar. las pequeñas bisagras empiezan a oxidarse en el de mi pareja, que tiene un par de meses mas ... Insatisfecho",2,luggage
"Rápido en el envío, lo compré por aquí un pelín más caro ya que dónde lo suelo comprar se quedó sin stock",4,pet_products
"Llegó en perfectas condiciones, con todos sus detalles , el embalaje fue muy bueno para que no sufriese ningún daño. Es un detalle para regalar ideal.",5,toy
La verdad que no se puede exigir mucho,3,electronics
Igual que otra compañera he tenido la he devolver el producto pprque no encendía ni con el cargador ni sin el,1,wireless
Segunda vez que los compro y genial el packaging ha cambiado ahora es mas pequeño. Harto de conectores que se soltaba la funda nada mas moverlos un poco probé con estos conectores. Vienen chapados lo que le da un plus de calidad. Ademas de incluir el protector. El único inconveniente es que podrían venir mas. Los cables quedan a dos niveles lo que es muy útil para ver si los cables están posicionados de manera correcta mirando el conector de frente. El protector del conector es un plus a la hora de ponerlo o quitarlo del switch o tarjeta de red.,4,home_improvement
Hermosas más bonitas que en la foto,5,home
todo ha sido de mi agrado,4,home
"Base y poco más, infumable, si estás empezando ni los toques, o tendrás que hacerte algún pitillo de por medio",2,drugstore
"Se ajusta perfectamente, es resistente, no le doy las 5 estrellas porque donde estan los botones del volumen y bloqueo tiene como unas aberturas q hace que entre todo el polvo a los botones, no se si es por algo o no pero no lo veo lógico, por lo demás bien",3,wireless
Por el precio que valen cumplen de sobras,4,sports
"Son sencillos, y cumplen su función, aunque pensaba que eran de metal y son de plástico (parece buen plástico, de momento resisten). La parte de arriba, va como enroscada, y a veces no queda alineado con el hueco del paraguas, pero bueno por suerte los flashes pueden girar la cabeza. Uno de los dos que me llegaron tiene el tornillo del paraguas super duro, me toca moverlo con un alicate, será cuestión de tiempo para que se afloje un poco. Pero en general van bien.",4,camera
"Producto de calidad, cero perdida de agua.",5,furniture
Salen lis clavos por todas partes. No lo recomendaria,1,lawn_and_garden
"El libro llego en perfectas condiciones, y engancha desd el principio",4,book
Muy dificil de ajustar correctamente. No queda bien ajustado u se hacen burbujas de aire en la pantalla y el polvo se queda adherido interiormente. No me gusta nada!,1,wireless
"Talla exacta, buena calidad precio, el chandal es finito.",5,sports
Es una pena porque al segundo día se empieza a poner amarilla y con manchas de suciedad. Tampoco se puede pedir mucho por el precio al que se vende.,2,wireless
El libro no está mal pero para ser de cartón ( un libro duro en todas sus páginas) es demasiado complicado para niños pequeños y demasiado sencillo para mayores. Aún así cumple su función y lo de la lupa es interesante. La relación calidad precio es muy buena por eso volvería a comprarlo.,3,book
"La powerball esta bien pero la pantalla llego un poco rallada me imagino que sera de una devolucion anterior ,me la quede porque queria usarla para ver si mejoro de una antigua lesion en mi muñeca y ademas no estaba rota.",3,sports
"Después de esperar casi un mes el producto, es tirar el dinero, resultado nefasto, no lo recomiendo en absoluto.",1,automotive
Es mejor de lo que esperaba,5,home
"Es cómoda para que el perro beba, pero no cierra hermético para q no se salga el agua cuando no lo usas",2,home
"Lo probé con mi madre y conmigo, me da error cuando se la tomo a ella, conmigo funciona",3,personal_care_appliances
"Compré 2 para el maletero de mi Cali Ocean y casa con el espacio, quedando un pequeño hueco para las almohadas",4,automotive
"No llegó a casa , no se que pasó con el camión de reparto pero nunca llegó. Eso sí informaron del accidente cuando reclame el pedido .",3,pc
Bastante cómoda... a ver lo q perdura en el tiempo,4,home
"No están mal, el sonido es bueno aunque tampoco gran cosa. Parecen un poco endebles, ya veremos cuanto duran.",4,electronics
Por lo económico es complicado armarlo es de paciencia y tiempo si estas apurado en la cocina lo lanzas por la ventana .... pero si hay tiempo se le pueden cambiar las pilas,3,kitchen
"Buena capacidad pero hacen algo de ruido las costuras de las tiras y cansa en largas caminatas. Tras un mes de uso el cartón del respaldo se abomba resultado incómodo llevar la mochila a la espalda. Además, la que he comprado no es simétrica y siempre cae hacia la izquierda el peso que metes dentro.",2,sports
Cumple las expectativas,5,home
"Por el precio, sales del paso pero al primer golpe se casca, cada dia son todos de menos calidad .",3,wireless
Me enviaron una envasadora defectuosa pero contacté con el comercio y me realizó una sustitución sin inconveniente y en menos de 24 horas ya tenia el reemplazo. No es una máquina preparada para mucho trabajo pero para un uso doméstico poco frecuente esta genial.,5,kitchen
"Compradas por relación prestaciones/precio. Dado que están en servicio y que su adquisición es relativamente reciente, cualquier otra opinión adicional sería prematura.",4,home
Para maderas duras no muy bien.,3,home_improvement
Tenia mis dudas pero es resistente y facil de inchar y desinchar. De momento lo uso en casa para estar en el sofa pero sacandole aire sino queda la cabeza torcida por el respaldo del sofa. El tacto es muy suave y agradable. Y para viajar un acierto y lo mejor es que no ocupa.,5,home
"LA BATIDORA ESTÁ BIEN, LO ÚNICO ES QUE AL MINIMO TIENE DEMASIADA FUERZA. ES MEJOR COMPRAR UNA MULTIFUNCIÓN CON EL BOL INCLUIDO.",2,kitchen
Cumple de sobras con su cometido. La calidad precio es acorde lo esperado.,5,home
"Es Bonita y coincide con fotos, opino que la tapa debería ajustarse un poco más.",4,apparel
Parece mejor de lo que es. Se atascan los precintos en muchas ocasiones.,2,office_product
"Buena protección para la pantalla. Encaja perfectamente y aunque el cristal de la cámara sea muy resistente, con esto tienes doble protección",5,wireless
"Talla un poco justos, pedí la 40-42 y usando una 40, me cuesta ponerle. Pero de largo, muy bien. Llego rápido y tienen un buen toque.",3,apparel
"hay problemas con la carga,por muchas horas que lo esté cargando nunca llega a tope y cada vez la carga dura menos, no es que fuese una maravilla pero es una decepción",2,wireless
"La compre para usarla en el trabajo con los que se pasaran de listos. La precision y potencia deja mucho que desear, pero es divertido.",3,toy
"Lo mejor el tamaño,se ve muy bien",4,sports
Son preciosos pero las tallas son algo pequeñas intentaré de cambiarlos por una talla más yo gasto la 36 pero me pediré la 37,3,shoes
El cristal templado no llega a cubrir ni el 85% de la pantalla,2,wireless
"A mi hija de 6 años le encantan, y se le dan bien , los pasatiempos de Diferencias y laberintos.Después de mirar varios libros, me decidí por éste, y , la verdad es que no acerté, porque es demasiado complicado para su edad.Alguno hay que le ha ido bien, pero, cómo suele ocurrir en estos casos, se ha cansado y no lo coge para nada.Hasta a mi, que soy su madre, alguno me parece demasiado dificil.",2,book
"No me ha gustado nada.Es una vulgar pegatina que para mas inri no pega bien. Vidrio templado? No hay vidrio ninguno. Vergonzoso que no se compruebe lo que mandan de China. En ocasiones,tengo la sensación de estar comprando en Ali Express.",1,sports
"No me ha gustado nada, no recomiendo este carrito, mi hijo se resbalaba todo el rato, las ruedas delanteras no giran y comenzó a chirriar a los cuatro días.",2,baby_product
"No está mal, pero me lo esperaba mejor...",3,apparel
"Los he usado varias veces pero el material tiene un olor feo, ademas el helado coge sabor. :( dinero tirado. lo quiero devolver pero no me da ya opción, no lo recomiendo, ademas que vale un pastón.",2,home
"Es un buen dispensador metálico, con buena presencia y capacidad. La tapa por donde se echa el jabón se oxida con el paso del tiempo.",4,home
"Las letras están muy bien. Son como aparecen en la imagen. Y a mi hijo le encantan. El único defecto que le pongo es la disposición del imán, porque en algunas letras viene en un lateral y la letra queda torcida... No tiene importancia y ese es el único pero que le encuentro.",4,sports
"Lo bueno. Es una pantalla Samsung algo que hoy en dia al menos es hablar del mejor y mayor fabricantes de pantallas led. (Que se lo pregunten a Apple o Huawei). Su relacion calidad precio esta muy por encima de lo que otros fabricantes se pueden permitir. No es Qled ni nada parecido, no es ultima generacion de casi nada, pero al menos para mi, da una calidad fenomenal con UHD. Se relaciona con los moviles samsung muy facilmente. Lo malo. La serie anterior(la de las patas en V) tenia unos acabados y en general algunas caracteristicas mas ""premium"" que esta serie. Marcos de acero, mando de acero muy bonito, mas capacidad de conexion, ....pero eso ahora solo lo ofrecen en tv de 43"" hacia arriba. Lo peor: Para mi es inconcebible qje no tenga ni una maldita salida de audio minijack o RCA. O SPDIF o Bluetooth. No todos tenemos o queremos sistemas de audio inalambricos y el precio para un fabricante de una conexion de este tipo dudo que llegue a los 2 euros Salvo eso y a 350€ en enero 2019 me parece un autentico chollo.",4,wireless
¿Alguien me puede responder por qué no es compatible con fire tv?,1,other
"El despertador está bien y es chulo. El problema es que llegó desembalado, usado y encima el último dígito no funciona. Es el segundo despertador de este tipo que he de devolver por lo mismo: mal funcionamiento y se ve que son usados. Le daré una última oportunidad y lo volveré a comprar ya que ando buscando un despertador de estas características. Bien por Amazon ya que me ha devuelto el dinero sin problemas, pero a ver si a la tercera va la vencida...",2,home
"Todo ha llegado perfectamente, aunque por el precio igual podían haber metido algunas fichas de bala o tablero, para compensar eso. Por lo general muy bien.",4,toy
A la semana de funcionar dejo de dar corriente,1,home_improvement
Se despega con facilidad..por lo demás bien.,2,home
"Pues no estoy contenta, no ha llegado todabia y ya debería de estar aquí.como lo puedo reclamar para que se solucione.",1,apparel
"Aún no lo hemos recibido, hasta hoy nos hubiera servido para algo, a partir de hoy ya no lo necesitamos.",1,toy
"Al 3er día de estar colocadas las cuerdas; sin ninguna acción extraña, y sin estar tocando, se partió la 1ª (mi)",2,musical_instruments
Precio muy bien pero no cortan perfectas,3,home
"Vienen dos con dos kits para la limpieza de la cámara previa a la colocación del cristal templado. Viene en una cajita de madera que lo veo seguro. Estarían bien unas instrucciones porque las pegatinas no las entendía, pero en Youtube hay vídeos explicativos. Se ajusta a mi D3400.",5,wireless
És una moncada. Perfecto para niña de tres años,4,toy
"El paraguas es pequeño para llevar de mano, los dibujos son bonitos, perfectos para niñas, mi hija está encantada, pero el material es fino y un poco flojo.",4,luggage
"Se ve buena calidad pero el color no era el que esperabamos, además la forma era más redondeada.",2,home_improvement
cumple con su funcion,5,wireless
"Para poder jugar un jugador solo puede ser el presentador y tiene que estar con el folleto en la mano para ver si la letra que dices está en ese panel, esto relentiza mucho el juego...si lo llego a saber no lo compro. Es caro para el juego que da...yo pagaría por el como mucho 15€ ,nunca 30 como vale.",1,toy
MUÑECA MUY BIEN ACABADA Y CON MUCHOS DETALLES. FUE PARA UN REGALO Y LE ENCANTO. MUY RECOMENDABLE.,5,toy
"Tras una semana de uso, el gato ya se ha roto. Poca calidad. El resto, perfecto.",3,beauty
"El disco funciona, pero lo encontré fuera del buzón en el suelo de la entrada a mi casa, al parecer lo lanzaron desde la calle por encima de la puerta (una puerta pequeña que da acceso a la entrada, anterior a la puerta principal) no lo introdujeron en el buzón, con haber doblado un poco el sobre en el que venia habría sido suficiente para meterlo en el buzón, el embalaje es suficiente para un trato normal, pero muy escaso como para lanzarlo por encima de una puerta.",3,pc
"Parecía más funcional para lo que realmente es en sí. Quizá haya otras opciones por menos dinero y que sean más funcionales. El agarre está aceptable, pero el especio de las sds es muy corriente, nada del otro mundo en general.",2,electronics
Se le sale el agua por todos lados e tratado de arreglarla la e desarmado y le e puesto silicona de junta pero los tornillos que sujetan todo el frente se a partido e tenido que tirarla la tenia que haber devuelto e perdido el dinero por querer arreglarlas mala calidad no la aconsejo.,1,lawn_and_garden
"Un monton de sonidos, a mi enana le encanta aporrearlo y doblarlo. El mejor precio de todos. Recomendable",5,toy
No he recibido ni el nido de abeja ni las gelatinas de colores,1,camera
"Malísimo, solo vibra. Pensaba que era otra cosa por el precio que tiene. Hace daño, el ruido de la vibración se escucha más que la música.",1,toy
Demasiados pequeños me equivoqué de tamaño. No le encuentro la utilidad. Pero rápidos en servir producto. No cabe apenas frutos secos.,3,home
"Producto totalmente recomendable. Lo he probado aún poco en la moto, pero lo veo fuerte, sin vibración y de calidad más que aceptable por el precio que se paga por el. Me ha llegado bastante antes de lo esperado.",5,home_improvement
"Muy ameno , lo recomiendo.",5,book
"Llegó muy rápido, todo perfecto aunque tenía un pequeño golpe en la punta, por lo demás todo bien",4,book
"SOLICITO LA DEVOLUCIÓN DEL PRODUCTO U OTRO DE MEJORES CARACTERÍSTICAS EN SU LUGAR. NO LO HE PODIDO UTILIZAR DESDE QUE LOS RECIBÍ, UNO NO CONECTA CON INTERNET Y EL OTRO SE QUEDA PILLADO, AL ABRIR ANDROID.",1,other
"los botones no coinciden, tampoco coincide el jack de audio y es incluso necesario quitar la carcasa para poder realizar una carga",1,wireless
Funciona correctamente. Y cumple sus expectativas. Por lo menos de.momento. no me arrepiento de haberlo comprado.,4,sports
La calidad es inferior a lo que esperaba. Tejido como plástico y acabado que deja bastante que desear.,2,home
"Es un producto difícil de encontrar, la calidad esta bien se puede mejorar pero para el precio que tiene a mi me sirve.",4,home_improvement
Fina la tela y más pequeño,5,apparel
Está muy bien. Es lo que promete para el precio q está. El pie no tiene muy buena respiración. Es un calzado para usar de vez en cuando.,3,shoes
"El libro tiene múltiples desperfectos, golpes, rozones, etc. Parece de segunda mano (y aún así en malas condiciones). Muy decepcionado",1,book
"La estética está muy poco conseguida, solo los uso para botines y botas",3,apparel
Se abre y cierra muy mal,2,pc
Lo puse en mi torre con 6 ventiladores de 3 pines . Y funciona sin problrma .,5,pc
"No me gusta mucho el producto . El envase viene directamente sin caja empaquetar ni precintar (en una bolsita de embalaje) es demasiado líquido y la sensación que me deja es de tirantez, irritación y sequedad ( yo tengo la piel mixta con tendencia a seca) No he notado después de casi dos semanas nada",2,beauty
Te mandan los artículos sin haberlos pagado.,1,pc
Funciona bien de momento Cumple para lo q es,4,watch
Cambié solo uno en un Megane 2 y va de maravilla el maletero sube solo fácil de montar muy contento,5,automotive
"Se adapta perfectamente al Mini Bose, pero no cabe el enchufe del cargador.",3,electronics
"Me esperaba mejor sonido, me han decepcionado tanto en comodidad como en sonido, es muy metalico y de poca calidad. no los recomiendo.",2,electronics
"No cargaba cuando llegó, lo tuve que tirar, no encendía, ni cargaba ni na, no vale la pena, no comprar",1,pc
"No funciona, probado con dos kinect de enciende la luz del adaptador pero no la de la kinect.",1,pc
Muy bueno el producto de gran utilidad,4,sports
"Me ha llegado la caja totalmente abollada, es para regalo y no puedo de lo mal que ha venido. Le he escrito al vendedor para comentarlo y ni me ha respondido.",1,toy
"No está mal, un a colcha fina para "" verano"". El color no correspondía , más que un gris, es un blanco roto",3,home
No es lo que yo pedí! Y olor no dura nada,1,beauty
"Es muy práctica y cómoda, además si se cae el móvil (No a menudo) protege bien es muy práctica yo os la recomiendo",2,wireless
Muy bien calidad precio,5,automotive
"El zoom no funciona con la lente Tamron 24-70 2.8. Atascado a 50 mm. Yongnuo me informó que no funcionará correctamente con lentes que no sean de cañón, lo que no dice. Mi viejo flash Canon Speedlite funcionaba perfectamente con la lente Tamron. En el segundo uso, el flash no se enciende. Si abre y cierra la puerta de la batería, a veces se encenderá. Hay un contacto roto en alguna parte. El flash es inútil. Me puse en contacto con Yongnuo, quien me dijo que era un error conocido, y que obtendría un reemplazo, pero solo si pagaba el franqueo desde y hacia China, que es más de lo que vale el flash. No compre este flash. Gaste más y compre el canon si lo necesita para ser confiable.",1,camera
El producto me gusta mucho. Por ese precio no se le pueden pedir muchas cosas. Lo único que deberían tener mas medidas para el futuro. Gracias !,4,jewelry
no me llego el articulo y se me ha reembolsado el importe,1,home
"No he podido conectarme a ella, muy difícil de configurar.",2,home_improvement
Se ajusta perfectamente al teléfono. Compré dos por el precio que tiene por si se estropea el material. Por el momento contenta con la compra,5,wireless
"Es para mi bebe de 13 meses, perfecto, suave, calidad muy buena y colores para todas las épocas del año.",5,baby_product
"¿Cómo llega el producto rallado? Con marcas y sin ningún tipo de protección en la caja. Me parece vergonzoso el precio que tiene y encima que te lo traigan dañado. Muy descontenta, muy muy descontenta. Encima una pieza suelta. No entiendo cómo lo traen así.",1,toy
Es estupendo y dura muchísimo si le da suficiente sol,5,home
"El producto me ha llegado en perfectas condiciones. Lo recomiendo 100%. Vale la pena, buena calidad y buen precio. :)",5,beauty
"Necesitaba una mochila pero el material no es muy bueno, no superó mis expectativas",3,luggage
No es muy real. Hay que tener una forma física aceptable para notar su intensidad y funcionalidad.,3,sports
Ahora qeu voy a empezar la operación bikini que mejor manera que tener una bascula de cocina para poder pesar todo tipo de alimentos que vamos a consumir en nuestra dieta. La balanza es de acero inoxidable muy bonita y que pesa perfectamente y sin errores toda la comida. Tiene una especie de soporte detras que incluso puedes colgarla en algun soporte de la cocina. Funciona muy bien. Contento con la compra.,5,home
Exacto que en las fotos,5,lawn_and_garden
"Para el precioso no está mal, aunque cuesta un poco moverlo",4,baby_product
No se pega por los laterales. Y por abajo tampoco. Y uno de ellos ha venido un poco defectuoso que seguro afecta al ponerlo,2,wireless
"Llegó con puntualidad, incluso antes de lo previsto. Es lo que esperaba, buena calidad...muy bien. Buena relación calidad - precio",5,other
Un inhalambrico mas. no hace ruidos raros y se escucha bastante bien.,3,electronics
"Lo compré porque creía que era negro y sólo llevaba la parte blanca que se ve. Al recibirlo, vi que por el otro lado era totalmente blanco. Mal detalle que en las fotos no aparezca por ambos lados para cerciorarte que es lo que buscas.",3,toy
"Me han sorprendido muy gratamente estas toallas, son de una excelente calidad, no sueltan pelusa y secan estupendamente , las recomiendo",5,home
"La calidad de visión nocturna es buena, la sincronización es fácil, pero al moverla mínimamente se ha partido, la pieza que une la cámara con el soporte es muy débil. Además no discrimina el movimiento y cada vez que pasaba por delante un mosquito saltaba, por lo que por las noches tenía unas 15 alarmas falsas",1,wireless
Funciona muy vien ba genial,5,home_improvement
"De buena calidad, le dan un toque muy bonito al patio.",4,home
"de piel, bonitos y buena calidad",3,sports
Pues me lo esperaba más grande por el precio que tiene.. se ve de buena calidad el material pero muy justa.,3,luggage
Se abre mal la parte donde va el chupete y el enganche es endeble. Para el precio que tiene tampoco se puede esperar mucho más,2,baby_product
"No me sirvió para nada. He intentado más de una vez, por si no lo hacía bien, pero nunca me ha dado resultado.",2,beauty
"Relación precio calidad, muy bueno. Es cómoda para un niño de 6 años. solo un pequeño matiz, el reposacabezas se reclina pero con poco angulo; al dormir a veces le vence la cabeza hacia delante. Es mas por forma de acomodarse, aun que algo más de angulo, vendría bien.",4,baby_product
"Muy buen cable, llego cuando dijeron, lo recomiendo",5,pc
Queda muy bien y son muy comodas pero cuando las he llevado a poner las tapas al zapatero me han dicho que no son de piel así que es un poco engañosa la descripción que dan,2,shoes
"No vale,no es el tamaño,con seguridad.Parece de calidad pero le falta por los lados,las dos estrellas es por que llego.",2,wireless
Están genial y con diversos colores,5,sports
"Los auriculares que me han llegado están incompletos y funcionan mal (los compre de segunda mano), pero he tenido la oportunidad de probar unos comprados de fábrica y son excelentes en cuanto a calidad de sonido, traen multitud de cables y enchufes para que los puedas usar con cualquier dispositivo y en cualquier país, la duración de las baterías (trae dos para que cargues una mientras usas la otra) es muy buena, la única pega que les encuentro es que aprietan un poco, deberían tener algo más de holgura, por lo demás, perfectos.",4,pc
"Poca duración de la batería, 1 día y con poco uso",3,wireless
Esta bien. Es tal cual se ve y tiene bastante capacidad. Entra la merienda de dos niños mas o menos con dos botellas de agua o un taper para meter comida. Pensaba que sería mas pequeña,4,home
"Vale que por el precio que piden no se pueda esperar mucho pero al final es simple goma espuma. La nariz no se queda pegada y se cae cada dos por tres, ademas que a la tercera vez que la puse se rompió. Si buscan algo para tontear unos segundos y desde lejos estos pueden serviros, pero si quereis algo para llevar puesto y que sea creible pasen de este producto.",2,toy
Llegó 4 - 5 dias mas tarde y el embalaje deja que desear es como que ya le hubiesen abierto. De momento parece que esta bien,2,personal_care_appliances
muy calido y ajustado..bueno para este tiempo frio,4,apparel
"Buen producto, pero creo que el mercado ofrece mejores.",3,drugstore
"Echa mucha agua, para mí gusto",3,office_product
Luz blanca no sé si por error,1,sports
"me llego y vi que tiene un logo raro en el frontal de la mochila que no se puede quitar ni rascando. Por que se ha pasado el plazo de devolución, que si no la devolvía, es horrible.",1,pc
"Hay que ir con cuidado porque es de cristal y muy alto, pero es perfecto para tallarines y espaguetis. Lo recomiendo.",5,home
"Bikini bonito. Cola de sirena incómoda, difícil de poner y se sale de los pies, no lo recomiendo.",2,apparel
"Producto correcto cumple con lo que indica, pero la pantalla es casi no se ve en el exterior, muy poco brillo. Vas a ciegas.",2,electronics
"Los materiales de la funda son buenos, se ajusta perfectamente al teléfono, las esquinas vienen reforzadas y protege bien. Ahora bien, los colores de la funda no se corresponden con los de la foto, la funda es mucho más oscura, y las hojas no se distinguen bien del fondo. Además, el dibujo viene superpuesto al plástico, lo cual me da la sensación de que se desgastará el dibujo muy rápido.",3,apparel
"Todo muy bien, llegó cuando esperaba y muy bien empaquetado . Es un ron muy bueno y difícil de encontrar en Madrid",5,other
"Va genial la instale en una autocaravana muy buena para utilizar , de noche se ve muy bien , contento con la compra .",4,wireless
"La correa de sujeción es bastante incómoda al cuello, raspa y llega hacer daño. También es bastante incómoda de colocar ya que de la forma que tiene cosida la correa hay que estar mirando si se pone bien para que no moleste todavía más. No la volvería a comprar.",2,luggage
Me anime a probar la mascarilla por las opiniones positivas que tenia y no me ha gustado nada. El olor es agradable pero el pelo no brilla y queda apelmazado yo no la recomendaria para un cabello seco,2,beauty
"La caja vino un poco aplastada, no está bien cosido a los dedos (queda un poco de lado la parte de silicona) pero vamos que por lo que vale no le puedes pedir más. En cuanto al pelo, si que retira pelo y es fácil de limpiar el guante.",2,home
"Llevo varios meses suscrita ha este producto y estaba encantada, con la calidad y el precio unos 0.15 cent la unidad. Este mes han subido 7 € la caja suponiendo unos 0,20 cent la unidad, lo siento por este precio compro los del Lidl q calidad precio tb estan muy bien. No se han cortado, impresionante y decepcionada, ha este paso no me compensa ni el.prime",1,drugstore
Quizás la única pega que le pongo es lo complicado que es ajustar la carrera y que suena más de lo que me esperaba.,3,home_improvement
"Aunque está claro este tipo de artículos pagas ""el diseño"" la verdad que la calidad de las hojas deja bastante que desear, las hojas son muy finas, como se suele decir de ""papel de fumar"". Por lo demás bien, la portada bien resistente, el diseño bonito, pero lo dicho, la calidad de las hojas pobre, además son de una raya.",3,home
Los elementos se adaptan a mi camera pero el palo selfie no. Por el precio esta bien,3,camera
Era para un regalo y quién lo recibió está encantado si que no puedo pedir más.,4,book
"Creo que no va bien a todas las mujeres.Me arrepiento de la compra porque no la puedo usar. Yo siempre uss una copa menstrual normal y estoy encantada.Queria algo diferente, pero no puedo usarla.",1,personal_care_appliances
Muy buena calidad La cámara se ve perfecta y el altavoz se escucha perfecto Llegada muy rápida,5,wireless
"No cumple mis espectativas, pense que era acero y no lo es.No tiene la calidad que esperaba.Mientras dure disfrutare de ella el diseñi es chulo.",3,jewelry
"Muy monas, quedan bastante bien",4,apparel
"Tamaño pequeño. Llegó arrugado y no se ha ido la forma. Si escribes y lo dejas dias no se acaba de borrar del todo, no obstante cumole la función para la que lo compré.",3,home
"Compré el producto porque era para la conga 1390. El cepillo central no sirve porque no encaja, y hoy me he encontrado por casa un cepillo lateral, porque se ha soltado solo...",1,home
"Está muy bien. Muy resistente. Amplia. Tiene un cubito para tirar cómodamente la orina. La única pega quizás la unión del soporte en el que va el cubito a la silla, que en mi cado lo hice con unas bridas de plástico. Finalmente muy contento.",4,furniture
"El producto mas barato que en tienda, el mismo material y mismo diseño. El tamaño es adecuado. Para arroz no sirve porque se pierde un poco por los agujeros",3,home
Sin más... para guardar el chupete de mi bebé y que no se pierda con tanta facilidad...aunque las cadenas van mejor...no lo hemos usado mucho,2,baby_product
"Todos los botones tienen la misma función. El aparato sólo funciona cuando de los botones está siendo pulsado, es decir, si lo sueltas para. Todas las luces de encienden a la vez mientras sale el humo. En mi opinión, no debería ser así, debería haber funciones diferentes; una que se quedarán las luces encendidas sin humo, otra que fuese solo humo sin luces, otra humo y luces durante unos segundos y la última que se funcionase en fases de 15 min por ejemplo automáticamente. Pero no, solo funciona si estás apretando uno de los botones.",2,musical_instruments
"Lo compré para regalarlo, y lo volvería a hacer Es un clásico tanto para niños como para adultos Si tenéis la oportunidad de leerle, no la dejéis escapar",2,book
100% recomendable. Ya llevo usandolos un tiempo y el material sigue igual. 100% estancos asi que genial porque no se sale ningun liquido.,5,home
Va perfecta y con el cristal templado también,5,wireless
COMO OPINO DE UN PRODUCTO QUE PEDI HACE DOS MESES SI TODAVIA NO LO HE RECIBIDO,1,pet_products
"Fácil de colocar, cómodo y elegante",4,automotive
"Auriculares de gran calidad y a un precio inmejorable , de todos los bluetooth que he probado son los mejores .",5,electronics
La he tenido que devolver porque la firmeza es demasiado baja.,2,home
Para atornillarlas en la pared van muy bien pero si quieres pegarlas con la cinta adhesiva que incorporan te van a decepcionar.,3,home_improvement
"Lo tengo de poco tiempo y la verdad k es una mierda no saca nada no tiene fuerza pa sacar mocos, no lo recomiendo para nadie porque lo compré para mi bebe de 3meses y no saca nada, es una mentira todo los opiniones positivos",1,baby_product
A los niños les ha encantado,5,book
"Quería probarlas, pero su calidad es malísima.",2,beauty
"Uno de los cables ya no funciona y no van en todos los móviles, yo lo cogí para un Xiaomi y no funcionan. No son carga rápida.",2,wireless
"En la foto aparecen tres cajas y en la descripción no se hace referencia a las unidades de que consta el artículo, por lo que induce a engaño.",2,other
"Mi talla es la 36 y por los comentarios que indicaban que tallaba muy pequeño elegí la talla M, y resultó enorme. El color tampoco corresponde, es un rosa oscuro. Al parecer no se puede devolver o cambiar, así que tendré que regalarlo. Al final lo barato resulta caro",2,apparel
"Muy recomendable, se adapta perfectamente a todas aquellas bicicletas sin ojales para las que es difícil encontrar un portabultos.",5,sports
Un capricho como otro la calidad de sonido no es perfecta pero se oye bastante bien,3,wireless
"Envío rapidísimo. La calidad parece buena, es flexible y el cierre bastante bueno. La desilusion es que venga en una bolsita de plástico junto con una de tela, en vez de una caja.",4,jewelry
El producto es tal y como lo esperaba. Su utilización es para gabinete de estética.,5,industrial_supplies
Buen mterial y muñecos un poco articulados. Lo q menos me gusta es que la tapa de la carabana ( mitad superior) queda sobrepuesta y no engancha con nada... es poco estable. Por poner una pega.,4,toy
Se mancha mucho más que otros protectores. Por lo q no es el más recomendable,2,wireless
"El único inconveniente, es que es algo pequeño.Por lo demás es perfecto para los zapatos y prendas de ante..",4,shoes
No tiene el rendimiento de la original pero por el precio recomendable para no quedarte tirado.,4,wireless
"El mecanismo funciona correctamente, pero sale muy caro, te obligan a comprarlo completo, cuando lo que falla son las piezas de plástico que van dentro y que se desmontan muy facilmente.",3,home_improvement
Tanto el envío como el producto fueron correctos. Lo compré para un regalo y gustó. Está bien para practicar la papiroflexia.,3,office_product
Lo que pedia a buen precio,5,drugstore
"Parto de la base de que me parecen abusivos los precios de los libros de texto, y más para infantil. Por lo demás, tanto los contenidos como los materiales tienen una calidad media/baja.",3,book
"Potencia suficiente para vídeo, música, videojuegos, etc... Dispone de regulación de tone. La calidad de sonido es buena y se vuelve decente desde algo más de media ruleta de volumen para arriba. Tamaño no apto para escritorios pequeños, conviene fijarse en las medidas. Diseño bonito y calidad de construcción buena sin materiales sobresalientes o acabados de lujo.",3,pc
Calidad preciso muy bien,5,sports
El cojín es de buena calidad pero demasiado gordo y robusto para mi gusto. A mi me gustan más blandos.,3,home
"Buen producto, y muy buena compañía me atendieron perfectamente cuando la compañía de reparto no me dio el servicio esperado",4,sports
Te deja el pelo como de peluquería y no estropea nada el pelo.,5,personal_care_appliances
"Es justo lo que necesitaba, pero se despega un poco en los bordes. Tendré que usar un poco de pegamento.",4,automotive
Terrible. Demasiado pequeños para los pulgares de un adulto medio... No sirvió...,1,toy
Necesito una factura,1,office_product
Buena relación calidad precio y servicio extraordinario. No entiendo porque tienes que hacer los comentarios tan extensos para dar tu opinion.,5,electronics
El acabado es bueno pero es dificil de ajustar. O la dejas floja y se mueve o al apretarla se empieza a deformar por abajo.,3,automotive
"Esta cadena es muy mala, con tan sólo 5 salidas, ya no sirve, hace mucho ruido y la he tenido que cambiar",1,sports
"Por lo general es buena compra. Llego en dos días y es fácil de montar. Pero le doy 4 estrellas porque no tiene prevista fijación de correas a camas de canapé de 1,50 pues las correas son muy cortas, aunque si es para un bebe pequeño el peso de colchón aguanta barandilla perfectamente.",4,baby_product
"Muy bonito, era para regalo.",3,jewelry
"La calidad es buena, más o menos lo que esperaba",4,sports
Todo correcto y kit muy completo,5,electronics
"El collar está muy bien por el precio que tiene. Pedí dos, lo que hay que tener en cuenta es que es muy fino.",5,jewelry
Poco más que añadir. Era lo que esperaba.,4,office_product
Lo bueno era que Hacia lo q te decía....pero lo malo q dejo de funcionar en 6 meses.,2,lawn_and_garden
No le gustan nada a mi perrita sólo los usa para jugar pero morderlos nada de nada,1,pet_products
"Todo perfecto, en tiempo y en producto, buenas información de seguimiento del producto y PowerPoint embalaje y conservación del mismo.",5,electronics
No son de mucha calidad,2,electronics
"Llevo un año con el móvil y va de puta madre, el único inconveniente, el tipo C, estoy teniendo muchos problemas para cargar el móvil y para escuchar música con los auriculares (no se conecta bien, se desenchufa). Por otro lado, los primeros cinco/seis meses la batería me duraba día y medio, ahora ya casi no llega al final del día... Todo lo demás genial.",3,wireless
"ME VINO DEFECTUOSO Y NO ME ESCUCHABAN BIEN Y AL COMUNICARLO, ME LO CAMBIARON POR OTRO QUE SÍ QUE SE ESCUCHA BIEN, ASÍ QUE LO RECOMIENDO.",4,electronics
"Como les ha pasado a otros ususarios: el tapón viene roto y se salió una pequeña cantidad, durante el transporte. por lo demás, todo muy bien. La cantidad de aceite en relacción al precio es muy buena y la calidad, la que se espera. Lo volvería a comprar.",4,beauty
"Estoy muy contenta con el producto recibido, el único detalle que no tiene un timbre para cuando se abre, pero es muy amplio, y es justo lo que necesitaba",4,office_product
Es pequeña pero tiene buena calidad de imagen y sonido,4,pc
"Cómo mí colchón es muy alto, queda un poco justa necesitaría medir 5cm mas",3,furniture
"Bueno por el precio, hace su función",4,home
"El producto huele bien y se aplica fácilmente. Sin embargo, no he notado mucha hidratación, igual es cuestión de tiempo.",2,beauty
"Bien el peluche, pero no llego en la fecha q indicaron q llegaba q era lo mas importante para nosotros",2,toy
"Tardó mucho más de lo previsto en llegar, la única respuesta era que no encontraban el pedido y que a veces se retrasa un poco.",3,toy
La talla va perfecta. Y puesto queda tal cual se ve en la foto. Es bonito y sexy. Me gusta.,5,drugstore
"Muy buen smart Watch la verdad es que estoy contento con el es muy completo y bastante barato. Te sirve tanto como para tomar nota en clase o que te ayude en alguna prueba como para hacer deporte y contestar a alguna llamada. Es muy cómodo si lo llevas un para de hora luego ya se te olvida que lo tienes puesto. viene con un para de correas de ""sustitución"", no es sustitución porque son de otro estilo, así que genial.",5,wireless
No se le puede pedir mas..plastico para meter el movil,2,wireless
"Esta bien, pero la cremallera falla a veces",3,luggage
Esta genial y muy practica,5,home
Tejido endeble...las fundas antiguas eran mejores,2,automotive
"El color es precioso. Hay que agitarla constantemente porque las partículas enseguida se van al fondo, un rollo. No sirve para ningún tipo de pluma, ni estilográfica, ni de dibujo ni de cristal. Es tan densa que no fluye. Sólo podríais utilizarla con pincel. O sea, una decepción.",2,home
Son una 💩 no las recomiendo ay otras por el mismo precio muchísimo mejores se le caen las pestañas y no quedan a la línea del ojo hay que cortarlas,1,beauty
El libro llegó en perfecto estado y en la fecha indicada.,5,book
no se como funciona no tengo información de su funcionamiento,2,home
"Las gafas son baratas y cómodas. Sin embargo, la óptica no es la mejor. Solo se deben usar durante un corto (muy) espacio de tiempo, ya que molestan y puedes tener dolor ocular.",3,apparel
"Te cambia la forma de ver ciertas cosas, te hace plantearte ciertas cuestiones y verlas desde otra perspectiva, vale mucho la pena y es fácil de leer.",5,book
Está genial para el precio que tiene.Repetiría sin duda,5,home
La mejor relación calidad-cantidad-precio que he encontrado.,5,home
Demasiado largo pero es de buena calidad.,4,pc
"Me ha decepcionado mucho, la he devuelto. No tiene la misma cara q en la foto, los brazos exageradamente grandes en proporción a la cabeza, el material el mismo que una muñeca convencional pero bastante más cara.",1,toy
"Deberia indicarse que las luces LED sólo funcionan con usb en ordenador, no en mando ps4.",3,pc
"Cumple mis expectativas en cuanto a la barba, como cortapelos el cabezal es muy pequeño.",4,personal_care_appliances
"No me fiaba mucho de comprarlo por internet, pero amazón siempre me ha dado es confianza, así que lo hice, y la verdad que no pudo ir mejor, me sorprendió mas todavía cuando lo vi, se mejora cuando lo tienes cerca, era un regalo para mi mujer, y le gusto bastante. Recomendaría su compra",5,watch
"compré dos iguales y uno viene con una funda muy gordita y el otro muy fina, una telilla que tiene pinta de irse rápido... me hubiera gustado tener la misma funda para los dos.",3,furniture
No es el producto de la imagen. La botellas no son iguales solo tiene color en el tapón. No entiendo porqué po en imagen si luego no se corresponde. Decepcionada,1,sports
"Funciona muy bien,lo queria para la cafetera y es perfecto.",5,home
"Me habían hablado mucho de este libro y en general no está mal, pero no es lo que esperaba. No es de los que regalaría.",2,digital_ebook_purchase
"Son geniales, y justo como se ven en la foto!!! Bueno, bonito y barato. Me han gustado más de lo que pensaba",3,jewelry
"Hola Una vez más me ha engañado la foto, he recibido 3 pulseras de reloj. Pésimo, estoy defraudado",1,sports
"La botella cumple su función, pero el color azul no corresponde con la fotografía, esperaba un azul metalizado, y para nada, devolví el producto por el color.",2,home
"Nunca me llego el artículo. El vendedor pésimo. Amazon no debería de trabajar con este tipo de vendedores. Desde que han subido la cuota del prime, ban de mal en peor. El año que viene no creo que renueve.",1,automotive
"Es un HUB de multipuertos todo lo que necesita para un portátil MacBook Air 2019 que solo tiene puerto USB typ C. Tienes 3 puertos de USB 3.0, un lector de tarjeta de micro SD y otro SD, un puerto para cable HDMI y otro Ethernet y uno USB Typ-C. Está muy bien fabricado y en un embalaje que recuerda a las de dispositivo Apple. El cable de conexión mide unos 12 cm aproximadamente para poder recogerse en el aparato con un iman bastante potente. Ha yque tirar con fuerza para sacar de su sitio.",5,pc
"Buen sonido, se conecta facil pr bluetooth con cualquier dispositivo, suena muy bien, y muy destacable la lectura de tarjeta sd directamente.",5,electronics
Se ensucian mucho las ranuras.,3,wireless
Nunca llegaron. Ni contestaron a la reclamación,1,home
"No tiene un interface fácil, almacena pocas emisoras y no vienen las instrucciones en castellano. Deberían especificarlo. Tenerlo en cuenta-",2,wireless
"Bastante ruído, detección de voz muy floja, e incómodo de colocar. No esperaba demasiado de este micro. Lo compré para salida del paso en lo que compraba uno de mejor calidad. No esperaba calidad de sonido ni mucho menos, pero aún así el resultado fue incluso peor de lo esperado.",2,electronics
No tiene nada que ver con kinetic sand. Es un producto demasiado caro en mi opinión. Se rompe enseguida lo firmado con los moldes.,2,toy
Aparece como entregado en el buzon pero este articulo no lo he recibido todavia.,1,pc
El producto enviado no es nuevo. Está usado. Está también mal envuelto. Nada que ver como se entrega un producto Seiko nuevo.,1,watch
"Cómodos, con buen sonido y elegantes. Lo único es que con las almohadillas que traen de serie los graves se qudan un poco apagados, poniendo otras con el agujero un poco más estrecho mejoran en sub-graves como para quitar empastes.",5,electronics
"O,es lo que buscaba no son nada cómodos para hacer deporte .NO me gustan",2,sports
"cristal de mala calidad, pierde sensibilidad en la pantalla y no pega bien, se mueve de un lado a otro porque no agarra como es debido. Arrastrar la barra de tareas hacia abajo con el cristal puesto es prácticamente imposible.",1,wireless
Se nota que es robusto y buena terminacion,5,sports
"La botella tiene garantía? Llevo solo dos meses usándola y huele como las botellas de plástico...solo la relleno con agua, y aunque la limpio bien y la dejo vacía al día siguiente vuelve a oler...",2,baby_product
"Llegó en perfecto estado, buen envoltorio y envío en su tiempo (muy rápido). Lo recomendaría sin duda. Es del mismo tamaño que el resto de funkos. Además el diseño es espectacular: Regina de Érase una vez!",5,toy
No es vidrio templado. No ajusta bien. Se levanta con facilidad. No sé como pueden cobrar 7 euros cuando en los chinos te dan 2 por 3 euros... No la recomiendo.,1,wireless
No me ha llegado!!!! Esto es de vergüenza... nadie me dice nada.... a la reclamación .... y esperando estoy a ver que pasa,1,office_product
pues me compre otra de las mismas medidas pero de mejor calidad esta mesa esta bien pero la calidad es algo regular.,3,furniture
Los cuencos muy pequeños para el tamaño de mi perro 🐕. Lo cambié por que a mi no me servía,2,pet_products
Muy buen landing pack,5,sports
Son buenos lo único que los pequeños son poco usables al menos para mi,3,home
Lo que indica en la descripcion. Es un producto original. De la marca El envio y la rapidez muy bueno. Bien como siempre Amazon.,3,personal_care_appliances
"El producto como tal no limpia apenas nada. En el nivel más alto de absorción no consigues que quite bien los puntos negros, son más útiles los palitos metálicos que viene de regalo que el propio producto. No lo recomiendo, quizá alguno más caro de más resultado pero, decepción total.",2,beauty
Todo segun lo esperado. Recomendable.,4,book
"Atentos, cuando ves la foto piensas que lo que te envían es un rollo de vinilo, cuando en realidad lo que te mandan es un trozo de un metro. Me parece una vergüenza que a pesar de que otros clientes han comentado lo mismo que yo. No hayan cambiado la fotografía y sigan captando incautos.",1,home
"Al principio todo muy bien, muy bonito, funciona perfecto, etc. Pero se ve que con el tiempo se ha ido deteriorando, las piezas se rompen, los leds se funden y envejece mucho. Falta de calidad en los materiales. Aún así sigue funcionando pero ya no es igual.",2,drugstore
"Estuve preguntando a varios compañeros que tienen MacBook cual comprar y me recomendaron este. Muy contento con el ya que según me dijeron, algunos fallan a la hora de conectar un dispositivo HDMI.",4,electronics
"Ojo bahía más pequeña de largo que una de 3,5” El disco de 2,5” queda instalado en el centro de la bahía. No en la derecha como es el standar. Los tornillos para fijar el disco a la bahía van bien pero los que van instalados De la Torre a la bahía no encajan bien",3,pc
El producto es lo que buscaba pero ha llegado incompleto. Me falta una pieza. Voy a tener q devolverlo,3,pc
"Pack increíble para todos los amantes del cine, dos películas que nunca me cansaré de ver y que nadie debería perderse.",5,other
"Con 1G de RAM sólo youtube y el kody con paciencia, servir sirve pero te colma la paciencia",3,other
"Pues eso, encaja, es lo que dicen pero se ve muy endeble y el plástico que recubre se estropea mucho con el sol y la lluvia.",2,automotive
En el paquete vienen dos cristales. He tenido que usar los dos porque pensaba que habia colocado mal el primero. Pero al colocar el segundo en un Xiaomi Mi A2 me ha quedado igual. En todo el perimetro se ha quedado de 1 a 2 milimetros sin pegarse. Horrible para un telefono nuevo y tan elegante. Parece fallo de terminacion debido a la curvatura del telefono o falta o defecto del adhesivo en todo el perimetro del cristal. Lo quitare y no pondre nada...,3,wireless
"Muy buen producto calidad/precio, muy rápida la entrega",5,home
"No son de una calidad excepcional, pero hacen su función. He vuelto a jugar a la wii, al Call of Dutty, y con el zapper se nota la diferencia.",3,pc
"El toallero es bonito y queda bien en el baño pero, todavia no he sido capaz de programarlo y eso que tengo el manual en español. No es intuitivo de utilizar.",3,home_improvement
"Todo bien, llegó en la fecha indicada. Dejaron el paquete en el buzón pero cabía de sobra y sin problemas",4,wireless
El primero me salió defectuoso y me lo cambiaron sin problema y el segundo muy cómodo. No le pongo cinco porque es de plástico,4,home
"De lo peor que he comorado,devuelto",1,automotive
"Cumple con todo lo esperado siendo realmente rapido en la carga. Como pega su tamaño, para mi gusto un poco grande.",4,wireless
Los tornillos que trae son muy pequeños y se cae. Los tuve que cambiar,3,furniture
El cinturón no es muy bueno lOs bolsillos para guardar cosas si vas a correr no valen el precio lo único interesante,3,sports
A primera vista bien. Pero se oxida para se de marcar es malo,1,sports
"Recibimos el ukelele puntualmente, en perfecto estado. Es un instrumento sencillo, que tiene buen sonido y responde muy satisfactoriamente al precio pagado. Con su funda y todo, cosa que se agradece.",4,musical_instruments
"La variedad y los elementos están bien, aunque tienen sus peros. El tripode tiene tornillo de plástico y se ha roto en su primer uso y la muñequera ha soltado la pieza (he puesto en su sitio después)",4,camera
"Nunca llegó , no lo pidan , solo sirve para gastarse el dinero , esperar un mes y quejarte para que te lo devuelvan , en mi caso yo tuve suerte y me lo devolvieron pero seguro que a muchos nunca les llegó y no se quejaron",1,pc
"Muy finitas, no se cómo serán las no premium...",3,toy
De momento funciona muy bien. Huele genial y a toda la familia le encanta.,5,beauty
"El taladro es una maravilla,lo estoy utilizando para Pladur y va perfecto he probado varias marcas pero dewalt se lleva la palma.El soporte para el cinturón es muy práctico y lo compacto que es y el peso que tiene .",5,home_improvement
"hola si ha cumplido mis espectativas , esta bastante bien , si hubiese tenido un poco mas de potencia mejor pero va bien un saludo",4,home
Estupenda funda para mí altavoz JBL,4,wireless
"Me encantaron, muy cómodas, fácil de quitar y poner, buena protección del sol y estéticamente una pasada.",5,sports
"Excelente producto, gran sabor, en vez de tomar un refresco azucarado este producto es más saludable y satisfactorio",5,drugstore
me enviaro una sola maleta y eran dos,1,luggage
Es un producto duradero y provee una interfaz de carga sencilla y una potencia adecuada.,5,electronics
"Me ha llegado el paquete en su fecha, en perfecto estado, pero la caja rozada por el transporte porque viene sin envolver y sin bolsa. La etiqueta pegada directamente en la caja del juguete y al intentar despegarla se ha traído parte del dibujo. Es la primera vez en amazon que me envían algo sin empaquetar.",2,toy
Nunca me llegó así que no puedo dar opinión.... Lo único que al menos me devolvieron mi dinero.,1,kitchen
"Todo genial, pero llegó un mes tarde de lo indicado.",5,home
"Bonita fuente, sobre todo x la noche cuando se ilumina",5,lawn_and_garden
Creía que eran más grandes....son tan pequeñas y finas que se rompen y son difíciles de sujetar por mi hija de 5 años,2,toy
"... más bien tirando a largo y aburrido. La historia no está mal, pero nose, por un lado le faltan cosas, tiempo a las escenas, hay cosas que pasan en segundos y por otra, le sobran, demasiadas explicaciones personales y lo del diario.... a mi me sobra.",3,digital_ebook_purchase
"No he acabado muy contento con la jaula. No por la jaula en Si, que la calidad y versatilidad es buena, si no porque la pedí toda en color naranja y me han enviado un conjunto multicolor que no es de nuestro agrado. Tenedlo en cuenta a la hora de pedir y enviar un mensaje al vendedor antes. Por lo demás, es un buen artículo.",3,pet_products
"Buen inventó, recomendable.",5,home
Las ventosas no pegan muy bien pero hemos conseguido un poco mas de libertad para los mellizos que pasan mucho tiempo dentro,4,baby_product
la tapadera o parte de arriba se te rompera a la primera de cambio ...... las dos mala calidad !,2,drugstore
"Es realmente fantástico, es muy silencioso y cómodo de montar. Por poner una pega, solo decir que después del precio que tiene, ya podrían incluir la pila del mando.",5,home
"Más caras que la mayoría de la competencia, pero merecen la pena! las espumillas se notan de calidad, con un acolchado y elasticidad óptimos para su colocación y ajuste. Además, viene cada par en una bolsita individual, evitando así que se doblen, peguen entre ellas, etc... Muy satisfecho.",5,wireless
Un aceite de hidratación intima muy bueno,5,personal_care_appliances
Peor calidad de la esperada. En menos de 5 meses de uso la tela está rajada y la suela despegada. Decepcionado con la marca.,2,shoes
"El GPS está muy bien acabado, y el soporte que tiene para el salpicadero me parece brillante, te ahorras la ventosa que mancha la luna y queda mucho más bonito. llevo un par de días de uso y los mapas al menos en mi zona están actualizados completamente, muy rápido a la hora de posicionar y trazar los trayectos. Por ahora muy buen producto, esperemos que siga igual.",5,wireless
"Funciona muy bien y fácil de instalar. Lo evaluo con 3 estrellas ya que lo compré porque según el vendedor pone que es un artículo de eficiencia energética A++ y cuando me ha llegado el producto, en la caja pone A+. Por el resto todo correcto",3,home
Sinceramente no me esperaba mucho del producto pero al final ha merecido la pena! El color es exactamente el mismo y protege bastante un móvil.,4,wireless
"El producto no es Philips. Es otra marca, es fabricado en china. Parece fabricado con chapa metálica y la parte trasparente es plástico. Mi mala nota se debe a la publicidad engañosa.",1,home
"Lo ubiqué debajo de una carpa de verano en un jardín y da luz de ambiente más que suficiente. Si que se debe decir que no da suficiente luz para una cena, pero sí para una buena sobremesa.",4,home
El producto viene en un paquete sin protección y con las esquinas con pequeñas imperfecciones. Lo peor es que dejaron el paquete debajo del felpudo... aún diciéndole al repartidor de correo express que dejase la nota y lo recogía yo. Un desastre vaya...,2,book
"El producto se adapta a las especificaciones, su controlador no usa demasiada memoria así que es ideal para ordenadores con procesadores normalitos, muy fácil de configurar",5,pc
"Buen calibre, no es blando y se adaptó perfectamente a la campaña y el tubo.",5,home_improvement
Llego bien funciona bastante bien y contiene todos los clasicos de Arcade,5,toy
Solo me llegó uno de los dos q pedí. Buena calidad. Una pena q teniendo un buen producto no dejen satisfechos a los clientes por la mala gestión de los encargos.,3,sports
"Buen producto, lo compré para regalar y le gustó mucho",5,book
"Muy buena calidad, es la primera vez que la compro por aquí, ya la había tenido comprada en tienda física especial en deporte y es exactamente la misma salvo que 20€ más barata 😛 conclusión buena compra",5,apparel
NO PUEDO VALORAR PRODUCTO Q NO ME FUE ENTREGADO PORQUE NUNCA LLEGÓ A SU DESTINO..,1,baby_product
"Calidad precio estupenda, llegó en la fecha prevista muy bien empaquetado, es igual a la descripción decla pagina web. Es perfecta para ejecutivos que viajan constantemente",3,luggage
Juguete en perfecto estado y envalado viene tal y como lo describe el vendedor mi hijo esta encantado con su juguetes ya que tambien puede hacer con las piezas pistas de diferentes formas para el coche me encanta,5,toy
Esperaba unos cuentos con más dibujos y menos texto. Son para niños mayorcitos.,2,book
"No son nada cómodas, se mueven mucho, no se ajustan nada bien Además son muy finas y el color no es como en la foto",1,home
Incrementa mi energía y me ayuda a recuperarme de los entremos de alta intensidad. Muy recomendable después de los entrenamientos.,5,drugstore
He devuelto las dos unidades y me an reembolsado solo una unidad!!que pasa con la otra?las dos unidades seguramente cuando se a recibido el paquete se an encontrado las dos,1,apparel
Increíble calidad/precio,3,apparel
No me ha gustado el dvd no funciona,5,book
Alas dos semanas de usarlo ya no va bien lo pones y nonlo detecta tienes que levantarlo y volver a ponerlo 40 vaces hasta que lo coje con lo cual me merece la pena mas poner el suyo con el cable y termino antes un desastre de cargador no lo recomiendo para nada,1,wireless
Perfecto para pasar tus fotos de réflex,4,wireless
"Me encanta el hecho de que está claro. Protege todo mi teléfono.Mantuve mi teléfono seguro y también se veía bien, en general un gran producto",5,wireless
"Tras 5 meses de utilización se estropeó la cámara principal y el flash. Ya no lo recomendaría. Pero lo peor de todo ha sido la gestión de AMAZON cuando lo mandé a reparar. Después de dos semanas de haberlo enviado a AMAZON e intentar saber el estado de la reparación sin resultado, me llaman para decirme ha habido un problema y que el teléfono se ha enviado a un centro de distribución en lugar de a uno de reparación. Y que me dan a elegir entre la devolución del dinero o el envío de otro teléfono. Ante esto les digo que lo primero que necesito es mi terminal antiguo ya que tengo datos e información y AMAZON RESPONDE QUE NO ME PUEDE GARANTIZAR QUE ME LO PUEDAN ENVIAR. Ante mi sorpresa intento explicar que me parece indignante que AMAZON pueda haber perdido mi teléfono y, de muy malas maneras, la operadora me contesta que como siga hablando me va a tener que colgar!!! Tras todo mi enfado acepto las condiciones y escojo que me envíen un nuevo terminal. Cuál es mi sorpresa cuando minutos después recibo un correo en el que me indican que han procedido a la devolución del dinero!!! Ya voy a hacer tres semanas sin teléfono. GESTIÓN NEFASTA DE AMAZON.",1,wireless
"No me ha gustado este tipo de ratón, lo veo demasiado grande.",2,pc
"La calculadora trae unas instrucciones muy escuetas. La verdad es que lo de la euro conversión me da igual, la cojí por la pantalla grande. Pero a la hora de hacer porcentajes los hace mal, no sé como ajustarlo. En otras calculadoras simplemente pongo 50 + 21 y pulso % (esto por ej para que me sume el I.V.A.) y no sale correcto el resultado. La necesito para calcular porcentajes en una tienda y no me está siendo útil. Una faena.",3,office_product
Me llego en mal estado y tuve que devolverlo.,1,kitchen
Nunca recibí el pedido. Tras dos meses de espera no lo he recibido. Me tuvieron que devolver el importe de la compra.,1,sports
"No me ha durado ni un mes. En ningún momento la he dejado llena de agua y sin embargo se ha roto por la mitad, saliéndose todo el agua",1,lawn_and_garden
"Producto equivocado, pedi cars y me enviaron princesas. Qué desilusión!!!",1,personal_care_appliances
Buen precio y lo llevan a casa,5,book
"Se ven de buena calidad, pero solo vienen de dos colores... Gris y rojo.",2,electronics
"No tienen uso universal. Leí que las habían usado para reemplazar unas Samsonite, pero en mi caso, su ancho es superior al de la maleta, lo que aunque se consiguen instalar, no permiten su rodadura",4,sports
Buena relación calidad/precio y el peso cuando está lleno es llevadero.,4,lawn_and_garden
Estoy realmente contento con el artículo porque los 4 coches son bonitos y son de calidad. Realmente lo recomiendo si vuestros hijos son como el mío y le encantan los coches.,5,toy
Muy buena adaptación.,5,book
"He recibido el paquete golpeado abierto y con dos balones menos, no puedo devolverlo, necesito una solución. no puedo devolverlo.",1,sports
Devolví el producto porque no se adaptaba a la tablet,1,wireless
Es el mejor que he usado con diferencia,5,automotive
"buen aspecto, pero al poco de usarse empezo a fallar",2,electronics
"Calidad un pelin mala, veremos si me aguanta mucho. La compré justamente por el sistema de candado y no funciona nada bien de abre tenga el código q sea. No la devuelvo xq la necesito para mañana, sino la devolvía seguro.",2,luggage
La goma con la que sujeta la mesa se ha rajado al segundo dia,2,home
"La funda está bien, y puedes elegir el color que quieras, pero la pantalla no coincide con la anchura del teléfono. Por unos milímetros no tapa toda la pantalla.",2,wireless
LO COMPRE Y ALL'EN EL ARMARIO SE QUEDO. NO CORRESPONDE LA FOTO CON LA REALIDAD ES UNA BOLSA PARA NIÑAS DE P3 NO PARA IR AL GIMNASIO.,3,luggage
"El material no es de una calidad excelente, sin embargo me ha parecido un buen producto si no son para uso profesional y a precio razonable",3,beauty
Carece absolutamente de instrucciones sobre el procedimiento para instalar un sistema operativo. Me costó más de una hora de exploración en Internet averiguar como limpiar la partición usando la línea de comandos para poder instalar Windows.,2,pc
"Producto usado, rallado, deformado, mal envalado, en definitiva, PÉSIMO!! Tramito devolución enseguida que lo veo.",1,home
Minas ideales para dibujar. El portaminas pesa poco para mi gusto pero es cómodo en la mano. Compra completamente recomendable.,4,office_product
"Muy mala calidad, mejor pagar un poco más por algo de calidad que quede bonito.",1,wireless
Antimanchas si es pero es pequeño para Xiaomi note 5,2,wireless
Ideal para entrenar en casa. Con los cascos muy buen sonido. Interesante la distorsión,5,musical_instruments
30 años de garantía con truco. Hay que enviar el producto a Alemania por lo que los costes de envío pueden ser superiores al precio de la reparación.,2,luggage
"Tras 5 dias de prueba de momento funciona perfectamente. Para mi fue facil de configurar y ha aumentado la señal Wifi de mi receptor USB que tengo en el PC. Inicialmente me llegó el aparato con enchufe UK, pero ellos mismos me enviaron un email indicandome que podia volver a pedir el producto correcto con enchufe EU. Muy bien por dicho servicio!",4,wireless
El servicio de correos expres malisimo llego 3 dias tarde de la fecha que me dio amazon por correo electronico y hera para un regalo de cumpleaños el cual me dejo tirado.. El reloj es impresionante por lo que cuesta le doy un 10 sobre 10.,3,watch
"se adaptan bien al pie son muy comodas y pesan poco , lo que no se lo que durará , esperemos a ver.",4,shoes
"Lo puse y cuando Le di a las luces para probarlo, esploto es una estafa",1,automotive
El cargador es perfecto para el galaxy watch... siempre utilizando un enchufe a parte de 1A. Funciona casi como el original. Buena compra.,4,wireless
"La relación calidad-precio es buena. La hamaca es tal y como se describe aunque viene sin cuerda para colgar. El envío lento, llegó casi una semana después de la fecha prevista de entrega.",3,lawn_and_garden
"Se colgaba siempre Spotify, lo demás funcionaba bien pero el lector de huella era muy malo, el sonido era horrible. Se me cayó dos veces y no sirve mas el teléfono. La primera caída se partió la pantalla y la segunda no encendió más. Las caídas fueron de menos de 1,5 m de altura sobre piso liso. De irrompible o duro no tiene nada este teléfono, cualquier Samsung te dura más.",1,wireless
"Es lo que es, sin más. Muy pequeños. Valido para los primeros días de las semillas y luego se planta directamente en la tierra.",4,lawn_and_garden
"Típica tarjeta SD china de tamaño falso. Es reconocida como 256GB pero si intentas usar más de 16GB se corrompen los datos. No comprar, no merece la pena.",1,camera
"Muy malo , le entraba agua",1,watch
"Me encanta solo le veo un defecto que no te marca batería baja y se apaga sin más , un día no me sonó ni se encendió porque se quedó sin batería.",4,home
"No me gustó. La instalé el sábado y hoy lunes ya está muy mal, hasta deberé sacarla seguramente y colocar otra",1,wireless
"La trama del libro es muy buena,pero es una pena que todo sea narrado sin profundidad,como la vida militar,el desarrollo de las misiones, la mida de los personajes( sobre todo de Edward)...... Hay momentos que la lectura se ralentiza demasiado por tanta narración y tan pocos diálogos,y es una lástima porque esos son los puntos fuertes del libro.La abuela es la caña,te arranca uñas risas.",2,digital_ebook_purchase
"La camiseta es lo que se ve, ni más ni menos, calidad por supuesto correcta y acorde con la marca. Es estéticamente retro: en mi caso debo confesar que la esperaba más llamativa. Talla ligeramente pequeño: si estás en duda entre tallas, escoge la mayor.",3,apparel
Justo los que buscaba. Buen precio.,5,baby_product
"El reloj tiene un tamaño bueno si lo que quieres es llevar un reloj de bolsillo exagerado en el cuello que era mi intención. Pero es platicucho liviano, lo bueno es que no pesa para colgartelo pero por el precio pensé era de más calidad. El cartón que viene indicando las horas venía mal pegado en el plástico y se calló tuve que ponerle yo más silicona y pegarlo bien.",2,toy
Suenan bien pero llevo comprados 2 en menos de 5 meses y funcionan mal. El primero me ha durado 4 meses y el último lo compré el 4 de junio y ya no funciona. Mucho cuidado cuando compramos barato porque al final lo pagamos caro.,1,wireless
era más larga de lo que pensaba y tuve que recortarla. Así quedó bien.,4,office_product
"Las medidas son adecuadas , los materiales y la confección son malísimos , se deshace cada vez que pasas",1,home
Práctico y funcional,3,camera
Todo bien pero no funcionaba una cosa. Buen vendedor. Lo devolvi sin problemas sin coste alguno. El dinero tardo un poco.,2,automotive
No me funciona bien para las bolsas el vacío,3,home
"El producto parece bueno, y es de las pocos protectores que he encontrado que cubren la pantalla entera. Sin embargo la sensibilidad es malísima. Imposible escribir un texto sin desesperarse. probado en mi S7 y en el de mi mujer y en ambos ocurre lo mismo.",1,wireless
"No hay manera de encontrar un software para trabajar con el, aparece en la lista de dispositivos, con todas sus caracteristicas pero no hay manera de gestionarlo por la falta de software, ya me parecia que un precio tan economico no podia ser de fiar. Voy a devolverlo, llega en buenas condiciones pero sin ninguna minima instruccion, no me parece muy serio.",1,home
"El protector no tiene mala pinta pero es bastante más pequeño q la pantalla, no un pequeño borde, es q no cubre la pantalla visible es al menos 1 milímetro más pequeño y el tacto es plastiquero , no desliza bien.No me convence .",3,wireless
hace unos bocadillos calientes exquisitos,5,kitchen
perfecta funciona muy bien,5,home
"Un libro bonito, muy recomendado para aquel que le gusten las historias de amor, a mi quizá se me hizo demasiado romántico",3,book
"Muy contenta. Es estable da sensación de seguridad. Puedes girar el televisor, moverlo hacia los lados y acercarlo o alejarlo de la pared. Lo tenemos instalado desde hace meses y no nos ha dado ningun problema.",5,electronics
"Mi hijo está totalmente enganchado al juego y se ha pasado jugando con él todas las Navidades. A diferencia del Monopoly, este juego tiene una duración más corta, lo que permite completar las partidas.",5,toy
"Las pegatinas están muy bien, de calidad, buen color y calidad de impresión, resistentes a agua y polvo. Son muy fácil de pegar gracias a la parte trasera que es autoadhesiva. Hay muchas pegatinas de diferentes modelos y formas para todos los gustos. Los niños están encantados. Muy fácil de pegar en superficies lisas.",4,toy
"Los compre para un regalo, en color amarillo y verde tb y la verdad estoy muy contenta con el producto.Buena calidad , envío rápido excepto el último q llegó tarde y sin caja de cartón q proteja la caja original y esto para un coleccionista es fatal.",4,toy
Estoy muy contenta. Sólo hace falta una micra. Ilumina mucho aunque lo mezcló con una gota de aceite mosqueta porque me seca la zona si no.,4,beauty
"Una buena mochila, además de bonita cumple muy bien con sus funciones. No hay ninguna pega",4,pc
"El envío no llegó , suerte de la buena atención de Amazon , recuperé el dinero , pérdida de tiempo comprar",1,apparel
Es más largo que en la foto es muy parecido pero no igual.,2,apparel
"Un amigo me recomendó esta carcasa para mi iPhone X y ya veo porque. Me gustó bastante. Es un muy buen producto, protege mi iPhone X muy bien de cualquier forma esta protegido, es bastante resistente, su diseño es muy elegante, y el protector de pantalla integrado, mantiene la funcionalidad de la pantalla intacta.",5,wireless
"No abre las aplicaciones , pierde la conexión,se calienta mucho",1,other
"No me gustó nada...sobre todo el tacto de los botones frontales, muy duros, malos malos. El touchpad, mala precisión y sobre todo al hacer scroll con los dos dedos, muy impreciso",2,pc
"Al intentar poner mi nuevo Ipad 2018 no se quedaba fijo en el marco por lo que cada vez que lo ponia como en la foto, la tablet caia. Me tocó devolver el producto.",1,wireless
"No corresponde con la foto en la parte de arriba no tiene agujeros para la cámara y el sensor, tiene un hueco para ello continuo q aportará menos protección en la parte de arriba. Fue facilísimo de poner y se acopla perfectamente a la pantalla y sin ninguna burbuja.",3,wireless
"Alfombra buena en relacion calidad-precio, pero el dibujo es repetitivo",4,furniture
Muy bueno el acabado pero el móvil no carga sin cable con esta funda puesta.,3,wireless
Fuera cólicos mi bb parece otro,5,baby_product
"No he notado nada especial, sólo que tiene un sabor muy desagradable",2,drugstore
"No consigo emparejarlo con mi TV Panasonic. La tele me pide el código de emparejamiento y no lo encuentro. Con mi telefono Samsung S5 tampoco lo logro. Si no lo soluciono, tendré que devolverlo...",1,electronics
Mando a distancia pequeño pero puede controlar hasta 16 dispositivos. Lo compre junto con 8 controladores de cortinas también de Trust y funcionan perfectamente . Muy simple de programar.,5,kitchen
"Es amplia, y por el precio cumple su objetivo. No se puede pedir mucho mas",4,home
"Se escucha extremadamente bajo, con la alimentación externa que viene sigue sin escucharse y con otras que he probado igual, tengo tarjeta de audio dedicada y decepcionado",1,musical_instruments
"Un olor muy especial, recomiendo olerla antes de comprarla. Buen precio teniendo en cuenta la marca. Rapidez en la entrega.",4,beauty
No cubre la pantalla al completo por tanto no está protegido del todo,3,wireless
"Esta bien, no deja de ser un cochecito que emite sonido (para mi gusto, muy pocos) y es entretenido para nuestros pekes. Aunque quizás yo (ahora después de haberlo comprado) lo vea un pelín caro para sus funciones.",4,toy
"Tiene buena potencia, pero al conectarlo a la luz (recordemos que puede funcionar de manera autónoma pues tiene batería) el led parpadeaba, lo que la hacía inservible.",2,home
Muy chulo y practico,5,wireless
"Le quedan perfectas de talla y son tal como en la foto, estoy contenta con la compra. Son muy chulas",5,shoes
Viene sin mando. Lo demás todo bien.,3,home
Relación calidad precio excepcional. Coincide a la perfección con el de la foto. La niña está encantada. Es muy recomendable.,4,toy
"El contenido genial, pero el formato del libro es un tocho de grande y pesado. Lo hubiera preferido más pequeño, en un formato normal de libro.",3,book
"Lo que no me gusta es que se pliega sola, el carro no queda rigido",3,luggage
Buen diseño y poco sonido . Nada recomendable,2,pc
Los laterales del protector delantero se rompieron al poco tiempo.,3,wireless
Es lo que estaba buscando,4,shoes
Uno de los cubre vitro viene cascado.,2,home
Bonitas y sencillas de montar...muy rapidas,5,home
Tienes lo que pagas...,3,automotive
El envío a través de DHL muy mal,1,luggage
De momento parece ser lo que necesitaba.,4,drugstore
"Elegante, gran capacidad. Pero se empezó a oxidar a las dos semanas de uso.",3,home
"El coche corre bastante, pero se sale todo el rato de la pista. El punto negativo es la demora de entrega. Hice el pedido un 26 de noviembre, en el pedido decía que lo recibiría antes del 10 de diciembre y no llegó hasta el 23 de diciembre!! Fatal!",2,toy
"He tenido que devolverlo, No se pudo colocar en la puerta debido a que las medidas no eran adecuadas a la misma. En cuanto a la calidad y acabado del producto estaban bastante bien.",2,home_improvement
"Es un perfume que utilizo desde hace años y se perfectamente como huele. El que yo recibí olía a alcohol y el aroma no era el habitual. Me hizo pensar que era una imitación, no lo puedo asegurar, pero parecía.",2,beauty
No era muy estable el escritorio. Al teclear en la computadora se movía un poco así que decidí devolverlo.,2,furniture
"No lo recomiendo porque me he gastado el dinero y no me ha llegado el producto, no lo compréis porque es UNA ESTAFA.",1,baby_product
Muy buena relación calidad precio. Se ajusta perfectamente a lo q yo buscaba,5,automotive
La rapidez y el compromiso de q cuándo un artículo llega deteriorado te envían otro en su lugar. Lo peor es q ya he reclamado un nuevo protector de pantalla y tambien a llegado deteriorado. Volveré a solicitarlo.,3,wireless
"Malísimo en batería y uso, van a trompicones, no me estrada que Android wear tenga tan mala aceptación. Lo bueno que al ser comprado con Amazon ningún problema para devolverlo por donde vino, menuda castaña de Android wear.",2,watch
"Correcto. Tuve otro reloj que me defraudó. Este algo más caro pero se nota mejor calidad. La batería aguanta también algo más. El uso y la aplicación es de fácil manejo. Contento con la compra, lo uso para llamadas aisladas y contadas y cumple su función.",4,wireless
"Llegó pronto, buena calidad, y un pequeño desperfecto en el cristal no vendría también embalado. Por lo demás bien, xao",3,wireless
"La calidad es ínfima, pero además no para quieto en el brazo del sofá, se cae todo el tiempo. Viene embalado tan sumamente doblado que se queda deformada toda la parte de la bandeja. Lo tiré a la basura al día siguiente de recibirlo.",1,home
A funcionado y va bien,3,home
"Es una tarjeta memoria de gran capacidad y bajo coste, buena para diversas aplicaciones pero que no funciona. La esperanza no la pierdo y quizás la vuelva a pedir para ver si tengo más suerte y funciona.",1,camera
"el campo no era un rectángulo, estaba muy mal cortado. Los jugadores no se sostenían en sus peanas. La verdad para ser un producto con licencia oficial deja mucho que desear. no lo recomiendo",1,toy
"Pues éso, que estaba usado :(",2,book
Son muy calentitas y cómodas,4,shoes
"La bolsa es bonita pero no lleva ni 2 meses de uso y ya se ha descosido y eso que no lleva peso, solo bata del colegio y desayuno.",2,luggage
Va como anillo al dedo.,5,wireless
Llegó rápido con el Prime,4,wireless
"En mi modesta opinión y con la experiencia en novela negra,el libro está entretenido, espero leer el segundo a ver cómo siguen",3,digital_ebook_purchase
"Cumple lo que promete. La he usado varias veces ya y es totalmente estanca. El único pero es que es un poco dificultoso manejar los mandos del móvil, sobre todo dentro del agua.",4,pc
"La funda esta perfecta según la recibí en mi domicilio , pero en la descripción no pone claro que es para el iPad Pro de 9,7 pulgadas",1,pc
"Muy bien, es tal cual se describe. Mis hijas se entretienen mucho con esto.",5,toy
UN SERVICIO IMPECABLE DE CARA AL CLIENTE,5,office_product
Eran para regalar . No se q tal es el producto,3,wireless
Es todo plástico y se rompe fácilmente,3,toy
"El escaso peso del cristal hace que cuando la arena se traspasa de arriba a abajo la estabilidad del reloj no sea muy fiable,",1,home
"Muy buena jarra. Tiene pinta de durar muchos años y es muy chula. Un poco cara, era para un regalo (si hibiera sido para mí, hubiera comprado una más barata)",4,kitchen
Producto ajustado a lo ofertado. Rápido en su entrega Sin ningún problema,3,electronics
Fácil manejo. Ruido escaso,4,kitchen
"Lo tuve que devolver multitud de fallos, las pilas duraban un dia, no funciona la radio... Pero con Amazon la devolución perfecta",1,home
el producto es un fraude. La colonia que he recibido no es la original sino una burda imitacion .estoy muy decepcionado,5,beauty
"No estoy contento con la compra. La terminación de la punta del lápiz, no es una punta fina, como lo haría un sacapuntas convencional. Otro defecto consume bastante lápiz para sacar punta. No estoy contento con la compra. Para el precio que tiene debería terminar mejor resultado.",2,office_product
"Con ropa ajustada se marcan un poco los cierres, descambiado.",3,apparel
"Todavía no he recibido mi pedido y ya se paso de la fecha de entrega,estoy muy descontenta, hace ya más de un mes.",1,beauty
"Cumple su función, yo lo quería para no llevarla en la acuatica todo el rato y, para cuando iba a grabar videos, que el audio se escuchara bien. Cumple su cometido. La única pega es que para ponerlo tienes que tensar un poco el plástico, no se si terminará partiendo en algún momento, de momento va perfecta.",4,electronics
"Esta muy bien, dura bastante y tapa muy bien ese típico olor a perro.",5,pet_products
"Son bastante grandes y tienen un tacto muy suave. Los dibujos son tenues y muy bonitos. Está un poco acolchado y por una cara tiene material impermeable por si se moja no empape el sitio donde esté. Esta muy buen rematado, todos los bordes están muy bien cosidos. Hasta ahora usaba cambiadores de usar y tirar pero se acabó. Me han gustado mucho. Muy recomendables",5,baby_product
Lo devolví porque la ropa es más pequeña de lo que se dice en el anuncio. Lo quería para un muñeco Nenuco pequeño y no le entraba nada. Además la calidad de las telas es bastante mala. Envío perfecto y embalaje muy correcto.,2,toy
Exactamente tal y como lo describían. Ideal para lo que lo necesitaba.,4,home
Muy bonito..un poco pequeño la esfera y la luz es suave..el azul es como en la foto la correa muy original,2,sports
"Compré el producto porque tengo problemas de señal en mi vivienda. Una vez todo conectado seguía teniendo los mismos problemas de señal, no lo recomiendo.",1,electronics
"Llego defectuoso con las teclas levantadas y no funcionan esas teclas,lo devuelvo y me mandan otro.....exactamente igual Una de dos o me habéis mandado el mismo para que me calle o son todos asi de malos Lo devolvere en cuanto pueda ir a correos",1,wireless
"Tras el uso, aunque no soy especialista en sonido, considero que es una buena grabadora. La cuestión es si merece pagar su precio. Por poner un defecto, creo que no resulta muy intuitiva en determinadas acciones.",4,musical_instruments
"Para llevarse de viaje ideal, no limpia como otros pero es muy buena opción sino se va muy maquillada.",3,pc
El producto no mantiene la carga a la final cuando lo vas a usar las luces no van. Por eso la puntuación se compran para lucir las luces pero si no funcionan es un zapatilla normales.,1,shoes
"Pedí dos, uno costo de enroscar y el otro no hubo manera, lo tuvimos que devolver. El se pudo montar ha quedado muy bien.",3,musical_instruments
"Dura mucho, pero el color nude es transparente y el morado tampoco es como en la foto",3,beauty
"QUE LLEGÓ ALGO MUY DIFERENTE A LO PEDIDO. ES DECEPCIONANTE. ADEMÁS CORREOS NO QUIERE RECOGER LA DEVOLUCIÓN EN EL PUNTO INDICADO, DICE QUE LA DIRECCIÓN ES OTRA. HA SIDO UN VERDADERO FRACASO.",1,kitchen
Muy buen trabajo. No puedo valorar su rigor histórico,5,other
la verdad que el producto está chulo pero estoy muy enfadada porque el botón de encendido/apagado falla y solo lo he probado una vez...lo voy a devolver pq se queda atascado el boton es un fastidio pq no me ha costado barato..,1,beauty
Transpira que es el objetivo que buscábamos. Se agarra bien al colchón,4,furniture
"Producto aceptable aunq él tejido no es muy bueno,pero también el precio es el q es,para usarlo de vez en cuando se aguanta",4,wireless
"Muy buen mechero,pesa,se nota su calidad.Ahora,si no te importa estar recargándolo cada dos por tres...",4,furniture
"Es bastante grande por lo que se puede usar durante varias etapas del bebé pero se rompió una pata del cambiador al montarla y el colchón que trae es demasiado fino. Mi bebé no aguanta mucho dentro, no parece cómoda a pesar de comprar un colchón más ancho",3,baby_product
"No he llegado a recibir el libro, les escribi para comunicárselo y me contestaron que me enviaban un nuevo libro, pues no he recibido ninguno de los dos libros que supuestamente mandaron. ESTAFA",1,book
La bascula esta bien solo le pongo 2 estrellas porque el embalaje llego un poco deteriorado y la tapa transparente qué cubre la báscula estaba partida excepto eso por lo demás bien,3,home
"Nunca me llego ,reclame y me devolvieron el dinero,francamente disgustada. Me esperaba más seriedad....en fin es lo que hay .",1,toy
"Compré ésta jarra porque tengo otra igual desde hace años ya para uso diario y por el precio que tiene, hace su función perfectamente. El envío llegó bien, a tiempo y la jarra es como la foto. A mi me llegó con tapa VERDE CLARO.",4,home
Envío y trámites correctos. Es la misma versión que sacaron para wii u pero con algún añadido. Variedad de luchas y modos de uso.,4,video_games
"O el mio esta roto o es malo malisimo, no puede ser que funcionando toda noche no sacara mas que un vaso de chupito de agua y seguia habiendo humedad, y lo he probado tres horas en un baño no superara los 5 m2 y nada la humedad ahi sigue.",1,home
"Muy muy parecido al original, el tacto y respuesta. Muy recomendable",5,wireless
"El funko está perfecto, pero la caja.... Dañada, manchada, el plástico transparente con signos de que lo han querido limpiar por algún adhesivo. La caja del envío totalmente machacada, menos mal que era verdadero y la referencia coincidía. No sé si el resto les pudo llegar en este estado, pero para una colección, el estado de la caja es esencial. Decepcionado",2,toy
"Lo he pedido y me lo han mandado mal, pone que son marcos de 13x18 y me lo mandaron de 10x15, lo devolví y lo pedí de nuevo por si se habían equivocado y me lo volvieron a mandar de 10x15. Lo he vuelto a devolver y aún estoy esperando por la devolución del dinero. La verdad es que he quedado muy descontenta en este pedido.",1,home
"No se atasca y el mecanismo es silencioso dado se desliza y no suena el ""tica-tac"" tipico de los relojes",3,watch
Lo compre para hacer backup del iphone pero es lento y se desconecta además la opcion de borrado tras el backup no funciona. Hay que borrar manualmente del movil comprobando fichero x fichero.,2,pc
"De calidad, pero un poco caro.",4,home
El volumen es alto mi bebé se pone nervioso y no hay mucha variedad de canciones solo hay dos lo demás es música La verdad que para el precio que tiene no lo recomiendo,3,toy
Muy buen producto al menos la primera impresión pues no puedo usarlo al quedarme grande y he de devolverlo,5,apparel
"Los conectores RCA se mueven una barbaridad, me parece que se van a romper en cuanto se usen 3 o 4 veces",1,electronics
"Se envían dos protectores, un poco caro para lo que es pero bueno para las ralladuras está bien para lo que necesito.",3,other
"Realmente no es un buen cargador ni de lejos, a mi personalmente me hace un apaño, peto si quieres tener tu mac al 100% igual deberás tenerlo cargando 6h por lo menos xD es extremadamente lento, pero bueno, lo mantiene con vida mientras lo usas. No lo recomiendo",1,wireless
"Me ha parecido un libro bien escrito, a la par que directo e imaginativo. Es bastante previsible, y eso a mi personalmente me agrada.on",4,digital_ebook_purchase
"Por ahora imposible de configurar. Esta instalado y al pulsar el boton del aparato la luz se enciende y se apaga, por lo que entiendo que esta bien instalado. Pero a la hora de configurarlo con la aplicacion imposible. Mi ruter es dual y si emite a 2,4g lo unico es que esta algo alejado del aparato uno esta en el salon y el otro en la cocina y aunque junte el movil al aparato nunca se conecta. Tengo la duda de en que posicion de parpadeo del led del aparato tengo que empezar hacer la maniobra de conexion, aunque lo he intentado de todas las maneras, parpadeando en azul, parpadeando en azul y rojo con la luz puesta y quitada. Horrible",2,home_improvement
Los peques conforme van leyendo van descubriendo animales nuevos. Le gustó mucho a mi bebe de un año. Lo recomiendo.,4,book
Cumple su cometido si no buscas sofisticación en el planchado.,4,kitchen
"Bien, pero le falta la posibilidad de colocarla de pie con comodidad cuando está cargando. Por el resto bien... Util.",3,pc
"Su seguridad y calidad es excelente. Lo que me parece mas debil es el cierre,que es de plastico,no se si su durabilidad sera la misma que el resto del arnes.",4,pet_products
Muy economico y a mi me ha resultado perfecto. Duradero y muy util. 100% recomendable,5,furniture
No he recibido el producto todavia,1,automotive
"Ha sido sacarlo de la caja para probarlo y he solicitado el reembolso. Este humidificador tiene bastantes problemas. -Es imposible encenderlo sin pasar por el modo limpieza, lo cual emite un pitido intermitente muy molesto, lo cual, si lo quieres como es mi caso para un bebé, ten por seguro que lo va a despertar. Esto es bastante llamativo, ya que el fabricante es Chicco, que fabrica productos para niños. -Es necesario usar las dos manos para accionarlo, ya que el aparato resbala por cualquier superficie y necesitarás sujetarlo con una mano mientras que con la otra accionas el botón. -El led que incorpora es bastante luminoso y no se puede apagar. -El mecanismo de llenado es bastante incómodo. Además tiene el depósito pequeño, aunque esto ya se sabe antes de comprarlo. Lo que también es cierto, es que no hace ruido prácticamente una vez en marcha.",1,baby_product
Demasiado apretados los tornillos que hacen muy difícil la movilidad,3,electronics
"Excelente, encaja perfecto! Protege el móvil y no le resta funcionalidad! Es perfecto!",5,wireless
Se ve bastante buena y bien acabada el envío muy rápido por parte de Amazon falta ver con el tiempo y su uso si aguanta bien espero que si,4,luggage
"Es una herramienta para salir del paso, pero no es útil para objetivos pequeños. El ajuste no es muy preciso y si no se tiene extremo cuidado pueden dañar el objetivo. Para trabajos profesionales recomiendo buscar una calidad superior.",3,camera
"Son preciosas, pero la medida no corresponde.",4,book
"Es muy comodo, tal y como está en la descripción, pero echo de menos que tenga el respaldo un poco más alto. Yo estoy bien, pero mi marido mide 1.80 y le resulta un poco bajo",4,furniture
Es bonito pero no funciona bien.,1,wireless
Está muy bien acabado. Es mas pequeño que en las imagenes pero esta muy bien y es muy completo. Los piezas son imantadas asi que los peces se pescan fácil y a la hora de soltarlos trabajan la motricidad es justo lo que buscaba.,5,toy
La compras como nueva y cuando la vas a instalar descubres q es usada y q está registrada una persona con un día y una hora . Vamos que lo compré por nuevo y es usado,1,sports
Hace su función perfectamente. Sin problema para portabicis de bola. En mi caso he optado por otros tornillos de más fácil instalación y menor diámetro que también sujetan la bola a la perfección,4,home_improvement
"se me estropeó el adaptador y en las tiendas especializadas no me lo podían proporcionar por ser un modelo antiguo. Me aconsejaban que cambiase de impresora pero, como funciona muy bien, me negué a ello y decidí comprarlo online. Por suerte lo encontré en Amazon y todo perfecto.",5,pc
"Buena calidad ,precio caro",4,automotive
"No lo se,, creo que es bueno ,pero para mi no sirve ,pues tengo un p8lite y no vale solo vale para el 10",1,pc
Esta muy bien el café y bueno de sabor,4,grocery
"La alarma es facil de vincular con los sensores ,el problema esta con la aplicacion que no funciona despues de conectar no va y los constantes bloqueos de la centralita , aburrido de resetear y volver a vincular. No la recomiendo , no me parece facil de usar no es intuitiva .",2,home_improvement
"Falta total de seriedad en el envío, llegó fuera de plazo , para eso no pago Prime , la empresa de reparto muy mal .",1,home_improvement
"Conectado al PC un muy buen mando, mi problema ha sido qué por el motivo que sea no me conecta a la Switch, que es para lo que lo quería, no se si es culpa del mando o culpa mia que no he sabido hacerlo pero no ha habido manera, aún así si hubiera sincronizado tenia pinta de muy buen mando.",3,video_games
"Buena calidad, alcance real unos 100 mts",4,home
No ha funcionado nada mas que la primera vez que se usó. Despues al necesitarlo me dejo tirado.,1,automotive
poca capacidad para el buen funcionamiento de kodi.con paciencia espero poder hacerle funcionar algo....conexion wifi bastante bien.barato pero hay mejores,2,wireless
"No queda como en la foto, fatal y feo",1,home
"No es lo que esperaba,pero por el precio no se puede pedir mas",2,home
"Es muy poco el buen olé que permanece en el ambiente de casa, y pico me refiero a 1 hora máximo, luego el olor es molesto...lo siento pero no volvería a coger este olor por lo menos...",2,home
"En mi opinión, no sirven para aguantar el peso de una bolsa mínimamente cargada",1,baby_product
"A los pocos días de ponerlo se ha roto en un lateral y luego se ha producido una raja, sin llevar ningún golpe. Me ha decepcionado. La instalacion es fácil y se coloca rápidamente y sin burbujas de aire. Tiene adhesivo en toda la superficie. Lástima que sea tan frágil.",2,wireless
"Muy contento con esta mesa. Fuerte y resistente con buenos materiales, diseño moderno y bonito y muy buen precio. Así que todo muy bien.",5,furniture
"Ruidoso e inestable. Tampoco da demasiado aire pero sobre todo lo peor es el ruido que hace. Lo bueno que tiene es que si se cae y se queda horizontal , se para por seguridad.",3,kitchen
El color no es para nada el gris de la foto.... es gris pastel y las ratas super blancas....,2,home
"Funciona perfectamente, el material es de calidad pero solo reproduce voces agudas, las graves no.",3,musical_instruments
Muy correcta en acabados. En plan práctico lo que buscaba.,5,furniture
"Para lo que cuesta no sale nada buena, el tirador se estropeó al poco de comprarla, se queda encasquillado.",2,office_product
"El producto en sí me gusta, la colchoneta tiene buen tamaño y es mullida, por lo que amortigua golpes. No me ha gustado el tamaño plegada, ocupa el doble de lo que parecía en las imágenes.",3,baby_product
Tres de las esquinas del baúl estaban en mal estado en el momento de la entrega. El embalaje estaba en mal estado. las explicaciones de.montage difíciles de interpretar,2,furniture
"La cajita es original pero el contenido es un poco escasos, lo quería para un amigo invisible pero lo encuentro un poco cutre, yo me esperaba algo un poco más grande. La idea es original pero el producto es un poco escaso para lo que cuesta.",2,apparel
Con decir que bebo el café con leche ya lo digo todo. No soy un experto en cafés. Me gustan que tengan sabor no muy fuerte y mucho aroma. Este cumple bastante.,4,grocery
"No está mal, pero más para niños de 9 años",2,book
"El primero, me llego roto del asa. Y el segundo viene con la pintura levantada. El producto es de pésima calidad. Me han hecho perder el tiempo. NO LO COMPREIS. Indignado es poco...",1,kitchen
Un poco endebles pero muy correctas,4,home
Suena vien y tiene efectos chulos.,4,musical_instruments
Por el momento va perfecto. Me he llevado una sorpresa por lo sencillo q es. Todo metal y en la rosca y circunferencia de plástico o similar para q no se escape el líquido. Aguanta muy bien la temperatura.,5,sports
"Ha sido un regalo qué ha pedido mi hijo de 9 años, le gusta mucho, creo que es un tipo de juguete de los que les gusta o no les gusta, para que lo tengan en cuenta.",5,toy
"Compre este reloj para decorar la habitacion de mi hija, he de decir que en la foto parece grande pero es muy pequeño al principio no me gusto porque le tamaño lo imagine grande, pero asi queda mejor y más bonito al final ,por que queda pequeño y muy fino.",5,home
"Fácil inflado,bastante cómodo,lo uso para descansar entre horas cuando estoy trabajando y cumple con mis espectativas",5,sports
ME HA DURADO 1 MES QUE ES JUSTO LO QUE HA TARDADO LA CORREA EN ROMPERSE. A MI PETICIÓN DE COMPRAR OTRA CORREA ME HAN CONTESTADO NEGATIVAMENTE. ESTOY PROFUNDAMENTE DESCONTENTO,1,wireless
"Son muy prácticas ya que las tengo recogidas en una habitación pequeña y son para usar cuando la cama plegable no se usa y te puedes sentar relajadamente a leer, ver la tele, incluso dormir la siesta.. En durabilidad no he querido valorar ya que llevo poco tiempo usándolas, pero tampoco se las ve endebles. Relación calidad-precio razonable.",4,lawn_and_garden
"Me llego justo el día previsto, lo utilicé y la verdad es que con solo una vez se muestra cambio, el pelo las suave, volumen y fácil el planchado.... buena compra",4,beauty
son de buena calidad y aguantan muy bien en las mangas pasteleras. Este fin de semana hemos estado utilizando en casa para realizar diferentes cup cakes y hemos usado unas cuantas y nos ha ido genial. Vienen las piezas que se ven en la fotografia. Todo en perfecto orden. Muy contentos.,5,home
Excelente arrocera muy cómoda.,5,kitchen
El articulo cumple bien con todo lo que viene marcado en la presentación del anuncio.Es bien grande para un paraguas plegable,4,luggage
"Hay más baratos, pero éste lo recibes en un día, incluye además unas pinzas que facilitan la retirada del elemento roto. El producto encaja bien y de aspecto una vez colocado como si fuese original, así que en mi opinión 5*",5,wireless
"La funda trae dos imanes en cada extremo para el cierre, y uno de ellos llega directamente despegado ..... Mala calidad .",1,pc
muy bien carga de maravillas muy contento con el cargador lo recomiendo,4,wireless
"No me habia fijado pero son muy pequeños. Apenas caben 20 paginas. Algunos estan mal, les falta un lado de la pinza. Por lo demas, correcto",3,home
"Me ha decepcionado, me ha dado el mismo resultado que productos que cuestan una tercera parte, no me define bien el rizo, me dura poco y no elimina el encrespamiento. No repetire",3,beauty
"Lo compre para regalo porque parecía vistosa, chula y original, me llego a tiempo pero parece ser que sintoniza mal las emisoras y gasta muchas pilas, mejor usarla con el cable de corriente el sonido no es muy bueno será porque las emisoras no se cogen bien y la antena parece estar de adorno, hay radios mejores y por menos dinero",2,electronics
"Dron muy bueno, todo perfecto en el envío y similar en las características a las detalladas en la descripción. Recomendable para iniciarse.",4,toy
"Buenos días, Os he escrito varias veces y nadie me da una respuesta! Este aparato ha dejado de funcionar. Necesito hablar con el fabricante. Gracias, Patrícia López Gallego",1,wireless
"Retira bien el maquillaje y se nota que es más natural, pero para mi gusto es demasiado pringoso y me deja los ojos demasiados aceitosos.",3,beauty
"Aunque solo las he utilizado una vez, ha cumplido con las expectativas. Necesito usarlas más veces para ser más ecuánime.",5,sports
"Barato y bueno, no pido mas a un reloj de este precio",5,watch
"es muy decepcionante, para nada es una caja, tiene una altura como el grosor de un dedo, y es de carton fino fino. es un engaño de producto",1,home
"No es muy potente, recoge poca cantidad de agua, pero es que el precio es imbatible.. Si lo que quieres es bajar un poco la humedad en una habitación pequeña, te vale.",4,home
"Cumple con las espectativas, en general bien.",3,pc
"me encanta el olor, y su función es perfecta",5,beauty
"Compre la sudadera para mi marido y le encanto, la talla perfecta, cogi una xl, el mide 1.80 y pesa 90kg. Es muy comoda y muy calentita por dentro.",5,sports
"Despertador con mucha luminosidad incluso al mínimo, tengo que taparlo por las noches y me tiene muy harto ya. Ha sido una mala compra por mi parte y el producto es bastante peor de lo esperado, dadas las opiniones del resto que parece que duermen bien con la claridad pero a mi me han fastidiado. El sonido está bien.",2,electronics
"Me lo enviaron con piezas erróneas, cuando les expongo lo que pasa, me dicen que les envíe fotos de las tablas que faltan, (cuando ya lo había hecho previamente el mismo día que recibí el producto), la solución que me dan es que o me dan un 20% de descuento o me envían las piezas que faltan y que tardarían 15 o 20 días en llegar. Opto por que me envíen las piezas...para poder terminar de montar el mueble. y tras esperar los días pertinentes no me dicen nada por lo que les pido que me dijeran donde está el envío me dicen que se ha perdido y que me devuelven el dinero del producto. todo un mes después de entregado el producto, el cual me han dejado con dos cajones sin laterales. Lo bueno es que me han devuelto el dinero. El producto en si no está mal, pero claro si estuviera completo y no tuviera que haberle hecho un apaño estaría bastante mejor.",2,furniture
Más de una semana para recibir este producto porque utilizan MRW para el envío y son unos tontos! El teléfono parece bien pero el timbre es muy bajo...,3,wireless
El código no me funcionó,3,video_games
Es tal como aparece en la imagen del vendedor. Tiene como 2 bolsillos o compartimientos. Puedes poner el movil y otro dispositivo o lo que necesites.,4,beauty
Son muy cómodas y muy prácticas para todo puedes utilizarlo para las muselinas o para colgar cualquier muñeco,4,home
"Cuando mi hija ha pintado a sus manos, no se lava muy fácil con jabón como introducción. En el foto es hemos lavado sus manos con jabón dos veces ya.",2,office_product
Buenos días. Cómo se carga el reloj?? No veo donde se puede enchufar el cable USB?? Muchas gracias de antemano,3,sports
Mi bonsai ha vuelto a venir sin el plato. Creo que esto es muy inconveniente porque mancha cualquier zona donde deje el bonsai después de trasladarlo al haberlo regado. Además es menos estético sin el plato.,2,home
Bonitos muñecos. Mu hijo disfruta jugando con ellos.,5,toy
Fue un regalo y está encantada con ellos,5,office_product
"Lo estoy usando con el aire y va muy bien, es muy agradable sentir el frescor y el calor no puedo opinar porque estamos en verano y con temperaturas por encima de 40 grados ya os diré en invierno.",4,automotive
"BUENAS, HE PROBADO LOS DILATADORES NASALES Y MI EXPERIENCIA NO HA SIDO NADA SATISFACTORIA, SON MOLESTOS Y BLOQUEAN EL PASO DE AIRE, CON LO CUAL RESPIRO MEJOR SIN ELLOS",1,drugstore
era un regalo y le gusto mucho .,5,wireless
"Producto ok, cumple lo prometido",5,home_improvement
No me gustó coge holgura y se sale la pulsera,2,pc
"Nada que ver con la foto. Es de pesima calidad, mala confección, no lo aconsejo. Ademas no lo he podido devolver. Lo lleve a un punto de recogida y no me lo admitieron por las dimensiones, tuve que llamar a atención al cliente de Amazon que me tomaron nota diciendome que me llamarian de Seur para programar la recogida y nunca me llamaron",1,furniture
"Una vez programados, solo abren una vez y no se pueden resetear ni programar de nuevo. Los devuelvo, no sirven",1,home_improvement
No funcionaba. Devuelto el producto e importe reembolsado sin ningún problema.,2,home
"La fecha de entrega se respetó pero la relación , calidad precio deja bastante que desear .",2,apparel
"Yo los compré para mí Peugeot 207, y no valen, porque la anchura de la última parte es mayor que la que viene en el coche, por lo he no se podía introducir en la respectiva pestaña. Lo que hice fue quitar con una navaja pequeñas partes hasta que encajó. Es la única forma para que vaya en este coche",4,automotive
"No es lo que yo pensaba el tacto es muy áspero se cogen los pelos de mi perro que no es de los que tiran mucho pelo, coge muchas manchas y no muy absorbente, yo cogi el color marrón oscuro .",2,furniture
"llegó todo bien, encajan perfectas y se ven de una calidad aceptable, a mi personalmente cuando me llegaron no me gustaron tanto como en la foto, pero eso ya es una cuestión personal, por lo demás... todo bien.",3,sports
"Ya las he probado, la pinza se agarra bien, el enganche para la cámara baila un poco pero no da problemas.",4,camera
"Es un juego muy didáctico y ofrece muchas posibilidades. Echo en falta algún soporte en las piezas para que pudieran quedarse levantadas en la ranura delante de la imagen, pues debes colocarlas buscando una dificil posición de equilibrio si no quieres que se metan dentro. Por ese motivo me parece un poco elevado el precio, además de que sólo trae una bolsita amarilla de las 8 que debía traer. Por lo demás bien, muy buenos dibujos y correcta la selección de vocabulario en cada categoría.",3,toy
La correa es correcta pero no igual que la original.,3,watch
ASICS siempre una talla más a la que tienes habitualmente. Debería ponerlo en la foto.,1,shoes
"Muy bonitas y facilies de colocar, con distintos modos de luz.",4,home
"Para lo que cuesta, no está mal, aunque no limpia a fondo el oído. Te quita un poco de suciedad (cerumen y agua), pero no se te queda la sensación de limpieza como con un bastoncillo.",2,beauty
Lo practico que resulta y el buen resultado que da,5,drugstore
No me gustó el envase del producto. Se sale y es muy incómodo. No puedo valorar si el contenido pq no lo puedo aplicar bien. Una lástima siendo de la marca arena.,1,sports
"No sé si será porque viene con defecto de fábrica, pero calienta lo mismo lo pongas en el nivel que lo pongas",2,drugstore
Pagar por la calidad que es no merce la pena. Mejor estan de los chinos.,2,camera
La doy únicamente 3* porque son un poco duras. Espero que con el tiempo el tacto se parezca más a la original.,3,wireless
"Buscaba un regalo para mi mujer un bolso informal y le ha encantado, buena calidad y interior bien reforzado, mi mujer lo usa colgado en el codo, recomiendo a tu hija o mujer le va a gustar.",4,luggage
Creía que flotaba más,3,sports
"Lo compre por no tener iman, pero la verdad que no puedo opinar porque aún no lo he utilizado y no sé si las ventosas pegarán sobre una funda.",3,wireless
"Me encanta, tal cual indica la descripción, se ajusta bien y cubre las esquinas, y los botones van fenomenal en comparación a otras fundas, lo único que no se ha pegado bien por los bordes y es un poco más pequeño que la pantalla, es el cristal templado, no obstante se me ha caído 2 veces el teléfono y ni un rasguño, contenta con la compra!",5,wireless
"Una semana, formateado como exFat en un Mac y al la semana ya ha dado algún problema porque no montaba el disco.",2,pc
Le queda muy bien pero para mi zx10r 2019 no coincidían las medidas para instalar y he tenido que acoplar un soporte adicional por lo demás perfecto,5,automotive
Mes y poco me ha durado ahora se queda la luz roja encendida del mando y solo se encienden dos funciones saltando una a otra y no funcionan.,1,pet_products
no reproduce archivos de videos mp4 desilucion,2,electronics
"Son las resistencias originales, pero yo pedí del 0,25 y me vino en 0,3",2,drugstore
Perfecto.. Es igual que venía con mi tv. Funciona correctamente,5,wireless
De momento todo bien,5,kitchen
"Sabor demasiado fuerte, resulta desagradable.",2,grocery
Llevo poco tiempo con él pero cumple todas las expectativas que tenía al comprarme un ebook nuevo. Estoy contenta con la compra,5,other
"Fácil de instalar, hace algo de ruido al encenderlo para mi demasiado, deveria ser un poco más largo y parece de buena calidad pero es de chapa finita, la alcachofa deja bastante que desear",3,home_improvement
Hace su función pero obliga a hacer mucho café al no llegar hasta abajo el filtro. Éste deja pasar algo de café si mueles como para Italiana. Por lo demás correcto.,3,home
"la imitación de la flor no responde a un minimo de calidad ,por lo cual ni voy a comprar mas ,ni las recomiendo ,sui bajo precio esta ajustado a su calidad",2,home
"No está homologada. No fiarse. Solo para amarrar cosas, nada más.",1,sports
"La jaula esta muy bien aunque le pongo solo 2 estrellas porque los tornillos que traía no servían para ella. Tuve que comprarlos por mi cuenta en la ferretería y entonces ya una vez montada es justo lo que buscaba. El envío también fue un desastre, llego fuera del plazo de entrega garantizado.",2,pet_products
"Con menos de dos meses, se han roto. Cuando han funcionado, eran muy útiles, aunque no tiene mucha fuerza para aguantar muchas llaves.",2,office_product
Son buenos de iluminación y duran bastante. Tengo 4 y a todos ha entrado agua algunos focos ya no funcionan. Así no son recomendable. Después de un año están rotos,2,wireless
E un poco difícil que se fije el color y una vez seco el color es muy tenue. es tiza por lo que al peinar queda muy áspero y se va el color.,2,beauty
"Buenas, quería reclamar sobre esta cámara ya que la compre hace un mes y medio y hoy al usar para un proyecto audiovisual me encuentro en mi cámara que solo me permite grabar a 50FPS y no a 60FPS y al comprar esta cámara fue por eso y en el manual de la cámara y demas pone que si se puede grabas hasta 60FPS. Es un fallo de mi cámara? Necesito una Solución. Ademas revise si existía alguna actualización de Software y me dice que esta actualizada ya.",2,camera
Estoy bastante contento. Es una buena relación calidad / precio. Entrega rapida. Todo correcto como esperaba. Volveré a comprarlo con toda seguridad.,4,other
"Es muy complicado de inflar completamente y una vez conseguido del todo también es difícil ajustar el botón para cerrar la válvula. Una pena, por que el tacto del cojín si que es muy agradable.",2,luggage
El regalo está muy bien para una niña o niño para hacer pulseras pero para un niño muy pequeño no porque las piezas son muy pequeñas,5,toy
Me gusta mucho pero el depósito de agua es demasiado pequeño y hay que rellenarlo muy a menudo .,4,kitchen
"Buen producto, tal y como se ve en la foto",4,home
no me llego el producto,1,wireless
"Ponía que era silencioso, y de silencioso nada, fresco si da bastante pero el ruido es muy incómodo para dormir al minimo",3,kitchen
"Todo el proceso ha ido muy bien, pero en algunes Prendas con manchas considerables. Como se pueden eliminar?",4,sports
"Llegó antes de lo previsto. Hace poco que la tengo, pero aparentemente es de buena calidad. Es una chapa robusta y el grabado está perfecto. Espero que no se borre con el tiempo. El único inconveniente es el diminuto agujero para sujetar la argolla, pero por lo demás, está muy bien",4,pet_products
"El peso de esta mochila es demasiado fuerte. El espacio de almacenamiento es realmente grande, y el intervalo es muy bueno y muy práctico. El material fuera de la mochila es muy bueno e impermeable, y esta mochila es muy elegante.",5,pc
"Es un producto que cumple con su cometido, es lo que dice ser, la cúpula es de cristal, el plato no parece del mismo material, cumple su misión a la perfección, por lo que no hay mucho más.",4,home
"Es bastante grande, A5 y llega hasta diciembre de 2019",5,office_product
"El producto parece que tiene buena pinta, pero llegó con una raja en el medio así, que no lo pude utilizar, fue directamente a la basura.",1,wireless
"Varios juegos pero no están muy logrados, además nada más comprarlo bajo si precio un monton",3,video_games
Es un colorete muy hidratante para echar cuando lleves una crema hidratante !!! Sobre el maquillaje no me gusta como queda porque viene en formato crema y queda como una pasta !!! Lo utilizo cuando voy sin maquillar con la cremosa hidratante !!!,3,beauty
Ideal para niño pequeños a los que Batman le fascina,4,toy
Material muy endeble no sirve para nada,1,home_improvement
"No sé cómo e el producto ya que llevo 3 días esperando que llegue y ponen que está en reparto y no llega nunca, el viernes estuve todo el santo día esperando el paquete, y lo peor que tenía cosas que hacer y me quedé sin hacerlas para no dar lugar a perder otro DÍA, cosa que voy a tener que perder ya que sigo sin recibirlo, el vendedor me dice encima que pasaron a a la 14 de la tarde, me deja por MENTIROSA, ya es lo último, a las 14 de la tarde viene mi marido a comer, y tengo un bebe de 4 meses, a esa hora estoy en mi casa cada día... No dejan papel ni llaman, ni nada, una vergüenza de compañía de transporte, que son envialia, y el vendedor que me deje de MENTIROSA, es que ya me da igual el paquete y el dinero, sólo quiero que se sepa, y que a nadie le pase lo mismo, no puedo valorar el saco puesto que si lo recibo algún día será un milagro.....",1,baby_product
"El producto imagino que bien. Es playmobil y conocemos la calidad de sus productos. Es para un regalo, así que no lo lo hemos abierto pero pinta muy bien. Pero Amazon mal. Lo envió con una bolsa, en lugar de enviar en caja de cartón como hace en otras ocasiones.. así que no estaba bien protegido y la caja ha llegado algo abollada. No es mucho, así que aunque es para regalo, lo voy a dejar así, pero vamos, el envío fatal. En otras ocasiones se puede valorar el transporte por separado, pero como no encuentro la opción, aquí la dejo.",4,toy
El papel entra demasiado justo. Creo que es pequeño,2,home
Genial ... A mí peque de 6 años le encanta,5,book
"es un after shave de toda la vida, pero no me di cuenta y tiene alcohol del que escuece, por lo menos a mi que soy de piel sensible, botella de cristal y cantidad para todo el año.",3,beauty
Es la segunda vez que lo compro por Amazon y las dos veces he tenido que devolverlo porque ha llegado con problemas en el sonido.,2,electronics
Lo reconoce pero no funciona :D,2,video_games
"Muy practico, para regalar..",5,luggage
"Precio calidad excelente, de mas calidad de la que esperaba, muy buena compra, con filtro de repuesto y un par de cucharillas",5,home
Todo bien pero la onda pequeñita,3,wireless
"Me ha encantado este covertor porque el color es muy lindo tal cual como en la foto, pero he tenido el problema de que ha venido rota.. Lo cual me molesto mucho si no hubiera venido roto diría que le daría 5 estrellas pero no vino en perfecto estado. Me vino roto el covertor para la computadora el grande, el pequeño si a llegado bien.",3,pc
"El mejor top Coat del mundo!!! Textura suave, secado inmediato, no he testado aún la duración pero ya llevo dos días y aunque no me dure más ya vale la máxima puntuación.",5,beauty
Está muy bien. Muy útil y el acabado es bonito. Quedó perfecto en mi baño y cupo todo lo necesario para maquillarme,5,furniture
No daré mayor nota hasta que el portal responda correctamente y traten mejor a los clientes,2,pc
"No me llegó pero me devolvieron el dinero por lo que bien, aunque llevo un mes esperándolo. Supongo que es asi",1,beauty
No avisaba que era tela de gasa. Demasiado estrecho de pecho pero bien lo demás. ha tardado,3,apparel
"además de los que adquieres, tuvieron el detalle de incluir otros modelos. Precio muy atractivo, en comparación con tiendas físicas dónde lo había visto. Es un accesorio discreto y que permite tener organizados los cables sin presionarlos.",5,electronics
Recibido a tiempo y en buen estado. Es lo q indica. Muy contento con la compra. . . . .,5,book
Es poco resistente y al montarlo fácil que se dañe,3,home_improvement
No termina de hacer conexiones bien y el más largo no duró más de una semana así que dudo. :-(,1,electronics
Es perfecto para servilletas pequeñas de tomar cafe. Queda muy bonito y original.,5,furniture
Buen producto en principio calidad precio aceptable,5,jewelry
Tacto muy suave y agradable.,5,apparel
Excelente pero falta cable de conexión. . . . . . . . . . . . . . . . .,5,electronics
"Son muy bonitas, el tallaje es diferente, tuve que cambiarlas porque la primera vez me estaban pequeñas, para un 38 europeo, la talla exacta es la 39/40. Me estan perfectas y son muy bonitas",4,shoes
"No se puede decir que viene con las herramientas básicas, le faltan mas destornilladores, por ejemplo eléctricos, las llaves allen empiezan en 2,5 mm, herramientas de bonitos colores pero de fabricación basta.",3,industrial_supplies
"El producto llegó roto, faltando un cachito del plástico. Además, se ve que la caja había sido abierta porque estaba cerrada con celo. Directo a devolución.",1,home
"Aparentemente están muy bien, pero las tengo poco tiempo y es dificil de opinar. Tamaño perfecto, tal y como se ven en la foto",4,home
Me encanta este libro. Te engancha enseguida y aseguro que no puedes parar de leerlo. Es genial. Deseando seguir leyendo mas.,5,digital_ebook_purchase
"En general, soy más bien un gran fanático de la limpieza facial, al igual que un paño y un poco de agua limpia con o sin jabón en su mayoría. Sin embargo, este cepillo me ha enseñado un poco mejor. Es fácil de usar y muy agradable. Se compone casi completamente de silicona y tiene diferentes protuberancias fuertes en los diferentes lados. En la mitad inferior hay un botón de encendido y el control de intensidad mediante un botón. El masaje alivia el rostro bastante suave y limpio después. Sin embargo, uso el dispositivo principalmente sin jabón, solo con agua limpia. La solución con la batería, me parece genial. Mantiene un poco menos de 2 horas, lo que me corresponde sobre el uso de una semana completa. También puede llevar el dispositivo al agua y utilizarlo en la bañera. Desde este punto de vista, definitivamente recomendaría el cepillo de limpieza facial. Es muy adecuado para uso regular.",5,beauty
Empezó muy bien pero al cabo de los 3 meses cuesta mucho trabajo manejarlo y subir escalones,1,baby_product
"Es un soporte normal, buena estructura, se pliega correctamente. Tiene el fallo de que en la parte de apoyo de la tapa trasera de la guitarra no esta acolchado, asi que con el tiempo hará una marca.",2,musical_instruments
La calidad precio es muy buena,4,electronics
"Parece que es un buen producto, no me termina de gustar que sean gominolas.",3,drugstore
"No encaja bien en el puerto de carga del ordenador, si se mueve un poco se desconecta, lo barato sale caro mejor poner unos euros más y comprar uno de mejor calidad",2,pc
"BUEN REGALO PARA LOS NIÑOS. LIBRO DE BUENA CALIDAD IDEAL PARA REGALO DE NIÑOS. ARTICULO MUY RECOMENDABLE, CALIDAD PRECIO GENIAL.",5,book
Cumple de sobras por el precio,4,jewelry
"Llegó roto y la devolución se gestionó sin problemas, aunque rechacé un repuesto ya que el producto me pareció poco práctico: tiene muchas piezas, se ve muy quebradizo y además el vapor sale frío, lo cual personalmente no me sirve.",1,personal_care_appliances
No me ha gustado nada el contenido del mismo.Un libro sin más muy bien publicitado.,1,book
Calidad buena y mejor presentacion pero con fundas que cubran el reborde de la pantalla pues se joroba el asunto se despega,2,wireless
EL COLOR.Y BASTANTE AMPLIO,5,automotive
Muy bonito pero no conectaba casi en ninguna ocasion. Lo mejor la correa muy cómoda. Baja calidad por el precio,1,watch
Con el rato se llenan de aire.,1,home
"Voy a valorar el reloj sin haberlo utilizado aun... físicamente no da muy buena impresión, parece de juguete, plástico cutrecillo. Espero que funcione bien y aguante el agua según indica en las especificaciones y le dare una estrella mas",3,watch
"Esta bien aunque muy fragil, se rompen los enganches del soperte.",3,home_improvement
El mejor desodorante antitranspirante que he probado,5,beauty
"Un trasto demasiado grande, la toma a red es un trasto que ocupa mucho. No se puede conectar al ordenador para aprovechar y sincronizar el móvil. Un rayón muy feo al sacarlo de casa. He tenido otros mejores. Demasiado grande",1,wireless
"El producto llegó sin cable ni manguitos di eléctricos, que hubo que comprar aparte para poder montar el termo; lo compré para sustituir otro similar que había comenzado a perder agua, de la misma marca, y mi sorpresa fue que a pesar de tener 16 años el soporte a la pared era el mismo y no hubo que hacer nuevos agujeros, una alegría... El envío y embalajes perfectos,,",4,home_improvement
"Todo fenomenal, reparto a tiempo, muchas gracias estoy satisfecha con mi compra y volveré a comprar en caso de estar interesada en algún otro producto",5,office_product
"No puedo opinar xq no lo he recibo, supuestamente xq no me localizaron y edo es imposible. Es la primera vez que sucede y me enfada muchissimo xq lo quería para estas fiestas.",1,home
La verdad que muy satisfecho ya la llevo 4 meses y estoy para arriba y abajo la mochila aguanta y para lo que vale Nice !!,5,luggage
"Le hice este bellísimo obsequio a mi querida hermana porque le gustan las cosas antiguas o vintage. Se ve muy bonito, todavía no lo ha instalado ni utilizado.",4,wireless
"El teléfono me gustaba mucho pero me llegó en otros idiomas que además no incluía el inglés si quiera. Era Alemán, Sueco.... Lo devolví.",1,electronics
Los colores no son los mismos que los de la foto a la hora de comprar... el producto esta bien pero los colores no,2,toy
"Se adapta exactamente y no presenta diferencias físicas, ni de volumen o dimensiones. Cumple con todos los valores eléctricos y se adapta perfectamente a su lugar previsto. Magnificamente protegido contra eventuales incidencias en el transporte, con presentación de calidad.",5,electronics
En general funciona bastante bien a excepción de la sincronización del flash a la 2º cortina que en mi EOS 5D MKII no funciona. Si alguien tiene la solución y la quiere compartir... El indicador de carga de la batería no es nada preciso. Con unas eneloop pro cargadas a tope el indicador marca cero (?). La tapa de los conectores no cierra.,2,camera
El envase es endeble,3,automotive
Funciona bien aunque la longitud de la manguera se queda corta si tienes que ponerlo en un porche,4,home_improvement
Creo que el móvil está seguro con esta funda,3,home
"Lo pedí sabor limón y me llego el otro , que no me gusta nada su sabor . Y como me di cuenta después de abrir el bote lo lo puedo devolver , a ver si me lo puedo tomar ...",1,drugstore
Bonita foto nocturna. Cuadro ligero que he puesto con tiras adhesivas a la pared.,4,home
"Muy bueno, no tiene fallos, no se bloquea, la misma calidad de imagen fácil de instalar , buena compra lo recomiendo",5,wireless
Correcto. Cumple con lo estipulado.,3,watch
La calidad buena. Lo he devuelto porque ya lo tenía la persona para quien era pero por lo demás muy bien.,4,book
"no es muy interesante, eso si te permite seguir utilizando el cafe que te gusta de siempre y tendria que tener mas pegatinas y asi poder volver a utilizar.",3,kitchen
No vale para nada el comienzo bien pero a los días ya no funciona,1,kitchen
De momento no ha matado a ningún mosquito,3,lawn_and_garden
"Es barato, funciona perfectamente y tiene un sonido muy correcto. Lo recomiendo para el que quiera un reproductor sencillo y de fácil manejo",5,electronics
"Las pilas duran, dos sesiones y se acabó. Es un timo total",1,sports
La alfombrilla de frío es del tamaño justo para mi perrito. Tiene buen tacto y está bastante fría. Nada más ponerla en el suelo se fue hacia ella. La mancho de babilla y con un trapo húmedo la limpie y se quitó es fácil de doblar y poder transportar.,5,pet_products
"No sirve, me vendieron un producto malo de fabrica.",1,automotive
Calidad precio buena. Buen disfraz para lo q cuesta. Sin mucho detalle pero es lo q se espera por ser tan accesible,4,toy
"Buena calidad de audio en MP3 y otros archivos en la memoria interna. Calidad de audio de radio es buena. Poca autonomía de la batería, con la radio encendida unas 12 horas. Los auriculares que vienen de serie de mala calidad, conector era defectuoso. Después de unos meses de uso se han empezado a borrar las letras donde indican las funciones y desteñir el color del aparato.",3,electronics
No es muy buena calidad,3,baby_product
No vale para nada. No tiene nada que ver con el examen. Los textos muy cortos y nada explicados. Me arrepiento,1,book
A los dos meses se ponen amarillas y feas como todas....por lo demas le viene como un guante,1,wireless
"Buena imagen, mal sonido, sin graves. Si no te importa el sonido, cumple su función.",3,other
"Un producto muy malo, ni cubre la pantalla del móvil , porque ya puse un protector, sino lo devolvía sin dudar. Nada recomendable. Ahora a buscar algo mejor. Muy enfadada con el vendedor",1,wireless
"El bolígrafo en sí es ligero y cómodo, lo malo es que la tinta es muy líquida y tarda muchísimo en secarse por lo que se corre con facilidad al igual que cuando pasas un subrayador por encima. Y la tapa enroscable al poner la otra tapa encima de ella, se afloja con facilidad y hay que enroscarlo seguido",3,office_product
"Es bastante práctico porque sirve para viaje y para guardarlo en casa. Lo único malo es el cepillo, parece de juguete de lo pequeño que es.",4,baby_product
A los dos días de pruebas de buenas a primeras dejo de funcionar. Por parte de Amazon con su política de devoluciones perfecto en 2 días tenía realizada la devolución,2,pc
"Piñata bien hecha, fácil de meter los juguetes y chuches y la apertura por la que caen es bastante ancha con lo que caen bien",4,toy
"Todo perfecto hasta la última actualización de la aplicación,desde entonces no llegan las notificaciones de detección de movimiento.",1,electronics
El palo es resistente al agua?,3,wireless
"La batería está muy bien, funciona correctamente, lo que pasa es que las herramientas para abrir el terminal son de mala calidad, a mi me costó un poco.",4,wireless
"lo usare para otras cosas, por ejemplo como paño para limpiar los cristales pues son de algodón.",1,apparel
"Es una crema muy fluida, que se extiende muy bien y se absorbe perfectamente. Le doy un 10/10, estoy muy contenta con el producto.",5,drugstore
"Buen contacto, cable largo, resistente.",4,electronics
Se calienta mucho la parte superior del teléfono. A falta de solución tendré que devolverlo. Por lo demás todo bien.,2,wireless
Son bloques muy pequeños como fichas de dominó de las minis minis pero para hacer filas y tirar van bien,2,toy
"Es como el original, no se nota a primera vista que no es Asus. Funciona correctamente, incluso su cinta para recoger el cable, es mas fuerte y mejor que la original.",5,pc
No sé si funciona bien o no la cuestión es que lo devolví al comprobar que solo tiene 350w de potencia cuando viene anunciado como 600w. .....,2,kitchen
"La funda se ajusta perfectamente al teléfono. Las clavijas son un poco endebles. No es una funda para estar desmontandola todos los días. El teléfono está cubierto por las zonas más sensibles. Los botones se quedan un poco duros, para mi parecer es perfecta, es muy resistente.",5,wireless
"Muy bien el ajuste y la posición del altavoz, pero un poco caro para ser un trozo de plástico.",4,wireless
"Está bien, es ligero y cumple su función. lo único que no es muy alto y para niños un poco más mayorcitos, de unos 7 años se le puede quedar corto. Buena relación calidad precio.",3,toy
La calidad del producto es insuficiente y no resiste un uso prolongado. Se instala con facilidad. La calidad de imagen es razonable.,1,automotive
El libro venía escrito en polaco. He solicitado el cambio y me han devuelto el dinero pagado sin ningún problema,1,book
Pues no se si funciona bien o no porque no trae instrucciones en castellano. Es pequeño y de plástico.,2,electronics
Es un cable de electricidad que cumple con su cometido y la descripción se ajusta al artículo. Todo correcto.,5,pc
"TRAS UNOS MESES USANDO ESTE PRODUCTO NO DUDARE EN VOLVER A ADQUIRIR UNO. DEJA MUCHO BRILLO Y CUIDA LA PINTURA DEL COCHE, ESO SI, ES MUY IMPORTANTE NO ECHAR MAS DE UN TAPON POR CADA 4L APROXIMADAMENTE, YA QUE SINO SE QUEDA DEMASIADA ESPUMA. EN DEFINITIVA CUNDE MUCHO EL BOTE, TIENES PARA MAS DE UN AÑO INCLUSO.",5,automotive
"DREVO X1 PRO 128Gb, buena calidad y muy buen precio, espero que funcionen bien. Llegó antes de tiempo, buen servicio.",5,pc
"Un buen tubo, lo he usado todo el verano y muy a menudo y ha cumplido su función",5,sports
"Se pega muy bien y no deja huecos en blanco, por otra parte, se queda corto por los laterales.",4,wireless
"Hace lo que tiene que hacer, es robusto y no enclenque como otros productos similares",5,pc
Me encanta !!! Me mantiene el color perfecto entre tinte y tinte. Muy contenta con la compra. Pienso comprarlo más veces,5,beauty
"No es fácil de instalar. El líquido (aunque se instale correctamente el protector) es capaz de introducirse en el hueco de la rueda del reloj. Hay que tener muchísimo cuidado. Aún después de seguir todas las instrucciones, la pantalla se despegó a los dos dias. El riesgo de que entre líquido en el reloj es muy alto y después de instalarlo se cae. No merece la pena.",1,wireless
Asta ahora sigo esperando lo que pedi desde setiembre si no va llegar haber si me dan el dinero siquiera,1,pc
"A las 48 horas ya estaban gastados los dos mini-topes de plástico que aguantan la tapa, con lo cual, ya no solo sin ser hermético, sino inutil total.",1,home
"Son bastante bonitos. No pesan nada por lo que no molestan. Para el precio que tienen, merecen la pena.",5,home
Bolsa muy cómoda. Utilizada para hacer ruta por etapas.,4,sports
"No me ha llego el pedido despues de 2 meses, he puesto una estrella para poder dar mi opinion en realidad seria 0 , no recomiendo vuestros servicios",1,home
Estoy un poco decepcionada xq todos los pinceles an llegado Despegados.. Los he tenido que pegar con loctite. Aunque tengo que decir que las cerdas parecen de calidad.,2,beauty
"a mi madre le ha encantado. ocupa poco espacio y al ser giratorio no tienes q star moviendo d sitio xa encontrar el utensilio q quieres usar, la base podria ser 1 poco mas robusta",4,home
"La funda es preciosa, el color espectacular...si no fuera porque a los dos días de abrila se rompe. una pena",2,wireless
"La verdad es que no esperaba mucho, pero sí, es fabulosa en relación calidad-precio. Se adapta a la perfección al móvil y la tapa es resistente. No he puesto el protector de pantalla porque llevaba un agujero que no me cuadraba con el móvil y además se rompió (por descuido mío).",5,home
"Estoy contento con la compra, pues la ultima vez que los compre lo hice en una tienda online y al cabo de 1 mes empezaron ha hacer ruido y a no barrer bien el cristal. Estos de momento perfecto, sin lugar a dudas repetiré cuando tenga que comprar otros.",5,automotive
He tenido un problema ponia que era acuatico y me a dejado de funcionar necesito una solucion dado que lo he comprado hace menos de 1 mes,1,wireless
"Pedí el color marrón más oscuro y me llegó el marrón más claro. Hice una devolución y volví a pedir el color deseado, cruzo los dedos para que llegue bien esta vez sinó tendré que volver a tramitar la devolución",3,luggage
Me ha gustado que vienen 3 y que se puede esterilizar. A mi bebé le encanta. Creo que debería llevar un plus de seguridad en el cierre ya que mi bebe de 8 meses lo ha abierto y me he pegado un buen susto cuando he visto que llevaba uva en las manos,3,wireless
"Lo único que realmente no me ha gustado nada son los adaptadores de goma que entran con los auriculares en el oído porque son muy finos y muy blandos y al cabo de un rato de llevarlos puestos se clavan y se hacen muy incómodos, son mucho mejores los de silicona más habituales, estos ya no los uso por esa razón",3,electronics
"Son finos, no valen para temperaturas muy bajas. Cómodos para correr entre 8 y 3 grados",3,sports
"Una vez instalado el aspecto es bonito, la tapa brilla mucho pero la calidad general es bastante baja. Tuve que poner un amortiguador en la puerta porque sino al abrir como no lo aguantes con la mano se desmonta medio mueble. Como siempre la calidad de los aglomerados usados es muy deficiente.",2,furniture
Cualquier libro le da mil vueltas. Poco aprovechable,2,book
ALGO BAJA PARA UN PERRO MEDIANO,2,pet_products
"Satistecho, esta correa cuelga cómodamente el la muñeca, el aspecto es impecable y el sistema de enganche al monitor muy fácil de manipular. Sin olvidar la herramienta de ajuste por si hay que acortar la correa.",4,wireless
"Perfecto, muy bien, mi hijo está encantado. Gracias.",5,toy
"Esta bien, peor pone que es de 500ml y es de 300ml",3,kitchen
No me ha defraudado. Como segunda parte de la historia es perfecto. Ya había leído la primera parte.,5,book
"Sería mejor si sacaran una versión con tupper de vidrio porque el plastico es complicado de limpiar con salsas de tomate por ejemplo. No es muy estanco, si se vuelca un poco se derraman los líquidos así que hay que tener cuidado. Lo bueno es que es compacto y se lleva todo recogido.",3,home
"La verdad que por el precio comparado con otros de por ahi mas caros me esperaba un mando normalito, pero para mi sorpresa, el mando es increíble. Funciona a la perfección con W10, Conectas al USB, pulsas el botón del medio y a jugar. Tiene buen tacto, por lo que se aprecia que los materiales son buenos. Buena respuesta a los juegos y viene muy bien empaquetado. Buena imitación al mando de la Xbox. Recomendado.",5,video_games
"Entre prevista para el 9 de septiembre y aun no me ha llegado, les envio mensajes y no me contestan.El precio es muy bajo pero que te intenten robar asi... espero respuesta rapida del vendedor",1,home_improvement
"Para el aprendizaje de música no está mal, pero se puede encontrar en cualquier tienda de chinos por 1 o 2 euros.",3,office_product
"De momento no he notado que sirva para nada, los pelos se quedan en la ropa igual que antes de usarlo",1,home
Yo no lo he recibido,1,beauty
Lo compré para regalar,4,baby_product
El reloj después de poco mas de un mes se atrasa. Le cambiamos la pila y sigue igual.,2,home
"Los acrílicos no son completamente cristalinos, dejan como polvito. El envío fue rápido.",2,beauty
"Lo compré para enmascarar acuarela después de mirar mucho porque tenía buenas críticas en RRSS. Sin embargo no me va nada. El papel si lleva algodón se lo come al quitarlo, o lo deja azulado. En celulosa algo mejor, pero entre la poca precisión por el tipo de punta y que se queda con un tono ligeramente azul, no me termina de servir ni para zonas grandes ni de detalle. Comprare el bote de toda la vida a pincel.",2,home
"El reloj en si esta bien en cuanto calidad y precio. El defecto q le veo es en la correa,que a parte de ser plasticosa la hebilla se engancha con la ropa",3,sports
El articulo pedido es exactamente igual que el recibido y el embalaje perfecto.,4,watch
Producto muy flojo no creo que valga la pena su compra. Interesaria algo mas de calidad aun pagando mas de otra marca y proveedor. No vale la pena ademas tardan mucho en el envio.,1,camera
"El equipo cumple las expectativas, pero la entrega ha sido pésima, tenia que llegar el viernes (que estuvimos en casa todo el día) para un cumple el sábado y no llegó hasta el martes... (porque sólo estamos por la tarde y tuvimos que recogerlo en la oficina...) por eso la puntuación",2,automotive
Las botas son muy cómodas y abrigadas. Lo único malo es que el primer día que las estrené se me hicieron rasguño.,5,shoes
"Ha sido súper rápido en entregar, en perfecto estado. Todo genial",5,book
"Es un buen router para uso domestico. En internet hay algunas hojas de caracteristicas que no son ciertas ... por ejemplo no soporta QoS y algún otra configuración para un uso más profesional. Pero va perfecto, tiene cuatro puertos RJ45 y un RJ11 para conectar un teléfono. También tiene conectores para usar antena exterior.",4,pc
"Una mierda de verdad, llevo esperando desde 5 de octubre luego el 10 y luego pone el 15 y hay se quedo y dice que ya están entregadas y ami no me a llegado nada una basura de vendedor vaya tela",1,pc
"Está bien. Es bonito para poder dejarlo a la vista. Lo mejor de todo es que cada compartimento con la ropa bien prieta, hace la lavadora justa.",4,home
"es un poco lento y se atranca de vez en cuando, pero es algo normal en estos aparatos. está muy bien, de hecho compré uno para mi y después otro para regalar. muy bien y recomendable",5,home
"solo un mes despues se fastidio la pantalla y el tactil dejo de funcionar , he reclamado pero ali, ni caso en fin doy por perdido lo que me costo",1,wireless
"Llego demasiado tarde y no confio en la devolución. Me lo he quedado ,sin necesitarlo. Plazo de entrega muy ambiguo",1,baby_product
"Se lo.compre a una compañera de trabajo, porque ella no usaba Amazon y me dijo que su hijo estaba muy contento, así que me alegro",5,toy
"Los colores (en mi caso azul y naranja neón) coinciden perfectamente con el de los joy con. Es muy fácil meterlos y sacarlos del grip y pesan muy poco. Tenía mis dudas por otras opiniones que decían que los botones L y R se quedaban muy duros. Pero nada del otro mundo, un niño pequeño no debería tener ningún problema, y un adulto ni te digo. De hecho, me parece que se pulsan mejor que con la correa original. Si me compro el par de joy con verde/rosa en un futuro, compraré los grips de ésta marca en el mismo pedido sin dudarlo.",5,wireless
"El mando llegó sin las pilas que debería traer.Por lo demás,funciona bien.Debo ser la única persona a quién no le han traído las pilas.",2,electronics
Buen producto aunque me llego descosido me lo solucionaron enseguida. Pesa mucho y no me gusta la sujecion con el cinturon,3,baby_product
No van con el Iphone,3,electronics
"Aguanta muchísimo el calor, he tenido varias, pero no aguantan nada. Pongo el agua a hervir y a la mañana sigue templadita. Pero a media noche está bastante caliente.",5,sports
"Imposible ajustarla a la tabla, no cabe. Las medidas no son correctas ya que ni estirando al máximo cabe en la tabla. Es para tablas más pequeñas.",1,home
Perfectas! Muy cómodas a la hora de llevar!,4,apparel
"fue para un regalo. Lo vi un poco pequeño, no se como es por dentro, pero por fuera no me gustó mucho.",3,toy
"Para hacer una falda, el resto de la revista no me intereso nada. Estaria muy bien que vendieran los patrones de forma individual",3,home
"Cumple totalmente mis expectativas, están perfectamente diseñados para principiantes ya que son bastantes resistentes, son fáciles de manejar. Se cargan con en aproximadamente media hora de carga, y tiene una autonomía de unos 10 minutos. Son muy divertidos porque puedes competir uno con el otro y tiene un modo batalla con el que puedes conseguir ``derrotar'' al contrincante, me parece un regalo perfecto para echar un buen rato.",5,toy
"Buena funda, aunque en el frontal lleva un plastico que entorpece el tactil. Lo he arrancado y he puesto un cristal templado. Por lo demas, Protege bien de caidas y tiene una pata para sostener el movil en horizontal. No tengo ningun problema para sacar el s-pen ni desbloquearlo con la huella",4,wireless
Llegó defectuoso y era para regalo quedé fatal,1,home
"La cogi para una tele de 40"" y ha ido bien",5,electronics
"No lo recomiendo. Es tirar el dinero!!! Después de 2 meses utilizando la cámara no funciona. Leí comentarios buenos malos y regulares, pero os aseguro que es un timo. Sólo funciona enganchando el cable de teléfono al wifi a y la cámara y solo a veces, porque en cuanto detectan que estas conectado, se corta la conexión. Sólo quieren que te suscribas y pagues mes a mes y sino no te podrás conectar. La suscripción más barata 6€ al mes!!!! Un robo!!! En un año tengo 2 cámaras nuevas por el mismo precio...",1,camera
"Tras ir 3 veces a comprar a la ferretería los tornillos que faltaban, finalmente quedó bien",2,electronics
"Viene muy bien equipado, es decir, viene completo con toallitas, que no vienen secas no como en otros.. y es perfecto para el honor 8x",5,wireless
"Me ha gustado todo,,es lo que esperaba.",5,home
"En principio la máquina está bien, afeitado bastante rápido y sin problemas, lo que más me sorprende es la duración de la batería, quizás es de lo que más contento estoy",4,personal_care_appliances
Muy buena relación calidad precio. Me gustan . Son tal como salen en la foto. Agregar 4 palabras más a amazon,5,drugstore
"Están bien, todavía no sé cuánto durarán pegadas",3,kitchen
"El libro es una pasada... pero pagar 8€ por una traducción con bastantes errores de ortografía , me ha parecido excesivo...",2,digital_ebook_purchase
La idea es buena pero tienes que guardar el tabaco con el envoltorio si no se seca. Muy cara para lo que es!!,2,other
"Molinillo potente y cómodo de limpiar por que la parte superior se separa con facilidad para poder lavarlo. Yo personalmente lo he utilizado para moler café, va bien y rápido, para mi cafetera italiana va especial. La única pega con este y todos los molinillos de aspas es que no llega a una molienda muy muy fina para cafeteros exigentes (maquinas espresso) .",4,kitchen
Tengo dos gatos y rascar en él no rascan pero se entretienen bastante con la bolita y se tumban en él. A parte es bonito y no molesta si lo dejas en el suelo del salón o cualquier habitación. Le pongo 3 estrellas porque tiene pegas... 1. lo tengo un día y ya se ha despegado alguna cuerda. Y 2. me lo esperaba más grande por el precio que tiene. Esperemos que la bola dure un poco más para que sigan jugando con ella.,3,pet_products
Tardaron más de 1 mes respecto a la fecha de entrega inicialmente prevista que a finales de diciembre y finalmente lo recibí en enero.,1,sports
Estaba defectuosa tenia un problema de estabilidad debido a un golpe en una de sus patas. Se devolvió a origen,1,home
Lo he devuelto....porque el sistema que tiene de puerto USB...al sacarlo de la correa se rompio...es un sistema que con el uso...tendera a dar de si...no me gusta.,2,sports
"La pulsera viene junto con un cargador en forma de pinza y un manual de instrucciones en inglés. Sinceramente el sistema de cargado no lo había visto nunca y pensé que no iría bien. En cambio, al enchufarlo a la luz carga sin ningún problema (el adaptador USB a la corriente no está incluido pero yo he usado el del móvil y va sin problema). Por lo demás, las funciones que tiene son: reloj, contador de pasos, contador de calorías quemadas, medidor de distancia recorrida, medidor de horas de sueño, temperatura (esto venía desactivado pero se puede habilitar desde la app sin problema), contador de pulsaciones, volumen de oxígeno en sangre (no sé cómo medirá eso ni para qué sirve la verdad) y medición de la tensión. El sistema de cierre de la pulsera es mediante dos botones que se enganchan en los diferentes agujeros, lo cual al principio es un poco complicado de coger el truco, pero luego sin problema. Le doy 5 estrellas por la facilidad de uso y por la innovación en el sistema de carga.",5,watch
"No se ajusta bien, y hace bolsa de aire en la pantalla",1,wireless
"Es gracioso... Para una niña. No es bueno y los acabados no son perfectos, pero tampoco se puede pedir mucho más por ese precio.",3,jewelry
"Otorgo la maxima valoracion ya que en toda la transacion se an cubierto todas mis expectativas, recomendaria a familiares y amigos",5,electronics
"Una mala colonia,mal producto, en frasco que parece mala imitación, una fragancia que no me gusta, por eso es que dudo que sea original, el precio de oferta 22e costando su precio normal 50 y pico, no me lo creo, e comprado colonias en esas mismas condiciones y no son de esa calidad tan mala, ni lo devuelvo ya que está abierta y probada .",1,beauty
Hasta el momento nos funciona para el trabajo lo que es incómodo es llevarlo en los trenes y transporte publico,4,pc
No sé para qué teléfono es. Pero no para el s7. Le falta como un cm de ancho. Lo acabo de recibir y ya lo tengo que devolver.,1,wireless
El vendedor me ha robado.,1,home_improvement
"Desde el primer momento no funcionaba, y ademas no se correspondia la imagen al producto final. Tuve que devolverlo. No hubo problemas.",1,wireless
Las misma que en la tienda pero mucho mas baratas,4,camera
Desaconsejo su compra ya que provoca conflictos en las frecuencias.,1,pc
"El producto parace que biene es su embalaje original pero tiene marcas de haber estado expuesto, rayaduras... No lo recomiendo",2,toy
Exactamente igual que la foto y la descripción.,5,home
Se puso a hacer el tonto rapidamente. Una lastima. Solo funciono bien un par de meses.,2,personal_care_appliances
"La calidad no es muy buena, pero según para lo que lo utilices se queda corto.",2,camera
"Parecen de buena calidad, son finos, no suda el pie, abrigan bien, pero son cortos, los esperaba más largos y a mi eso me molesta mucho",4,apparel
"Hoy lo he probado y es magnífico. Diferentes tipos de chorro y funciona a la perfección. Muy contento con el aparato. No he puesto 5 estrellas porque el embalaje ha venido pésimo. Salvo esta excepción, lo demás excelente.",4,home_improvement
"No hay instrucciones en castellano; todavia estoy intentando conectarla al televisor! Estoy harto de productos como este que, aunque es obligatorio, no llevan instrucciones en idioma del pais, el aparato incluso habla, pero en inglés cerrado!",2,electronics
"Silencioso. Calidad precio excelente. Cuesta un poco el montaje. Y no lleva temporizador, que es lo que queria. Pero igualmente estoy contenta con la compra.",4,kitchen
"Linterna funcional. Buena relación calidad-precio. En sentido negativo, el botón de encendido está un poco duro.",4,home
"Original funda, ocupa poco espacio y no hace que el Note 8 engorde. Lo malo es que en mi caso la parte inferior después de un par de meses ya no pega y queda inservible. Si no fuera por eso la recomendaría, pero no es barata como para cambiarla cada par de meses.",2,wireless
Llegó al día siguiente y perfecto. Tal cual viene en la foto. Un 10 . A a a a a,5,sports
hola te marean de correos a UPS y viceversa para que no lo devuelvas increible pero cierto son unos impresentables,1,home
"Son quizá un poco grandes de más, aunque quizá sea una percepción mía. Esperemos que encojan un poco. Por lo demás son muy chulos",3,sports
Pésimo parece un juguete para niños,1,baby_product
Buena calidad. Viene con una pinza y algodón. La madera parece de buena calidad.,5,toy
Pesa bastante para llevarla sola para hacer running por ejemplo. No es tan cómoda como se vende.,3,sports
El paquete ha llegado sin ningun embalaje y con la pegatina de envio pegada en la misma caja,1,toy
"Es Bonita, pero sería mucho mejor si las cintas para cargarlo fuesen más ergonómicas. Se clavan en los hombros y dan poca sensación de seguridad. Buena relación calidad precio.",3,pet_products
"Bien, pero gran fallo que no tenga wifi, tuve que devolverlo",3,electronics
Esta muy bien. Aunque amarillea ligeramente,5,wireless
"Al cabo de un año de poco uso, la tecla que saca el dispositivo para beber se acciona al menor roce. Al estar cerrando el termo después de introducir agua hirviendo, sin querer toqué la tecla y salió el agua caliente a presión quemándome la frente. Quizá cometí dos errores: llenar mucho el termo y cerrar el termo con el agua hirviendo. Lo que si es verdad, es que el dispositivo de apertura se acciona ante el menor roce y puede derramarse el liquido.",2,sports
"Acabo de tomar el primer sobre y desde que lo abres ya es satisfactorio. Un aroma bastante marcado y naturalmente selecto.., con lo que te prepara y al degustarlo no te deja indiferente.",4,grocery
"Han venido pegadas entre sí, son como de gente ma",1,home
"El lápiz depilador cumple su función. Lo malo?, no incluye pila a pesar de que en la caja sí indica que va incluida.",3,personal_care_appliances
"Pues para mi ha sido una decepción, tengo el verde que me encanta, pero lo veo un poco subido de tono para según que ocasión, por eso me decidí por pedir el amarillo, se suponía que era mas claro, pero cual ha sido mi sorpresa que por lo menos en mi, es igualito que el verde. Ha sido una gran decepción!!",2,drugstore
ESTA CORRECTO LOS COLORES VIVOS BUENA CALIDAD TAMPOCO TIENE MAS QUE DECIR PERO DE TALLA BIEN ME LLEGO EN SU TIEMPO,3,apparel
Fantastica seleccion de autores y canciones tanto nacionales como internacionales. Buena relacion entre calidad y precio. Los 2 cds ok,5,other
"Me gusta la agenda, pero la cubierta no creo que se mantenga en buen estado todo el año. Debería ser más fuerte",4,office_product
Materiales económicos,3,home
Geniales para la playa,5,sports
Es una manguera muy fina y poco resistente. Con mucha presión de agua se raja facilmente. Calidad bastante regular.,2,lawn_and_garden
"Los enchufes,cuando llevan tiempo funcionando, de forma continuada, dejan de contabilizar la consumo.",1,electronics
Esta muy bien calidad precio,4,musical_instruments
Ha llegado antes de la fecha estimada. Perfecto!!,5,wireless
"es igual que en la foto, me ha gustado mucho",5,toy
Acabo de regresar de un viaje de 20 dias por Asia y la mochila estuvo a la altura del viaje. Resistente y funcional. A parte de ser simple y bonita.,5,sports
"MUY FUNCIONAL Y RESISTENTE, NO SE MUEVE",4,pc
"La verdad que tenía mis dudas por el sistema de extracción del aire, pero una vez probado, la verdad es que estoy muy contento con el resultado. Un producto muy eficaz y asequible. Lo recomiendo 100%.",5,home
Me gusta que no gotea y aísla bastante,5,sports
"Ducha de jardín para adaptar a manguera, de facil montaje y ocupa poco al guardar",4,lawn_and_garden
"No me deja la opcion de devolverlas y no entiendo el porque. Son muy grandes para ser la talla 42 que es mi talla. No volveria a comprar ningun articulo a este vendedor nunca. No se responsabilizan de si estan mal , rotas,son grandes o pequeñas en talla de mandarte otra talla y devolverles las que te entregaron que no sirven de nada.......",1,shoes
"Estoy recogiendo audios en la calle con el y va de maravilla. Lo compre para probar pensando que lo acabaría devolviendo per me ha sorprendido mucho. El sonido esta genial, el cable es lo suficientemente largo como para hacer planos medios con el conectado. así que lo recomiendo.",5,musical_instruments
Buen funcionamiento. Sincroniza muy bien.buena duración batería. 4 horas funcionando. Se mantiene una conversación telefónica perfectamente,5,electronics
Son muy cortos y no me los puedo poner hacen daño,2,toy
"Una buena máscara , calidad precio , muy contento con la compra Gracias",5,home
Lo unico que le pongo como pega es que 4 botones son para un joistick sin poder cambiarlo y limita muchos botones.,4,electronics
"No era lo que yo buscaba, al devolverla te hacen descuento, asi que ojo al comprarla, hay que fijarse bien",1,kitchen
Tiene unos topes a ambos lados que hacen que el balancín casi no pueda moverse. No nos gustó mucho este juguete.,2,toy
"Cafetera para pocos comensales. Leí que se queda algo de agua en el fondo y es cierto, no se queda vacia después de usarla. Tamaño para dos personas no más",4,home
"No se ve nada por la noche. No sé si hago yo algo mal pero vamos, no tiene mucho misterio...y por la noche no se ve nada de nada.",1,book
"Mala calidad, me ha durado un mes, la pera se ha pinchado...",1,pet_products
"La bolsa está muy bien, sólo una vez perdió agua pero fue porque estaba muy llena y me senté sobre ella accidentalmente, por eso mejor no llenarla hasta el tope. Pero es bastante segura, el plástico es grueso por lo que se puede poner agua muy caliente sin riesgo, ya con funda sería perfecta.",4,personal_care_appliances
"No es verde oliva; es un verde muy claro, no el verde tipo militar que aparece en las fotos. Deberían aclararlo.",3,watch
No me gusta que el reloj se pare cuando cierro.ya he intentado arreglarlo pero no hay manera. Si tiene solución me avisan,3,pc
En menos de un año se me está desaciendo,3,lawn_and_garden
No esta mal per se me a roto muy rapido,3,pet_products
ESTA BIEN Y FUNCIONA BIEN,5,pc
No son una maravilla pero para el precio que tienen están muy bien.,5,wireless
"no se en que buzon se entrego pero desde luego en el mio no, me gustaria saber donde esta mi paquete y que me reembolsen ya que no tengo mi pedido conmigo, gracias, un saludo",1,beauty
Encantada con ello la verdad q es un mantel que vale para todo y además es un mantel q no rompe ni aunq le caiga agua es muy resistente muy contenta,5,home
Muy bien la calidad y la funda todo muy bien recogido está muy chulo llego pronto y en muy buen estado,5,camera
"Era un regalo para mi hijo de 3 años y aunque le cuesta a veces coger los peces, se lo pasa muy bien jugando. Es correcto, se ve sencillito pero esta bien",3,toy
"Es un reloj muy cómodo ya que no hay que preocuparse de cuerda ni pilas, así como tampoco de ajustarle la hora, ya que esta radiocontrolado y se carga con la luz. Ahora bien, tiene algunos detalles por los que no le doy las 5 estrellas, ya que la caja es de plástico y con aspecto de barato, aunque eso si el brazalete es de titanio. Son contradicciones incomprensibles, pero si no se valora mucho el aspecto, adelante",4,watch
Abulta mucho mas de lo que esperaba pero cumple su cometido a la perfeccion aunque vuelvo a decir que es muy aparatoso.,4,industrial_supplies
Cumple con su explicacion. Llego a tiempo correcto,3,sports
"La calidad no es excelente, pero por este precio no se puede pedir mucho mas. Se pueden encender las luces con distintos colores o de distintas formas, en transición al ritmo de la música... A mi la batería me aguanta unas 8 horas (sin luz).",3,electronics
La compré para sustituir la clónica de mi ordenador Medium porque no era compatible con mi nueva gráfica GTX 980. Ésta si lo es y además para el tamaño que tiene la distribución de sus anclajes me ha parecido de lo mejor que tiene. Un gran producto con la calidad de siempre de AsRock.,5,pc
"La caja venia fatal, era para un regalo y me dio hasta vergüenza tener que regalarlo porque parecía que le había llevado algo usado. Ya podían esmerarse más en enviar los productos en buen estado. Si hubiera sido para mi no me hubiera importado. Pero para un regalo pues....",2,toy
"me ha llegado doblado y con arrugas. el libro es muy bueno. el transporte del mismo, pésimo. mal mal mal",1,book
"Siempre había querido una incubadora para tener mis propios pollitos, la primera vez que la usé salieron 3 pollitos de 7 pero la ultima vez solo salieron 2 pollitos de 9 y salieron muy débiles. No la he vuelto a usar, pero me dio mucha pena que salieran tan pocos en ambas ocasiones",3,pet_products
No se adhiere muy bien a la uña y por eso no se puede definir la figura al maquillarla,2,beauty
"Uele de maravilla, el olor se mantiene durante todo el día, me gusta mucho, la verdad volveré a conprar, más, desodorante, ooo productos dove",5,beauty
"fue un regalo para mi nieta y no me gusto que viniese en una bolsa cuando en las tiendas estaba en su caja, a ella tampoco le gusto esto.",3,drugstore
Copia exacta de la versión original,5,video_games
"A falta de un uso más prolongado, las sartenes tienen una calidad aceptable y un buen precio. Satisfecho con la compra.",4,home
"Buena chaqueta, la talla se ajusta a la que uso normalmente. Viene con tres capas que se pueden quitar, pero estas no son de muy buena calidad y los acabados tampoco son nada del otro mundo. Calidad precio esta bien.",4,automotive
"El paraguas es de muy mala calidad,da la sensación que se va a romper cuando lo abres. Es muy cutre.",1,luggage
mejor precio del mercado con diferencia,5,toy
"es muy grande para mi oído, funciona bien pero al poco tiempo tengo que quitármelo porque me hace daño. NO lo recomiento",2,electronics
"Producto tal y como se describe, cumple lo que promete lo que ya es bastante por el precio que tiene.",5,home
Lo animamos porq tardaban mucho y cambiaban el día de llegada y no llegaba . Nos devolvieron el dinero nos lo arreglo atencion al cliente de amazon un 10 por el personal de amazon,2,sports
"Recibí el producto en la fecha indicada. Tiene gran potencia de luz, al ir puesta en la cabeza es mucho mejor que una linterna convencional ya que deja las manos libres y es cómoda de utilizar. Yo la compré para ir en bici por la noche y realmente va bien para este uso.",5,home_improvement
"Hacia tiempo que un juego de lucha no me tenia tan absorbido y enganchado. Impresionante a nivel gráfico y jugabilidad. Tanto si eres un fan de la saga Mortal Kombat o no...muy recomendable, sin duda. Los decorados tambien son una maravilla, con una Xbox One X en una TV 4K alucinas! Una nitidez y un colorido extraordinarios! Y todo a 60fps constantes en casi casi 4K real, ya que hace uso de la resolución dinámica de Xbox One X, pero jugando es que no te das ni cuenta! Solo u acompañado hay juego para rato. Me falta provar el Online, aunque miedo me da, seguro que hay mucho ludo allí metido! xD",5,video_games
El producto n me ha llegado y lo he pagado. Tendría que haber llegado el 7 de marzo como máximo y ya estamos a 10 de abril.,1,sports
"buen producto por el precio que tiene.Algo ruidoso en marcha, lo imaginaba más silencioso, pero bueno, es lo que hay.",4,automotive
"Los radios son de aluminio, no son azules como aparece en la foto. Una rueda llegó desinflada. Aún así la bici es muy bonita, el resto todo bien",4,sports
"Perfecto, no es demasiado grande, es muy manejable.",5,home_improvement
"Funcionar, funciona, pero se suelta con facilidad con lo que el reloj deja de cargar. He tenido que sujetarlo con un coletero elástico para que no pierda el contacto. Aparentemente es igual al original, pero ahi acaban las similitudes. No se sujeta bien el reloj como en el original. Me ha sacado de un apuro en las vacaciones, pero estoy un poco decepcionado.",2,wireless
No me ha gustado que el plástico tiene alguna rebaba pero nada importante. Después de meses de uso el mando funciona como si fuese el original.,4,electronics
"Probado el producto, y satisfecho 100%. Segun la descripción. Recomendado",4,musical_instruments
"Es bonito y no es de plástico, cosa que me esperaba.",4,furniture
"Muy buena idea la del peine con calor. Funciona igual que una plancha para el pelo pero con un lado solo. Una vez lo enchufas y lo enciendes coge una temperatura muy alta en poco tiempo, tanta que al principio me daba miedo acercarlo a la cara. Pero la verdad es que el accesorio de plástico del peine, te protege del calor y puedes pegarlo a la cara sin problema. Con barba corta no se nota mucho el resultado pero cuando la barba es un poco larga va de lujo y alisa muy bien. Yo tengo una barba muy rizada y con este peine por fin le puedo la forma que quiero",5,beauty
"El protector no cumple con lo requisitos mínimos, al ponerle una funda se me quito y se partió, tampoco reconoce la huella en la pantalla, no lo recomiendo.",1,wireless
"En mi caso, si que amplifica la señal, pero no conseguí que captara todos los canales, sobre todo los locales que eran los que mas me interesaban y por lo que compré el aparato. En fin, no me sirvió para lo que necesitaba.",2,electronics
"Por su precio esperaba algo más de calidad en los materiales, la bascula en si va bien, pero es plástico, esperaba que fuera algo más pesada más sólida. No falla y es precisa, da el mismo peso que la otra que teníamos.",3,personal_care_appliances
"Demasiado para mi. Si buscas algo fuera de lo común este es tu libro, sino deja de leerlo ya o perderás tu tiempo.",1,digital_ebook_purchase
Ya que no se encuentra en ninguna tienda todo un lujo poder comprarlo ya que es lo que más deseaba el niño gracias,5,toy
"llevo años usando este desodorante y a mi me va muy bien, tenia muchos problemas por usar desodorantes de spray de barra, incluso alguno natural. y desde que estoy utilizando este no he vuelto a los he vuelto a tener. la ultima entrega que me han echo, el contenido no se parecía nada al comprado anteriormente.",2,drugstore
"El cristal solo trae pegamento por las esquinas, por eso se levanta con facilidad. No es compatible con la funda Speck Prestige. Vienen 3 unidades, pero no he podido utilizar ninguna.",2,wireless
"Me comieron dos cachorros que tengo el cable y pensé que no lo iba a encontrar igual,y como un guante",5,electronics
"Es muy guapo, a mi hijo le queda muy bien y tras varios lavados sigue igual, es de buena calidad.",5,apparel
"Es de plástico. En si mismo no sería un problema. El problema es la parte del vaso, que engancha con el accionamiento. Es una pieza de mala calidad. Nueva parece acero inoxidable. La capa plateada es un fina capa de plástico plateado, que empieza a despegarse al lavarlo. En cuanto a velocidad de cuchillas es muy elevada y tritura cualquier cosa. Pero lo comentado más arriba, merece un acabado de mejor calidad. Ni lo recomiendo, ni dejo de recomendarlo. Probablemente hayan equipos equivalentes mejores. Éste es decepcionante.",3,kitchen
Buen producto. Lo tengo para bicicleta de montaña y aguanta perfectamente los traqueteos del camino.,5,wireless
Todo según lo indicado. Lleva un mapa de Europa a tamaño mayor. La entrega en el tiempo previsto.,4,office_product
"El árticulo genial, ya hemos tenido uno anteriormente.",5,personal_care_appliances
"He pedido bastantes veces y nunca me había pasado pero me ha llegado el libro arrugado, el paquete estaba en malas condiciones y el libro igual",1,book
Cumple su función perfectamente. Los tornillos no encajaban muy bien pero se quedó bien montada. Aconsejable poner algún cojín porque en invierno la silla es fría.,4,furniture
"Un juego que ocupa poco , lo use poco pero tienen buena pinta a la resistencia , varios tamaños .",4,home_improvement
Yo creo que es hasta falsa...,2,sports
"Le entró una reacción alérgica a quien se lo regalé, tengo varios de Aliexpress y la propia Amazon, es la primera vez que me ocurre con algo que compro por internet.",2,apparel
El sistema me gusta pero para la limpieza no me parece nada cómodo las pajitas las une una pieza de plástico que hace q el liquido no pase de un lado a otro y eso no se puede limpiar bien x dentro x tanto es una junta de porquería ... Lo compré sin saber eso y ahora lo tengo como vaso de emergencia para usar con una pajita normal de tirar luego.,1,baby_product
"Protege bien pero no cubre la pantalla entera, no llega a los bordes.",2,wireless
"El material es bueno, para su precio. Lo Qué pasa que no puedes poner más de seis, porque sino no puedes sacar ni una. Por lo demás bien.",4,luggage
"Fue perfecto durante dos meses. A partir de ahí empezó a dar lecturas falsas (pulsaciones de más de 200 cuando debía tener 100 menos), y a fallar cada vez más. La última vez me funcionó 20 minutos de una sesión de tres horas.",2,drugstore
"Es igual que en la foto. No todos los botones tienen función y el sonido no es ajustable, por lo que es un poco alto.",4,toy
"Es bonito y colorido, entra por los ojos. Sólo que no tiene muy buenos acabados. Llegó a casa con el cuerno descosido.",2,toy
Calidad precio muy buena no le doy las cinco estrellas por ser muy finas pero plastifican muy bien las uso mucho,4,office_product
Lo compre por 24 euros en una oferta. Calidad justita. No es malo pero no pagaría 30 euros.,3,other
"Me sorprendió pagar 14€ y ahora que esté a 9,95 y que en la etiqueta del producto también venga ese precio.",2,toy
Ha llegado la caja un pelín rajada pero está bien todos los productos. Estoy satisfecha el envío muy rápido .,2,toy
"Es lo que es, se ve muy resistente",5,wireless
Compré dos para regalar y ninguno de los dos funcionaba! Una pena..,1,toy
La impresora es magnífica salvo por un detalle...llega un momento en el que te avisa de que el tóner hay que cambiarlo y ya se acabó la impresora. No admite ningún tóner y no puedes volver a utilizarla. Me ha pasado con la primera que compre. ..la cambie por otra y me ha vuelto a pasar. Tengo otra que de momento va bien y no me ha dado ese problema. Es una pena porque por lo demás va de maravilla.,3,pc
El teclado esta bien pero el raton regular no me gusta mucho no es muy fino pero bueno pero por el precio tampoco hay que exigir tanto,2,pc
"Es un limpiador que sirve para quitar los puntos negros y la piel muerta. Absorbe con fuerza para quitarlos, tiene tres niveles de succión, recomiendo empezar por el más bajo ya que si lo utilizas mucho tiempo en el mismo sitio puede dejar marca.",5,beauty
"El artículo comprado al verlo en casa me ha parecido un poco más simple que el visto en fotos, aún así lo recomiendo. Es bastante preciso con ambas temperaturas. HAY UN INCONVENIENTE, LAS INSTRUCCIONES NO SON EN ESPAÑOL!",3,lawn_and_garden
"Usadas como luces de posición en Audi TT Roadster del 2007, buena calidad aunque la luz es amarilla, más durabilidad que las LED.",4,automotive
"Ya fallaba de vez en cuando, y en menos de un año a dejado de funcionar, le puse 1 estrella. Ahora lo subo a 3 porque tuve que comprar uno nuevo, he probado 2 marcas distintas y ni han llegado a funcionar. Volví a comprar este y si va, la duda es si me durará más que la vez anterior",3,electronics
"He tenido anteriormente fundas MOKO y su relación calidad precio es muy satisfactoria, de hecho compré una MOKO para mi iPad Pro y otra MOKO para otro iPad de la familia",5,pc
"Me ha llegado hoy y como bien dice otra persona no es el dibujo, es un mosaico y totalmente diferente. La calidad es pésima respecto al producto que es. Muy mala compra, no se lo recomiendo a nadie.",1,home
Desde que la tengo ya hace un ruido extraño y no funciona como debiera. He tenido otras y me han durado muchos años. No la volvería a comprar.,2,kitchen
Calidad precio perfecta. Y el hierro yo lo noto,4,drugstore
Muy buena calidad a buen precio,5,office_product
No llegó y tuve que pedir la devolución del importe. Me lo devolvieron sin problemas pero necesitaba el libro para las clases.,1,book
"El producto es el correcto y pedido, la entrega dentro de los limites previstos y el packed muy bueno",5,office_product
"Es más viscoso que otros aceites que he probado, pero no mancha la ropa ni los muebles (aunque puede dejar una pátina pringosa si no tienes cuidado) Para el pelo funciona muy bien, lo deja muy hidratado si lo usas como mascarilla antes de lavarlo (ojo, cuesta un poco quitarlo). También lo he usado sobre la piel y la hidrata muy bien y la deja muy brillante. No tiene el olor muy fuerte.",4,drugstore
"Cumple función ,pero necesita de pulido anterior.",3,home_improvement
"Buena presencia, buen tacto, algo corto de metros, y a la primera lluvia, todos se despegaron, para interior seguramente valgan, pero para exterior, ni diez minutos de lluvia aguantaron",2,home
Muy atractivo para los niños,5,book
"No puedo juzgarlo totalmente porque no sé cómo funcionaría en cuero o tejidos más gruesos, pero en una lona de un protector de maletero los remaches me duraron un día puestos. Se soltaron enseguida y tuve que rematar el ojal cosiendolo a mano.",3,home_improvement
"Me ha decepcionado totalmente, pensé que sería de mejor calidad pero además de producir dolor en el cuello, resulta incómodo aún tratando de ajustar la presión del aire. Seguiré usando el de viscolatex que ya tenía.",1,home
No me valió para nada,1,beauty
Lo compré para mi hija de 9 años que tiene aparato. Perfecto. Buena calidad-precio. Buena batería. Muy manejable para su edad. El cabezal para limpiar aparatos es perfecto.,4,personal_care_appliances
Perfecto para el precio que tiene. Queda muy bien. Es un poco fino pero práctico. Estiliza bastante y se ajusta bien,5,sports
Fácil de usar y limpiar.,4,home
No es perfecta y cabecea un poco,3,wireless
Buen teléfono si es lo que buscas.,4,wireless
"Atencion: la política de garantía de Amazon a cambiado. Es mi última compra, antes sus productos realizaban el reembolso automáticamente, ahora tienes que pelearte con el fabricante.",1,pc
Lo acabo de poner y queda perfecto. Parece de buena calidad. Veremos lo que aguanta.,5,wireless
"Funciona bien pero pierde mucho tomate y liquido por el orificio donde entra la manivela, no le doy las 5 estrellas por eso",3,home
No ha durado ni 24 horas a manos de un niño de 4 años. No soporta los golpes normales de uso como batería.,2,toy
"Me hubiera gustado que fuese de más tamaño. Es algo pequeño, para la cartera o billetera, el movil, los kleenex y poco más.",3,luggage
"Después de ver el estado del embalaje, no me da seguridad de que los filtros de agua potable estén en buen uso",1,kitchen
Muy mala calidad . Debería de ser transparente y este viene con un montón de Puntitos. Debería de ser lisa para que se vea el móvil.desilusionado,1,office_product
"Muy bonitas pero no aguantan nada. En el coche de mi marido después de un mes ya las tenía rotas, no sabemos si por el sol o por la lluvia. O que está claro es que deberían aguantar perfectamente las inclemencias del tiempo. No las volvería a comprar",2,baby_product
Igual que la que original dura 2horas,4,electronics
"No me gusta, deja el pelaje algo aspero",2,pet_products
"No me ha gustado nada. Pense que traian dentro un pequeño cascabel pero no, trae algun tipo de elemento que suena levemente, tan leve que apenas se escucha y mis bebes ni lo notan. No lo recomiendo para nada.",1,toy
"Lo unico malo es el peso, por lo demas perfecto",4,camera
Muy buen póster. Diseño que mola un montón. Pero ha llegado con desperfectos. En las descripción afirma que vendrá con tubo protector y no es así.,2,toy
"Ni funciona, ni atienden en el posible cambio ó devolución, van dando largas...",1,home_improvement
"De momento tiene buena pinta, perome hubiera gustado poder comprar el tamaño grande, porque la queria un poco mas grande.",4,home
Se escuchan bastante bien para el precio que tienen. Son cómodos y plegables.,4,electronics
"Son muy adorables y se ajustan al cable. Cuesta un poco al principio ponerlos, pero merece la pena porque realmente protegen la parte dañada. Venían bien empaquetados individualmente.",5,office_product
"Reloj correcto por el precio que tiene, aunque la correa es demasiado dura y con poco uso (un día) muestra principios de marcas y grietas tempranas. Los anclajes de la correa son un poco endebles y con holgura excesiva. Recomendable cambiar los pasadores de unión de la correa por unos más consistentes, o una correa de un material más flexible.",2,watch
"Muy mal producto, lo compre por adquirir el one plus 7 pro y se ajusta mal y la respuesta de la pantalla cuando lo colocas es bastante lenta No lo recomiendo.",2,wireless
"Buen servicio, pero no era el tamaño adecuado bien el tamaño.",3,home_improvement
"Agujeros no coincidentes con el móvil, mala calidad del plástico. Se ve que no es para el huawei p8 lite 2017",1,wireless
"Sencilla,pero bonita queda muy bien",5,wireless
No ha llegado el reembolso,2,automotive
"Funcionó bien un mes y de repente deja de encenderse el ordenador. Como que no fuera compatible, per de no serlo hubiera fallado el primer día.",1,wireless
Cumple con lo que necesitaba,5,pc
"el diseño es impresionante rojo metalizado , me ha gustado tanto que me pedido otra igual para tenerla de repuesto, cuando esta este ya mal, lo malo por sacar un pero , no la podido poner con el protector metalico para la lente de la cámara",5,wireless
"Impresión de baja calidad, los textos no son nítidos, se ven como borrosos.",1,home
"Cumple bastante bien las expectativas, lo único que no me ha satisfecho a sido la entrega, la caja abría entrado perfectamente en el locker de Amazon",3,home_improvement
"No es muy practico a la hora de ponery quitar, no me ha satisfecho.",1,luggage
Un poco caro su precio para que al final el bordado del color azul un punto de hilo sacado sin tensar en los dos cojines.Pero por otra parte bien.Tambien los he comprado sin bordar y mas baratos aver como vienen.,3,automotive
"El producto es tal como se describe en el anuncio. Yo lo compré para anillos muy anchos y tiene tendencia a desenroscarse. Para anillos más finitos, seguro que va genial",4,kitchen
El pedido llegó rápido pero no puedo opinar mucho por que mi bebé no llegó a utilizarlas . El tacto es muy suave pero poco más puedo decir,3,baby_product
"Buena bombilla LED, con acabados de calidad ideal para luz de día en el coche, tiene luz Blanca de calidad, pero ilumina menos que la original halogena. Tampoco se puede pasar la ITV con ella, ya que advierte que no se puede usar en la vía pública.",4,automotive
"Me llegó rápido junto con otros productos del mismo vendedor. El resto genial pero este no corta bien. Estuve con las tijeras retocando un poco y ni corta o marca los ojos de la taza. Con eso pierde mucho. He pedido devolución y ni me han contestado. Repito que el resto de productos, genial",1,home_improvement
"Son un poco grandes para cuándo empiezan la alimentación complementaria pero por lo demás van genial. Muy bonitos, fáciles de limpiar y cumplen su función",4,baby_product
"Este armario aparenta se útil pero si lo llenas con algo de peso se derrite como la mantequilla, es muy endeble y sólo sirve si vas a almacenar cosas sin peso, encima yo compré el de mayor tamaño y solo me sirve para ocupar espacio, espacio que necesito, en fin que ya lo devolví",1,home
"A mi me viene estupendo que tenga el cuerpo rígido y no blandengue como los peluches normales, porque en mi caso es para adornar. Le he tenido que peinar porque vino aplastado pero me ha quedado muy bien. Los colores son muy bonitos aunque no muy realistas. A mi personalmente me encanta y esta muy bien de precio.",5,toy
"El producto lo que le he probado funciona bien, como dice en la características pero en mi caso que tengo un Astra GTC al principio creía que no funcionaba porque no encendía, y era debido a que tiene holgura y no me hacia contacto, tuve que meterle un Palito para dejarlo anclado en la posición que enciende",2,wireless
Estan bien pero mal talladas.,2,sports
Buena calidad y fácil de colocar,5,pet_products
Cumple su función perfectamente sujeta el teléfono con fuerza y lo mantiene firme,5,pc
"Hice este pedido junto al Funko de Tai, y ninguno me ha llegado, después de 2 meses de haber hecho el pedido. El vendedor, por su parte, fue atento en todo momento conmigo.",2,toy
El apoyo con la superficie no es del todo perfecto. Para el violín está bien aunque mejorable. Contento con la compra.,4,musical_instruments
Buen producto y servicio rápido,4,wireless
Buena calidad. Satisfecha con la compra.,5,apparel
Perfecto para perros pequeños que se les mueve los arnés .,4,pet_products
"Perfecto ,perfectas condiciones, la verdad me ha encantado",5,home
No está bien lo normal que po Dre is co pra har.rn cu al qui er si si tio lo que hay,3,other
Para mi son mucho mejores los KF inferno.,2,pc
"Buenos días Funciona muy bien y tiene un tamaño muy práctico, el único problema es la cinta para colgar que le falta consistencia si fuera de cuero mejoraría mucho.",4,luggage
"Con este precio no se puede pedir mucho pero este aparato no es muy útil, tal vez para la piel de una mujer si.",1,personal_care_appliances
Funda muy comoda y bonita. El único pero es que el boton de encendido va un poco duro... pero en general muy bien.,4,wireless
"Buen precio, pero los colores y tonos no son demasiado variados, a veces parece que te faltan algunos colores basicos",3,home
"El corte, no lo hace limpio, dañando la otra parte a cortar...",2,lawn_and_garden
"Perfecti, pega que el cable es muy corto.",5,automotive
Al principio me gustó mucho. Porque el color es muy bonito y el acabado está bastante bien. Pero en menos se 1 semana empezó a pelarse. Parece que tiene 2 años de uso ya. Adjunto la foto.,2,wireless
Muy buen producto y lo recibí en pocos días. Vendedor 100 % recomendable. No creo que sean necesarias más palabras para valorar un producto.,3,personal_care_appliances
"Una de las luces no funciona, ¿como puedo hacer para que me envien otra?",2,home
"Relación calidad precio, y cumple perfectamente el cometido indicado.",5,sports
Calidad precio muy bueno!,3,kitchen
Precio y cantidad excelente.,5,beauty
"Poco pegamento , instrucciones dolo en inglés.",3,toy
"Según pone en el anuncio las herramientas de montaje están incluidas, y así lo dice bien claro. Pues menuda sorpresa cuando recibo la cajita y sólo viene las pantalla.................NI UNA SOLA HERRAMIENTA.....FALSOS TIMADORES!!!! LA PANTALLA NO FUNCIONA, UN TIMO TOTAL!!!!",1,wireless
"Las demas funciones no van, solo lo basico",3,pc
La cremallera falla mucho,2,apparel
"En general muy bien, me parece un poco grande, mi coche es un hyundai i30 ranchera (bastante amplio) y le queda grande. Pero en general todo ok, cn hueco para los cinturones muy importante si va alguien más sentado atrás.",4,pet_products
El producto es exactamente el que se anuncia. Llegó en perfecto estado y el mismo día.,5,book
"Funciona perfectamente, igual un poco pequeña, pero esta bien",4,toy
Esperaba una buena calidad más que nada por la marca. No cumple.,2,personal_care_appliances
"La verdad es que las niñas se aburrieron en 5 minutos. Inflas un globo, le pones unas pegatinas y unas manos o pies y listo, no sirve para nada más.",2,toy
"El producto es de cartón y de una calidad muy baja, por lo que la durabilidad está en entredicho. El agujero para la cá mara obliga a tener la tapa delante del usuario en lugar de arriba y hacia atrás como una funda original. No volveré a comprar estos productos en este medio, Amazon. Saludos.",2,wireless
"Mochila tal cual se describe pero las letras de arriba donde pone Frozen viene torcidas, o sea, mal impreso. Pero por el precio que tiene... no es para quejarse.",3,luggage
"Me mandaron unas ruedas distintas a las de La foto y descripción y tardaron un mes en llegar , muy lento el envío",5,industrial_supplies
La entrega ha sido rápida y sin problemas pero aún no puedo valorar los productos ya que acabo de recibirlos,4,beauty
"La calidad relacion - precio, es la que se puede exigir a un producto de estas caracteristicas y por este precio",4,other
"calidad precio bueno, facil de montar, pesa muy poquito, le puse un amplificador de señal y cojo todas las cadenas en la zona.",4,other
"Sabor muy agradable para este fruto seco que vas comiendo y cuando te quieres dar cuenta te has terminado la bolsa a mitad de la peli, cuidadin.",5,other
"Esta funda se ajusta perfectamente al Xiaomi Redmi Note 4. Los huecos para auriculares y conector USB están perfectos. La funda anterior me daba problemas, porque no permitía que los auriculares hicieran buena conexión. Lo mismo sucedía con el mini USB, al conectarlo al cargador en el coche el contacto no era bueno.",5,pc
"Estaba informandome sobre este libro,lo quiero en papel y no se como se ha realizado la compra pero no en papel,quiero cancelar dicha compra.Gracias",1,digital_ebook_purchase
Nefasto. Las bolas vienen rotas y la calidad es penosa. Eso pasa por comprar cosas baratas.,1,pet_products
Un artículo perfecto tal y como se describe y ningún problema en el agua t aún precio muy ajustado,4,home
Las pinturas no son de buena calidad,3,toy
Cojines super cómodos y mulliditos. Bastante sorprendida con la calidad q tienen para el precio que he pagado.,4,home
"Esto es una mierda, un pegote inutil demasiado caro.",1,pc
Medidas perfectas despues de 1 dia entero desembalado llegó a los 30 cm. Es muy comodo y de firmeza media.,4,furniture
"No puedo opinar pq pagamos por una botella chilly para hacerle un regalo a mi hija y nos llegó una botella que no tenía nada que ver. Ni el color, ni material, ni calidad...una decepción",3,sports
lo malo: la maquina me a decepcionado mucho pues venia piezas suelta el láser no marcaba bien el corte lo deba doblado por mucho que intente graduar.Lo bueno el trato de amazon me a encantado en todo momento me dijo como hacer la devolución sin ninguna pega y de la maquina tengo que decir que tiene una potencia increíble,2,home_improvement
"Solo quitar el plastico se puede ver que la madera es de muy baja calidad, muy blanda",3,furniture
"La verdad que me gustan los utensilios, pero al recoger el paquete uno de ellos estaba roto. La calidad es aceptable aunque parecen poco duraderos.",3,home
Muy incómodo de utilizar,1,home_improvement
"No sé si viene bien lo del interior hasta que lo monte, por eso una estrella, se puede abrir el producto sin problema",1,sports
"Excelente libro, como todos los de esta autora. Muy cómodo para leer en formato bolsillo",5,book
"Fue un regalo para mi sobrino, y le encanta lo único que he de decir que aunque sean 92 piezas se queda un poco corto pq si quiere hacer más de una figura no puede.si que me parece un poco caro.",4,toy
Es muy bonito aúnque un poco pequeño,5,toy
Uno de los pendientes no cierra..no podré ponermelos. Bonitos si son pero el cierre no me gusta nada se abre con facilidad. Posibilidades de perderlos.,1,jewelry
A los tres meses de uso se rompen sin darles un mal uso y por lo que e visto en las opiniones no soy 3l primero al que le pasa es una pena son muy buenos auticulares,2,video_games
"Hoy es día 20, la fecha máxima para recibir el artículo era el 18 de enero y no lo he recibido ni tengo noticia alguna sobre el envío.",1,kitchen
"Baratos, sí. Pero de mala calidad. Como les aprietes un poco al ponerlos, te has quedado sin ellos. Demasiado blando el material. Una pena",2,home_improvement
La rapidez de entrega es lo mejor. Lo peor es que en tiendas próximas a mi domicilio he encontrado el mismo disfraz mucho más barato. Este me ha costado 40 y en las tiendas está por 28 euros,2,toy
"Me gusta su ajuste casi perfecto, su transpiración. Es lo más parecido a lo llamado segunda piel que he utilizado hasta el momento.",4,sports
Me gusta su tamaño reducido es ideal para determinadas situaciones. Lo que no me ha gustado es la falta de manual de instrucciones.,3,home_improvement
No es gran cosa los colores son palidos,2,home
"Excelente producto, de muy buena calidad",5,kitchen
No puedo opinar porque nunca me llegaron. Estaban agotadas,1,home
"Corresponde con lo ofertado, ajusta bien y es fácil de instalar. Lo he visto más barato en otro sitio. Llego puntual y rápido.",5,automotive
"El empaquetado se limita a poner un celo uniendo la tapa con la base de la caja original, con el riesgo que conlleva. Además ponen la etiqueta del envío, pegada directamente en la caja , con lo que la destrozan. Y en mi caso que se trata de hacer un regalo, queda horrible.",3,personal_care_appliances
"No he podido usar el producto porque lo he tenido que devolver. El producto parecía que hubiera sido usado, los recipientes con arañazos de estropajo y una especie de señal como de óxido. Me gustaba mucho el producto pero optaré por otro producto porque no me convence del todo, no lo recomendaría no.",1,pet_products
Tamaño perfecto para guardar los auriculares. Se cierra perfectamente y no pesa nada. Para mí práctico y barato. Buena opción.,5,wireless
"No he notado absolutamente nada, no creo que haga nada y la próxima vez optaré por otros productos que si se noten algo más como por ejemplo las infusiones de cola de caballo.",2,drugstore
"Muy bien todo, ya diré cómo funciona",4,pc
"Yo no tengo una barba poblada,y aún así te afeitas y en la mañana ya raspas ...los niños dicen picas papá. Cuando te la pasas por la mañana parece que haces algo pero debes afeitarte dos veces al día si quieres tener una cara suave.",1,personal_care_appliances
Buena calidad y muy afilado,4,home_improvement
Los mandos de la PS4 encajan perfectamente. Quedan protegidos adecuadamente. Traen un asa para poder sujetarlos mejor y evitar caídas.,5,video_games
"no está mal, pero lo vero demasiado simple, es un vibrador mas, pensé que el movimiento fuese diferente. gracias un saludo",3,drugstore
Perfecto y en muy poco tiempo en casa,4,wireless
espero que funcione cuando termine de montar el aparato. las instrucciones de montaje son insuficientes e ilegibles porque el tamaño de la letra es insignificante. no se lo aconsejo a nadie.,2,home
Se trata de una caja q contiene piedras de lava de muy diferentes tamaños pero la mayoria de tamaño de pelota de ping-pong y que desprenden mucho polvo. Según para que se necesiten no son muy adecuadas,2,lawn_and_garden
Perfecto para terrazas con mucho viento,5,lawn_and_garden
Recibido ok. Cumple su cometido.,4,electronics
Cuando están puestas todas las usb alguna no funciona,2,pc
Son los mejores los q más duran y el precio en Amazon respecto a las tiendas está muy bien. Lo recomiendo,5,beauty
Un poco más duros que al comprar en parejas en la farmacia,4,industrial_supplies
"No funcionan los botones, solo funciona el cursor, por lo cual no se puede jugar. Una castaña.",1,wireless
"Me va bastante bien, y su relacion calidad precio,no puede ser mejor yo aconsejo su compra ,no se arrepentiran, genial",4,pc
"Son una preciosidad y eso de no llevar cables que se enganchan a la ropa o al pelo es una gozada pero les pongo un ""pero"" importante: no indican el nivel de batería restante. Me extraña que sony no haya incluído esta prestación. Si la tuvieran, serían el reproductor mp3 perfecto para los que amamos el deporte. LOS RECOMIENDO",4,electronics
"No me gusto, me da poca seguridad. Tuve que reclamar que me faltaban piezas. Me atendieron muy rápido y con la profesionalidad que se espera de cliente que trabajan para Amazon.",3,toy
NO calienta igual por todos los lados y las asas queman por lo demás no se pega de momento,3,home
No se si grandes o pequeños ni calidad ni si son bonitos nunca me llegaron y no responden no es de fiar para compras,1,apparel
"La melódica está genial y suena bastante bien. Sin embargo, llegó completamente desafinada y he tenido que afinarla por completo. De todas formas, afinarla no te llevará mucho tiempo si tienes paciencia y un afinador digital a mano. El sonido es agradable y no hace falta soplar con mucha fuerza para hacerla sonar. Si tuviera que comprar otra, probablemente sería otra igual.",3,wireless
"Pierde la forma enseguida, así que después de un par de usos, no encaja bien y hay que tener cuidado al echar las masas, porque si son muy líquidas se salen",2,kitchen
Es un buen producto calienta la comida muy bien en 20 minutos. Ideal para viajar. Estoy muy contento. lo recomendó.,4,home
"Hoy los usamos por primera vez, todo muy bien, hasta que uno de los walkies dejo de escucharse, no me da la opción ni de apagar.",2,toy
"Son muy bonitos pero extremadamente pequeños, no me fijé en las medidas y no me cogen los cactus que quiero",3,home
Está muy bien es gordita muy bonita pero bien roto el plástico de envolver y llegó un poco sucia,4,furniture
"Muy malos audífonos! Funcionan bien pero de repente dejan de. Funcionar, la batería no dura nada",1,electronics
A mis hijos de 7 y 3 años les encanta. Historias simples pero con contenido,5,book
Al principio no me daban alergia pero parece al cabo de 3 dias me han causado alergia y me los he tenido que quitar.,2,home
"Todo y que no era para mi , era ara una amiga, el protector esta bien pero es muy pequeño. No cubre toda la pantalla.",3,wireless
"El articulo llegó en perfectas condiciones, en el plazo estimado. Todo perfecto, estamos muy contentos con el, funciona perfectamente, las 5 posiciones son totalmente factibles.",5,toy
"Se pegan bien pero no es como en la foto, he tenido que pintarlos por que son demasiado claros",3,home
La compré para tener una segunda batería cuando salgo de viaje . La he usado y es de muy buena calidad,5,camera
"El juguete me ha llegado usado. Cuando le he abierto la parte de atrás del cartón estaba rota por que el delfin no estaba sujeto y tiene los tornillos sin ajustar, tiene pequeños golpes y algunas partes como el ojo están ralladas.",1,wireless
El libro fue un regalo para navidades y la persona en cuestión quedó muy contenta. No puedo decir mucho mas.,4,book
"Pues nada más utilizar una, al cogerla ya se rompió por arriba. Lo siento pero no puedo decir que sean muy buenas.",2,home
articulo muy interesante,4,home
no me reconoce los dispositivos,1,wireless
"Inicialmente parece robusta y q esta bien cosida, pero no... una semana de uso a aguantado ... Uno de los laterales se a descosido enterito y lo peor es q tras llevarlo a arreglar me han dicho q no tiene solución 😢 Mi recomendacion: Procurad buscar una q no tenga costuras laterales.",2,sports
Es un libro muy ameno para el público en general.,5,book
Todo perfecto. Exactamente lo pedido,5,pet_products
Son más grandes de lo que esperaba pero todo correcto,5,beauty
"No me ha llegado, pero cobrar si que lo han cobrado.Quiero que me devuelvan el dinero",1,baby_product
"La peor compra que he hecho. No sé lo que le pasa, pero se queda pillado muchas veces (1 minuto para abrir el Whatsapp, por ejemplo) Y luego está la cosa de que no quiere actualizarse. El servicio de atención de Huawei dice que ya le llegará la actualización a Android 7 (que espero que solucione sus problemas) pero creo que al mío se les olvidó actualizar. Hay móviles mejores por el mismo precio que éste.",1,wireless
Todo llegó bien Las voy a usar de repuesto de la original,4,wireless
Delas dos bombillas que enviaron sólo una funciona correctamente....la otra no se enlaza con el wifi.,3,home
La goma es muy corta y se dejas las gafas colgado se te quedan pegadas a la cara y el cuello. Un poco más de longitud la hubiese hecho bastante más eficaz. No le doy el aceptable,2,apparel
Descripción correcta el amplificador no parece funcionar,3,wireless
Muy completo y genial para mis necesidades,5,kitchen
Está bien para utilizar con bebé de 4 meses. Es pequeña pero para utilizarla para ocasiones está bien porque hace su función.,3,toy
Perfecto y rápido envío,5,home
"Muy buenos y resistentes, he utilizado varias veces el mismo par y han aguantado muy bien. Seguro que volveré a comprarlos.",4,industrial_supplies
"No sólo no me gustó la calidad del producto sino que además llegó con una madera rajada. Lo devolví y punto, sin ningún problema.",2,furniture
de 10 rapidismo y perfecto,5,home
"Es un producto de calidad. Pero funcionalmente es algo complicado para los niños, diseño no muy bueno. Cumple con lo esperado",4,toy
"El producto llegó tarde y no pude cumplir con mi regalo.... llegó al día siguiente y como la entrega era en un comercio, al ser sábado hasta el lunes no podré recogerlo. Aún no lo tengo. Y todo sin avisar ni por Amazon ni por kwmobile",2,wireless
"No me hice más de tres dedos. No aguanta nada, se caen en 3 min.",1,home
"La calidad del plástico y de los accesorios es bastante justita. Si lo hubiera podido tocar antes de comprar, no me lo hubiera quedado.",2,toy
El plato es muy fino y pesa muy poco por lo que mi hija lo despega con facilidad de la mesa (las ventosas son pequeñas) y lo tira al suelo. Una pena porque por lo demás está bien.,2,baby_product
"El producto es de muy buena calidad, se escuchan perfectos vinieron en un excelente estado y se conectan perfecto al ordenador y a la play station 4, el problema es para el móvil y es que para conectarlo te hace falta un adaptador para la antena receptora. Quitando eso es un excelente producto",4,electronics
"Son malas, suela muy fina y sin goma . Son muy grandes y se ceden con facilidad.",2,shoes
Producto de muy baja calidad hace muchas burbujas muy difícil de instalar,2,wireless
"Lo he usado 3 veces y se ha roto. Apenas le entran cosas. Si eres alto no sirve. 3 botellas y se ha roto, no aguanta nada. Y si eres alto bastante incómodo de llevar",2,luggage
No queda claro si hay un guión que abarque toda la serie o los guionistas iban introduciendo momentos impactantes según escribían los episodios. Visualmente es bonita. Es otra visión de la historia original con los mismos personajes más otros nuevos. A los que hayáis visto la original completa os chocará. Es cuestión de olvidarse de ella y verla como una serie diferente.,4,other
"Le doy 3 estrellas porque el pincel se me ha estropeado, la punta se queda abierta y no puedes hacerte la linea muy fina, por lo demás me gusta, me lo compre en octubre y todavía me queda bastante.",3,beauty
"Se degradan ?? tengo mis dudas, no estan mal pero son muy caras con respecto a la competencia . .",3,beauty
"La mochila es bonita, sigue la moda y es cómoda. La calidad de construcción es buena, y aparentemente no muestra signos de desgaste después de casi un año de uso. Me hubiese gustado que tuviese más apartados para guardar diferentes objetos. Aún así, está bien provista de bolsillos, y las cremalleras (punto crítico) son duraderas y no ofrecen dificultad de uso. Producto recomendable.",4,luggage
Los colores son mucho más pálidos y la goma estrecha.,2,baby_product
"El producto es tal como se presenta, aparentemente el producto parece de buena calidad y se ajusta perfectamente al Apple Pencil.",4,pc
"Es un buen monopie, con una buena altura. Lo noto poco estable a la hora de hacer una toma con un par de segundos de exposición.",4,camera
"Set de 4 velas perfumadas como podéis ver en la foto son monisimas la Caja es ideal para regalar ese era mi objetivo pero la he recibido y las quiero para mi, nada más abrir la Caja ya desprende el olor tan agradable que tienen, una vela huele a Gardenia otra a jazmín la otra a lavanda y por último a vainilla son de cera de soja 100 por 100 natural, tiene una larga duración de unas 30 horas estoy súper contenta de haberlas comprado",5,home
"No es de verano. No transpira apenas y se llena de sudor. Si no la pusieran como gorra de verano, le daría seguramente 4 o 5 estrellas, porque los materiales no son malos y la gorra en sí está bien, pero como gorra transpirable y para llevar con el sol del verano, vale muy poco...",2,apparel
El suelo queda algo mejor pero para el precio q es hasta es mejor ahorrar para pulirlo xq además se gasta muy rápido,2,home
"Queda perfecto y cuando lo pones no da la sensación en ningún momento que el movil lleve protector. Lástima que a los dos dias,al mínimo golpe se me ha roto por diferentes puntos.",3,wireless
"Después de unos meses y ya no funciona el micrófono,espero que la garantía se haga cargo",2,other
Tengo dos carros y en los dos lo he colocado perfectamente. Sirve para botellas de distintos tamaños y quedan bien sujetas. Genial para tener su agua a mano o para dejar tu refresco y poder seguir llevando el carro sin problema. El accesorio de colgar genial para llevar las bolsas.,5,baby_product
El control remoto en algunos menús no funciona bién. Lo he solucionado con un tecado + ratón bluetooth. Se echa en falta algún USB más. Por lo demás el producto funciona perfecto.,4,other
Lo imaginaba más largo pero son muy bonitos,4,jewelry
"No recomendable,no tiene que ver nada el producto que ofertan con el de mi tablet,es incompatible totalmente.No se corresponde al modelo Spc 10.1.",2,wireless
"Hasta hora me ha resultado muy bien; para activarlo fue complicado porque en la web de Mcafee no aparecía ningún lugar para hacerlo, finalmente lo logré pero con mucho tiempo, veremos cuando haya que renovarlo.",4,pc
Producto fiel a las imágenes y auténtico,5,wireless
"Me ha gustado su sonido, son cómodos (aunque a mi se me tienden a caer si muevo mucho la cabeza, debo de tener las orejas pequeñas). Me gusta que el indicador led avise cuando se ha cargado, y que una vocecita - en inglés, eso sí... Estamos en España! - te avise cuando se encienden, cuando se apagan, cuando te alejas del móvil y se pierde la conexión bluetooth, y cuando se recupera la conexión. También los he probado para ver pelis en el ordenador. Se escucha bien, lo único que echo de menos es que se pudiera pausar la película desde los auriculares, al igual que pausas una canción cuando reproduces música desde el móvil. Contenta con la cajita que trae para guardarlos y protegerlos. Compré 2, uno para mi pareja y otro para mi, y estoy satisfecha, los recomiendo.",4,electronics
Es un GRAN ENGAÑO!! Pone que vienen varios trajes y realmente solo viene uno. Es una ESTAFA. Amazon debería controlar estos artículos y estos vendedores,1,toy
Lo mejor es el sistema que tiene de palanca por la rapidez con la que te permite poner y quitar la cámara en el trípode.,5,camera
Es muy cutre. Parece un trozo de cinta adhesiva negra sin mas y se despega. Muy descontenta con este producto.,1,home
La compré y la bateria duraba muy poco así que hice un cambio y hoy me ha llegado la nueva y si cabe aun le dura menos. Tiene una duración aproximada de 20 minutos por lo que si quiere usarla tiene que estar enchufada. Decepción por este tema.,1,wireless
"Es muy simple, no protege, solo sirve para transportar, parece plastico",2,luggage
"Ha durado poco y con poco uso, el sistema del enchufe es malo y no deja enchufar bien. No lo volvería a comprar",2,electronics
No suena muy bien. Se le tiene que dar muy fuerte y el bebé se aburre porque no suena si le da el.,2,toy
"A mi en particularmente,no me a servido.sigue ladrando los pomerania.se acostumbraron al pitido y eso no le hace nada.ahora voy a comprar uno que de descarga,a ver si da resultado,sino algún vecino me va a denunciar",3,pet_products
"Lo compré para un regalo y le ha gustado mucho, buen tamaño, con suficientes compartimentos para móvil, llaves, cartera, gafas....perfecto.",5,luggage
"El producto no está mal, aún no lo he probado por que ha entrado el buen tiempo.",3,sports
La verdad es que duro poco tiempo pegado,4,home_improvement
"Es un producto con un precio bastante bajo, por lo que no esperaba mucho respecto a la calidad de los materiales. No obstante, cumplen bien su función, ya que protegen del sol. Lo único malo es que las patillas vienen sueltas.",3,apparel
"Esta bastante bien aunque es algo incómodo de llevar, ya que molesta en la zona de la axilas, pero hace su función",3,drugstore
"Despues de leer las opiniones de algunos usuarios no estaba muy convencida de comprarla. Pero al final por el precio y por la confianza que da que sea gestionado por Amazon, decidí que lo intentaría y si me salia mal la devolvía. Tengo que decir que estoy gratamente sorprendida. La envasadora, cuenta en la parte de atrás, con una cuchilla para cortar el rollo a la medida que nosotros necesitemos. Por la parte de delante tenemos 3 botones. El botón de sellar (Rojo) el botón de cancelar (Gris) y el botón de hacer el vacío y sellar (Verde). La primera bolsa que hice, salio perfecta. La segunda, no me acababa de hacer el vacío nunca, y opte por cancelar el vacío, y sellar como estuviese. En esta bolsa me di cuenta que había puesto la parte rugosa de la bolsa de plástico hacia arriba (Digamos... que los alimentos se veían borrosos) . Entonces opte, por en la siguiente bolsa poner la parte rugosa hacia abajo, y la transparente hacia arriba, y sorpresa! Funciona! Así que toda la gente que dice que se quedaba mucho rato haciendo el vació, pero que al final no lo hacia creo que es por que ponían la parte rugosa hacia arriba, que es mas dura y dificulta la extracción de aire. Recomiendo que siempre que vayáis a hacer el vacío pongáis la parte transparente de la bolsa hacia arriba, la he usado 7 veces mas ( siempre la parte transparente hacia arriba) y en menos de 10s tenia la bolsa perfectamente al vacío y sellada. Por ahora, la recomiendo funciona perfectamente y guardada ocupa poco espacio . Espero os sea de ayuda. :)",4,kitchen
Muchísimo más pequeño de lo esperado,1,home
Pack bien presentado como se ve en las fotos las compre porque puse las cortas en LEDs y la combinación con las largas normales halógenos se veían amarillas ahora se ve bien y tienen un ángulo de visión largo de colocación muy fáciles solo se le quita la anilla se coloca en el faro y con los muelles listo. Muy contento con el resultado y el toque Moderno que le da al coche con las luces diurnas en LEDs.,5,automotive
La pulsera funcionaba perfectamente con el Moto g3. Al cambiar de teléfono no me funciona con el Redmi Note 5 Prime. Le pongo 1 sola estrella porque no la puedo utilizar..,1,sports
"El producto es bueno, la protección de la cadena es de cordura resistente y la ""U"" del candado viene recubierta de goma por si lo quisieses poner directamente en el disco. Me hubiese gustado que el primer y último eslabón, que no tienen protección, llevasen el mismo forrado de goma que el candado. Le quito una estrella porque la cerradura se atasca levemente en un 70% de las ocasiones y le quito otra estrella porque cuesta sacar y meter la ""U"" del candado, haciendo el día a día algo incómodo si tenemos en cuenta que suele estar a nivel de suelo.",3,automotive
"El helicóptero le ha tocado a mi sobrino, según me ha dicho: - Tiene mucho rango de RC y el Gyro es estable pero no utilizar con viento, puede influenciar en la velocidad y movimiento y acabar en desastre, usarlo en días normales o en interior. - Si es usa en interior, evitar usarlo cerca de pelo de perro que, si bien en principio no los va a tocar, ejerce aire sobre el suelo que levanta el pelo y se le puede enredar, mantener a una distancia de vuelo mínima.",5,toy
"Parece que graba bien pero la he devuelto porque no funciona el WiFi y le compré un cable OTG para conectarlo al móvil pero solo carga, no me deja transferir fotos ni videos.. Así de poco me sirve. No he visto ningún comentario parecido así que imagino que será mala suerte.",3,electronics
Muy buena calidad por el precio que tiene,5,home_improvement
"En cuanto a calidad, son unos auriculares muy normalitos, el sonido se escucha algo peor que ne otros que he probado, y el micro es un punto débil ya que la otra persona te escucha muy lejos. Le doy las 4 estrellas por el precio que tienen (10€ dos pares)",4,wireless
Devolucion por no ser como esperaba. Muy sencilla,1,lawn_and_garden
"Mew está bien hecho, pero me parece bastante caro para el tamaño que tiene.",2,home
"Se lee bien, pero no me terminar de llegar. La parte final no me gusto. Aún así, para entretenerse sirve.",3,digital_ebook_purchase
Necesito instrucciones o un enlace para poderlo funcionar .,4,industrial_supplies
"Película mala donde las haya ,gastarse más de 10€ en esto es una estafa Película mala ,argumento malo Personajes que sobran La típica tía buena que no aporta nada",1,other
